1,V,Bs,n,Pdyn,Dst_star,V^2,Bs^2,n^2,V*Bs,n*V,n*Bs,Pdyn*Bs,n*V*Bs,n*V^2,sin(θ_c/2),sin²(θ_c/2),sin⁴(θ_c/2),sin^(8/3)(θ_c/2),V*sin²(θ_c/2),Newell_d_Φ
-0.1707179442928654,0.0006711547526822715,-0.7605333671819436,0.020083660955525225,0.0006335885031765096,-0.04893833231521012,-5.460663466846658e-7,0.0,0.0,0.0,0.0004863968735053062,0.0029803664113002126,-0.019069035270568694,-1.2979498349293458e-5,-1.5640136541329735e-6,8.383598558204989,-45.26506309944473,-11.017783767529277,49.07814763266865,0.0,1.7553028542514203e-6
-0.1707179442928654,0.0006711547526822715,-0.7731348699475067,0.020083660955525225,0.0006335885031765096,-0.048134808842082225,-5.460663466846658e-7,0.0,0.0,0.0,0.00046600140015459204,0.0029803664113002126,-0.019069035270568694,-1.2979498349293458e-5,-1.5228760302309136e-6,9.287271454930949,-50.454169194114655,-12.852448919755377,55.257127223484524,0.0,1.7553028542514203e-6
-0.1707179442928654,0.0006711547526822715,-0.5653995780191938,0.020083660955525225,0.0006335885031765096,-0.04657224189858981,-5.460663466846658e-7,0.0,0.0,0.0,0.0003701728954835098,0.04816533080847186,0.037322494513895826,-0.00019023547212595365,-1.1506366326119734e-6,6.305080045256117,-38.01155329005252,-10.41035911964256,42.71282041372048,0.0,1.7553028542514203e-6
1.2438577271438742,-0.004918954979334386,-0.5804846513863563,-0.1667060049670698,0.0006335885031765096,-0.04704380190001305,3.969348306001515e-6,0.0,0.0,0.0,0.0011194723212386497,0.051173674763653025,0.05169840076309576,-0.00020748491888475832,-1.8475432197009414e-6,8.35531603135709,-46.799925893288936,-12.785402710480156,52.02922747656768,0.0,1.7553028542514203e-6
-0.1707179442928654,0.0006711547526822715,-0.7628144986629529,0.020083660955525225,0.0006335885031765096,-0.04960201396605541,-5.460663466846658e-7,0.0,0.0,0.0,0.0004820264504247179,0.0029803664113002126,-0.019069035270568694,-1.2979498349293458e-5,-1.5456733966601416e-6,9.17973758597695,-51.4108166400848,-13.737666704650637,57.0784070914978,0.0,1.7553028542514203e-6
-0.1707179442928654,0.0006711547526822715,-0.5539253112539847,0.020083660955525225,0.0006335885031765096,-0.04735269849904071,-5.460663466846658e-7,0.0,0.0,0.0,0.00040749037384252014,0.053523677221901746,0.0516511734074654,-0.00021719251372711,-1.227877738921119e-6,6.09276076863306,-36.71262271076062,-9.783113602723343,40.98623737766324,0.0,1.7553028542514203e-6
-0.1707179442928654,0.0006711547526822715,-0.7802836193944317,0.020083660955525225,0.0006335885031765096,-0.04868721479238254,-5.460663466846658e-7,0.0,0.0,0.0,0.00046701141192409523,0.0029803664113002126,-0.019069035270568694,-1.2979498349293458e-5,-1.499045291492802e-6,8.940038390967121,-48.93942729732973,-12.123002433067992,53.37434718852203,0.0,1.7553028542514203e-6
-0.1707179442928654,0.0006711547526822715,0.1303500067038108,0.020083660955525225,0.0006335885031765096,-0.04534864526367622,-5.460663466846658e-7,0.0,0.0,0.0,0.0001459795120807093,0.0029803664113002126,-0.019069035270568694,-7.736046677116002e-5,-5.36390309870785e-7,2.305943041719898,-19.32713396422285,-11.981022196879264,29.1702777979706,0.0,-0.00026742222910774446
1.2862077789295896,-0.00465370183018209,-0.5498442806446805,-0.17463761771191336,0.0006335885031765096,-0.047446575864478334,3.7478385111879862e-6,0.0,0.0,0.0,0.0011331090385980043,0.053027111764119776,0.05017050711744174,-0.0002158770705824925,-1.8280525124172313e-6,5.756901472136224,-33.09695037742068,-7.953395992559537,35.95609396438678,0.0,1.7553028542514203e-6
-0.1707179442928654,0.0006711547526822715,-0.5424273974827846,0.020083660955525225,0.0006335885031765096,-0.04613537595252242,-5.460663466846658e-7,0.0,0.0,0.0,0.00039298601045048185,0.05191800715934876,0.05787078472096417,-0.00021899509622731576,-1.1701849581269591e-6,6.125190328492851,-37.73797382330368,-10.439976102824167,42.61722605560383,0.0,1.7553028542514203e-6
-0.1707179442928654,0.0006711547526822715,-0.753768094592144,0.020083660955525225,0.0006335885031765096,-0.047398386057636396,-5.460663466846658e-7,0.0,0.0,0.0,0.00044259089100507883,0.0029803664113002126,-0.019069035270568694,-1.2979498349293458e-5,-1.4584704243457554e-6,9.021584883496734,-48.541130366645035,-12.12827601465064,52.83622117694071,0.0,1.7553028542514203e-6
1.1901137652865936,-0.00468495465424998,-0.5416925962478802,-0.14531444980500166,0.0006335885031765096,-0.04706046201549776,3.845429416437763e-6,0.0,0.0,0.0,0.001025115156941754,0.05327851535103739,0.05484446188794609,-0.0002196694357867135,-1.7498530051546359e-6,8.150262207927305,-46.34591006737611,-13.013937056041913,51.848968817924494,0.0,1.7553028542514203e-6
-0.1707179442928654,0.0006711547526822715,-0.76346687943769,0.020083660955525225,0.0006335885031765096,-0.04917071112542869,-5.460663466846658e-7,0.0,0.0,0.0,0.00048798849729276563,0.0029803664113002126,-0.019069035270568694,-1.2979498349293458e-5,-1.5391316201691518e-6,8.414982368315181,-46.66299426027309,-11.914490941154444,51.29039962692892,0.0,1.7553028542514203e-6
-0.1707179442928654,0.0006711547526822715,-0.7666121033981067,0.020083660955525225,0.0006335885031765096,-0.047704851287306366,-5.460663466846658e-7,0.0,0.0,0.0,0.00045929241959818197,0.0029803664113002126,-0.019069035270568694,-1.2979498349293458e-5,-1.5027885970386466e-6,9.416720421358821,-51.799782268878815,-13.61672268072829,57.19553125175677,0.0,1.7553028542514203e-6
-0.1707179442928654,0.0006711547526822715,-0.7524133252946245,0.020083660955525225,0.0006335885031765096,-0.04877383358522634,-5.460663466846658e-7,0.0,0.0,0.0,0.0004579557072738336,0.0029803664113002126,-0.019069035270568694,-1.2979498349293458e-5,-1.4852817074576604e-6,8.413620320620735,-45.92937208208631,-11.538887101242427,50.12448229069606,0.0,1.7553028542514203e-6
-0.1707179442928654,0.0006711547526822715,-0.7650055546765817,0.020083660955525225,0.0006335885031765096,-0.04844262431365231,-5.460663466846658e-7,0.0,0.0,0.0,0.0004884771713699842,0.0029803664113002126,-0.019069035270568694,-1.2979498349293458e-5,-1.5586944539308883e-6,9.208716359364495,-50.849325980455035,-13.079412828976393,55.91735221909574,0.0,1.7553028542514203e-6
1.3248768650842022,-0.004862687912566732,-0.5517396944287085,-0.15236172438135065,0.0006335885031765096,-0.0474422518294492,3.8804875904260055e-6,0.0,0.0,0.0,0.0010396383245852943,0.051731417531777873,0.055196338018920765,-0.00021380890405169354,-1.7488143904343587e-6,6.602960141105118,-37.66238923769571,-9.771709247659485,41.444487180308265,0.0,1.7553028542514203e-6
1.2948445526367252,-0.005149886539587531,-0.546874693484083,-0.14047053577724336,0.0006335885031765096,-0.048015968236074395,4.300184223373704e-6,0.0,0.0,0.0,0.0010290945235232386,0.05189175604283464,0.05728492458107666,-0.0002178757290122446,-1.7827279072922524e-6,7.420375451602357,-41.801512497155116,-11.387078773817027,46.388736403441214,0.0,1.7553028542514203e-6
-0.1707179442928654,0.0006711547526822715,-0.5651433301530786,0.020083660955525225,0.0006335885031765096,-0.047761843730254216,-5.460663466846658e-7,0.0,0.0,0.0,0.0004048548981324526,0.04277948636032579,0.03697805082287885,-0.0001780260055755253,-1.2245195306920469e-6,6.605412125726332,-40.5531776955138,-11.548567016613791,46.02971372385265,0.0,1.7553028542514203e-6
-0.1707179442928654,0.0006711547526822715,-0.5570133260867335,0.020083660955525225,0.0006335885031765096,-0.04689618806331848,-5.460663466846658e-7,0.0,0.0,0.0,0.0003724719982732313,0.0455312180845153,0.0366502936289604,-0.00018585118810117952,-1.1613790226727836e-6,6.488647701517904,-39.04131306116556,-10.836763721529254,43.956155709631005,0.0,1.7553028542514203e-6
-0.1707179442928654,0.0006711547526822715,-0.7702531424899648,0.020083660955525225,0.0006335885031765096,-0.04826544129232383,-5.460663466846658e-7,0.0,0.0,0.0,0.0004896713121361177,0.0029803664113002126,-0.019069035270568694,-1.2979498349293458e-5,-1.5578225372587544e-6,9.202268694202413,-50.392705578331565,-12.908609049648355,55.2958293373645,0.0,1.7553028542514203e-6
-0.1707179442928654,0.0006711547526822715,-0.7556864059665533,0.020083660955525225,0.0006335885031765096,-0.047149439177996744,-5.460663466846658e-7,0.0,0.0,0.0,0.0004485323951058895,0.0029803664113002126,-0.019069035270568694,-1.2979498349293458e-5,-1.4567680822582409e-6,9.303438714322485,-50.46427866144259,-12.763999601676362,55.092769663817016,0.0,1.7553028542514203e-6
-0.1707179442928654,0.0006711547526822715,-0.7849440150746739,0.020083660955525225,0.0006335885031765096,-0.0478830985394442,-5.460663466846658e-7,0.0,0.0,0.0,0.00045244374583928374,0.0029803664113002126,-0.019069035270568694,-1.2979498349293458e-5,-1.472806419253123e-6,8.97990150701333,-49.144222283635564,-12.292939758821355,53.73767184898564,0.0,1.7553028542514203e-6
-0.1707179442928654,0.0006711547526822715,-0.7543414375765292,0.020083660955525225,0.0006335885031765096,-0.048162628277981664,-5.460663466846658e-7,0.0,0.0,0.0,0.0004386980183434583,0.0029803664113002126,-0.019069035270568694,-1.2979498349293458e-5,-1.4474062976125848e-6,8.876684961087342,-48.33801337680901,-12.213117902804274,52.81623786229991,0.0,1.7553028542514203e-6
-0.1707179442928654,0.0006711547526822715,-0.7742229730194646,0.020083660955525225,0.0006335885031765096,-0.04863899692842006,-5.460663466846658e-7,0.0,0.0,0.0,0.00046076839896828665,0.0029803664113002126,-0.019069035270568694,-1.2979498349293458e-5,-1.484458548834535e-6,8.431693042928462,-46.42542412209024,-11.621273991156917,50.81700550127758,0.0,1.7553028542514203e-6
-0.1707179442928654,0.0006711547526822715,-0.7705272935339678,0.020083660955525225,0.0006335885031765096,-0.04857585045835447,-5.460663466846658e-7,0.0,0.0,0.0,0.00045035006950787176,0.0029803664113002126,-0.019069035270568694,-1.2979498349293458e-5,-1.4662237300334239e-6,9.000459045210414,-49.41445765473711,-12.432716421214572,54.04579976306331,0.0,1.7553028542514203e-6
-0.1707179442928654,0.0006711547526822715,-0.7698833810638346,0.020083660955525225,0.0006335885031765096,-0.04799649959626667,-5.460663466846658e-7,0.0,0.0,0.0,0.00046227677979500295,0.0029803664113002126,-0.019069035270568694,-1.2979498349293458e-5,-1.4892749333131154e-6,9.241933103572846,-50.47846838119631,-12.831425035582244,55.26680186893403,0.0,1.7553028542514203e-6
-0.1707179442928654,0.0006711547526822715,-0.7615932004278936,0.020083660955525225,0.0006335885031765096,-0.04841685703889234,-5.460663466846658e-7,0.0,0.0,0.0,0.00046807090470286667,0.0029803664113002126,-0.019069035270568694,-1.2979498349293458e-5,-1.5348617540520731e-6,9.33704301428951,-50.907717340855605,-13.174967955000218,55.91564714409268,0.0,1.7553028542514203e-6
-0.1707179442928654,0.0006711547526822715,-0.766246515418007,0.020083660955525225,0.0006335885031765096,-0.04732314331341329,-5.460663466846658e-7,0.0,0.0,0.0,0.00044795448590385857,0.0029803664113002126,-0.019069035270568694,-1.2979498349293458e-5,-1.457845536838359e-6,9.19950215223136,-50.3595769053169,-12.869380523849662,55.22907036242905,0.0,1.7553028542514203e-6
-0.1707179442928654,0.0006711547526822715,-0.563144517545086,0.020083660955525225,0.0006335885031765096,-0.047083303771271734,-5.460663466846658e-7,0.0,0.0,0.0,0.0003799177440284208,0.0497556840634835,0.04327910710138366,-0.00020014187689954837,-1.160935042671693e-6,6.27335892486713,-37.912697760723965,-10.301335619316403,42.5249068593041,0.0,1.7553028542514203e-6
-0.1707179442928654,0.0006711547526822715,-0.765532947716324,0.020083660955525225,0.0006335885031765096,-0.04824948592616358,-5.460663466846658e-7,0.0,0.0,0.0,0.0004683406006196017,0.0029803664113002126,-0.019069035270568694,-1.2979498349293458e-5,-1.5210926972254004e-6,9.363571397668087,-50.936435653023565,-12.872413007218828,55.656238142204735,0.0,1.7553028542514203e-6
-0.1707179442928654,0.0006711547526822715,-0.7521982108146068,0.020083660955525225,0.0006335885031765096,-0.047932121821009525,-5.460663466846658e-7,0.0,0.0,0.0,0.00048254103583322686,0.0029803664113002126,-0.019069035270568694,-1.2979498349293458e-5,-1.5473487313905252e-6,9.571848660292353,-51.441573890182006,-12.92266010304688,55.9367330044083,0.0,1.7553028542514203e-6
-0.1707179442928654,0.0006711547526822715,-0.5587741899230135,0.020083660955525225,0.0006335885031765096,-0.0469083911694837,-5.460663466846658e-7,0.0,0.0,0.0,0.0003805805910144231,0.0502053018033669,0.04585065280608812,-0.00020191515713122174,-1.1764812401820649e-6,6.536682833641278,-39.062541003165755,-10.685150868082507,43.7522982121874,0.0,1.7553028542514203e-6
-0.1707179442928654,0.0006711547526822715,-0.5548222272214113,0.020083660955525225,0.0006335885031765096,-0.04645129559060639,-5.460663466846658e-7,0.0,0.0,0.0,0.0003519518303540213,0.05174261191026258,0.04731088575601505,-0.00020874368836783195,-1.0920765276527812e-6,6.056471869920744,-36.114698469524164,-9.500985490241675,40.12944348233433,0.0,1.7553028542514203e-6
-0.1707179442928654,0.0006711547526822715,-0.7539434728609913,0.020083660955525225,0.0006335885031765096,-0.048879440336386165,-5.460663466846658e-7,0.0,0.0,0.0,0.00047361179168966215,0.0029803664113002126,-0.019069035270568694,-1.2979498349293458e-5,-1.523595010290771e-6,8.3531774343209,-45.06878727130108,-11.080449440514556,48.899974262652314,0.0,1.7553028542514203e-6
-0.1707179442928654,0.0006711547526822715,-0.7782901129981952,0.020083660955525225,0.0006335885031765096,-0.048672482589450436,-5.460663466846658e-7,0.0,0.0,0.0,0.0004903817024798059,0.0029803664113002126,-0.019069035270568694,-1.2979498349293458e-5,-1.5603477673098492e-6,9.0402717257612,-50.36074376498301,-13.046874718912614,55.605043939486414,0.0,1.7553028542514203e-6
-0.1707179442928654,0.0006711547526822715,-0.7608441011429568,0.020083660955525225,0.0006335885031765096,-0.04817642426346629,-5.460663466846658e-7,0.0,0.0,0.0,0.0004600713804995426,0.0029803664113002126,-0.019069035270568694,-1.2979498349293458e-5,-1.475589391437967e-6,9.274240190613142,-52.12223889879289,-13.970715206444789,57.934739757696654,0.0,1.7553028542514203e-6
-0.1707179442928654,0.0006711547526822715,-0.558433566124342,0.020083660955525225,0.0006335885031765096,-0.04661514224582883,-5.460663466846658e-7,0.0,0.0,0.0,0.00039500424596406695,0.04423118684807496,0.043387732374501706,-0.00018688951562981842,-1.1998448482627744e-6,6.292599285005853,-38.10653862399153,-10.575231746638599,42.94702016804168,0.0,1.7553028542514203e-6
-0.1707179442928654,0.0006711547526822715,-0.777603785319751,0.020083660955525225,0.0006335885031765096,-0.0486144477493616,-5.460663466846658e-7,0.0,0.0,0.0,0.00048423752963154575,0.0029803664113002126,-0.019069035270568694,-1.2979498349293458e-5,-1.548780346519978e-6,9.012159454760893,-49.64575133809849,-12.59030990849572,54.472289005440906,0.0,1.7553028542514203e-6
1.3769387738160006,-0.0053786172007114115,-0.5636582674297465,-0.1308033933211662,0.0006335885031765096,-0.04771134483933342,4.4074673349842235e-6,0.0,0.0,0.0,0.0009432781123235276,0.04978295423466335,0.04207073850758436,-0.00019911335287275736,-1.6544991443087266e-6,8.03987190505696,-45.74712886431326,-12.696400911083492,51.11991605487323,0.0,1.7553028542514203e-6
1.192133916475933,-0.004547567284252537,-0.5631194672086044,-0.1316192775752321,0.0006335885031765096,-0.0473118410819746,3.663746743113236e-6,0.0,0.0,0.0,0.0009748197557182188,0.04824477431471543,0.045850742433362665,-0.00019780561705396886,-1.7228232635717378e-6,8.06362842351225,-45.64800299904984,-12.495911155887468,50.785121047482235,0.0,1.7553028542514203e-6
-0.1707179442928654,0.0006711547526822715,-0.7686054464483691,0.020083660955525225,0.0006335885031765096,-0.048713438901351276,-5.460663466846658e-7,0.0,0.0,0.0,0.00047909086309713136,0.0029803664113002126,-0.019069035270568694,-1.2979498349293458e-5,-1.5352140050049297e-6,9.165578517361887,-50.77017936663219,-13.210241559025851,55.97388072589144,0.0,1.7553028542514203e-6
-0.1707179442928654,0.0006711547526822715,-0.5637857746005629,0.020083660955525225,0.0006335885031765096,-0.04704223921572499,-5.460663466846658e-7,0.0,0.0,0.0,0.0003865528664589443,0.044017093214569876,0.03718949425187257,-0.0001806197327683297,-1.178729782157628e-6,6.084228878456809,-36.77851208163744,-10.013739886064922,41.26162616690447,0.0,1.7553028542514203e-6
-0.1707179442928654,0.0006711547526822715,-0.7670985820500326,0.020083660955525225,0.0006335885031765096,-0.04836545088062772,-5.460663466846658e-7,0.0,0.0,0.0,0.00044631361205867896,0.0029803664113002126,-0.019069035270568694,-1.2979498349293458e-5,-1.4585096902924706e-6,8.55313443872497,-46.787472847932555,-11.628549515556504,51.05143337720412,0.0,1.7553028542514203e-6
-0.1707179442928654,0.0006711547526822715,-0.75990055326694,0.020083660955525225,0.0006335885031765096,-0.04772935921463574,-5.460663466846658e-7,0.0,0.0,0.0,0.0004705246034662912,0.0029803664113002126,-0.019069035270568694,-1.2979498349293458e-5,-1.5376200303853351e-6,8.525026276191515,-45.34770867443888,-10.853718022803871,48.91740743070693,0.0,1.7553028542514203e-6
-0.1707179442928654,0.0006711547526822715,-0.7554436164291292,0.020083660955525225,0.0006335885031765096,-0.04858576706085789,-5.460663466846658e-7,0.0,0.0,0.0,0.00046760348264119635,0.0029803664113002126,-0.019069035270568694,-1.2979498349293458e-5,-1.5170584957770083e-6,8.907288614091263,-48.80030134727702,-12.542969690479834,53.563877006929104,0.0,1.7553028542514203e-6
-0.1707179442928654,0.0006711547526822715,-0.7447927782461261,0.020083660955525225,0.0006335885031765096,-0.04844117786192192,-5.460663466846658e-7,0.0,0.0,0.0,0.0004587908437179689,0.0029803664113002126,-0.019069035270568694,-1.2979498349293458e-5,-1.4821847387540104e-6,8.986247222890094,-50.06734048407788,-13.230319751203561,55.38018051298803,0.0,1.7553028542514203e-6
-0.1707179442928654,0.0006711547526822715,-0.5595899054865494,0.020083660955525225,0.0006335885031765096,-0.046230815603828565,-5.460663466846658e-7,0.0,0.0,0.0,0.0004011497538815204,0.044366859916973894,0.03604647298772193,-0.0001819872014667172,-1.2166724148740004e-6,6.268591661739482,-37.630679508181764,-10.344140994629203,42.29144800844609,0.0,1.7553028542514203e-6
-0.1707179442928654,0.0006711547526822715,-0.7695358016893479,0.020083660955525225,0.0006335885031765096,-0.04866963891271524,-5.460663466846658e-7,0.0,0.0,0.0,0.0004915868110856435,0.0029803664113002126,-0.019069035270568694,-1.2979498349293458e-5,-1.575072958485694e-6,8.599930072071917,-47.1021791703403,-11.909109506146363,51.61638072643703,0.0,1.7553028542514203e-6
-0.1707179442928654,0.0006711547526822715,-0.7607435319509351,0.020083660955525225,0.0006335885031765096,-0.04795727097137186,-5.460663466846658e-7,0.0,0.0,0.0,0.00047264909436853404,0.0029803664113002126,-0.019069035270568694,-1.2979498349293458e-5,-1.509228859263277e-6,8.700596234284284,-47.681920706413905,-12.07627850976956,52.227389132167055,0.0,1.7553028542514203e-6
-0.1707179442928654,0.0006711547526822715,-0.7659276482392989,0.020083660955525225,0.0006335885031765096,-0.047666744386173715,-5.460663466846658e-7,0.0,0.0,0.0,0.0004631148304488229,0.0029803664113002126,-0.019069035270568694,-1.2979498349293458e-5,-1.5093271014401486e-6,9.969206274674038,-54.678879987068086,-14.401939408103052,60.309620563054345,0.0,1.7553028542514203e-6
-0.1707179442928654,0.0006711547526822715,-0.7788058240301327,0.020083660955525225,0.0006335885031765096,-0.04825716833005339,-5.460663466846658e-7,0.0,0.0,0.0,0.000492505709674556,0.0029803664113002126,-0.019069035270568694,-1.2979498349293458e-5,-1.5612845165781035e-6,9.130492375822534,-49.923103394538664,-12.434497860359384,54.49289551904592,0.0,1.7553028542514203e-6
-0.1707179442928654,0.0006711547526822715,-0.7681922591357895,0.020083660955525225,0.0006335885031765096,-0.048628889380396695,-5.460663466846658e-7,0.0,0.0,0.0,0.0004978105664254996,0.0029803664113002126,-0.019069035270568694,-1.2979498349293458e-5,-1.5853571996997786e-6,9.357708763994816,-51.3997216315829,-13.187445617542787,56.42077759621643,0.0,1.7553028542514203e-6
-0.1707179442928654,0.0006711547526822715,-0.7691053898314277,0.020083660955525225,0.0006335885031765096,-0.046741691753225,-5.460663466846658e-7,0.0,0.0,0.0,0.0004506165064420279,0.0029803664113002126,-0.019069035270568694,-1.2979498349293458e-5,-1.4749338453829787e-6,9.290745349128178,-49.94847864938504,-12.497187715798352,54.41451350604071,0.0,1.7553028542514203e-6
-0.1707179442928654,0.0006711547526822715,-0.7555444427880569,0.020083660955525225,0.0006335885031765096,-0.04769172491574046,-5.460663466846658e-7,0.0,0.0,0.0,0.0004472864504354953,0.0029803664113002126,-0.019069035270568694,-1.2979498349293458e-5,-1.4622154811998603e-6,8.845370075762494,-48.04385430138766,-12.118132437369374,52.47854609575046,0.0,1.7553028542514203e-6
-0.1707179442928654,0.0006711547526822715,-0.7766419643232728,0.020083660955525225,0.0006335885031765096,-0.04828011043066263,-5.460663466846658e-7,0.0,0.0,0.0,0.00046589593433863166,0.0029803664113002126,-0.019069035270568694,-1.2979498349293458e-5,-1.5055962456568106e-6,8.99233866010054,-50.13689208164332,-13.21966275334738,55.57816832752258,0.0,1.7553028542514203e-6
1.7557797717589314,-0.006625320602060284,-0.5588502389560208,-0.17659191782237182,0.0006335885031765096,-0.04889132614744357,5.442473272061509e-6,0.0,0.0,0.0,0.001146631530510393,0.0467567267540139,0.037354461138611614,-0.00018885738213635195,-1.8645497988171474e-6,6.752372779060057,-39.03967822380655,-10.45181847524559,43.378585574876446,0.0,1.7553028542514203e-6
-0.1707179442928654,0.0006711547526822715,-0.5623955828408121,0.020083660955525225,0.0006335885031765096,-0.04700632748281416,-5.460663466846658e-7,0.0,0.0,0.0,0.0004106041535269523,0.05308371390810534,0.05612592529348505,-0.00021712836008834743,-1.2315796298175574e-6,6.365507527976165,-38.487559304115294,-10.48284191979785,43.212503020427576,0.0,1.7553028542514203e-6
-0.1707179442928654,0.0006711547526822715,-0.756515281802065,0.020083660955525225,0.0006335885031765096,-0.04841900725222768,-5.460663466846658e-7,0.0,0.0,0.0,0.00046590666054815977,0.0029803664113002126,-0.019069035270568694,-1.2979498349293458e-5,-1.5050024543997091e-6,9.582218155745156,-52.6639699777397,-13.787373139488498,57.97212250940701,0.0,1.7553028542514203e-6
-0.1707179442928654,0.0006711547526822715,-0.7690940925674816,0.020083660955525225,0.0006335885031765096,-0.048552837358388765,-5.460663466846658e-7,0.0,0.0,0.0,0.00047479351506453057,0.0029803664113002126,-0.019069035270568694,-1.2979498349293458e-5,-1.531038101915812e-6,9.516618257140012,-51.93561839304976,-13.219041799087517,56.84607602940773,0.0,1.7553028542514203e-6
-0.1707179442928654,0.0006711547526822715,-0.7604014716370899,0.020083660955525225,0.0006335885031765096,-0.04772876367797743,-5.460663466846658e-7,0.0,0.0,0.0,0.0004811929109296313,0.0029803664113002126,-0.019069035270568694,-1.2979498349293458e-5,-1.5405744788199256e-6,9.41255213542881,-51.326716191324934,-13.17176833012197,56.25324313182936,0.0,1.7553028542514203e-6
-0.1707179442928654,0.0006711547526822715,-0.7611188606935522,0.020083660955525225,0.0006335885031765096,-0.047538374025682284,-5.460663466846658e-7,0.0,0.0,0.0,0.0004740851554181591,0.0029803664113002126,-0.019069035270568694,-1.2979498349293458e-5,-1.53249660148929e-6,9.496079689471555,-52.01415859561688,-13.584836793232949,57.30746387988973,0.0,1.7553028542514203e-6
-0.1707179442928654,0.0006711547526822715,-0.7769376168302645,0.020083660955525225,0.0006335885031765096,-0.04782056015962689,-5.460663466846658e-7,0.0,0.0,0.0,0.00045843997447764034,0.0029803664113002126,-0.019069035270568694,-1.2979498349293458e-5,-1.4843482484379457e-6,8.38977796803148,-45.244523369827185,-10.714685841913315,48.8559853349745,0.0,1.7553028542514203e-6
-0.1707179442928654,0.0006711547526822715,-0.7666261760664282,0.020083660955525225,0.0006335885031765096,-0.04797282077848418,-5.460663466846658e-7,0.0,0.0,0.0,0.00044911320328287036,0.0029803664113002126,-0.019069035270568694,-1.2979498349293458e-5,-1.4624403074348898e-6,9.16172780075916,-50.569454395367636,-13.058464032251939,55.6545058453821,0.0,1.7553028542514203e-6
1.646484722293704,-0.006634666015278823,-0.542526904873389,-0.1538919622414104,0.0006335885031765096,-0.04786692582355033,5.811575538527107e-6,0.0,0.0,0.0,0.0010772015137849073,0.05248319923971197,0.046985783873820214,-0.00021253291698600555,-1.8089799136157252e-6,7.893215958931366,-45.80643059061185,-13.099348240467664,51.622229529331584,0.0,1.7553028542514203e-6
-0.1707179442928654,0.0006711547526822715,-0.7642842757464511,0.020083660955525225,0.0006335885031765096,-0.05012549213223053,-5.460663466846658e-7,0.0,0.0,0.0,0.0004711589964247091,0.0029803664113002126,-0.019069035270568694,-1.2979498349293458e-5,-1.5116834513431102e-6,8.838634645030714,-50.043743810859304,-13.2717675184447,55.57696434251117,0.0,1.7553028542514203e-6
-0.1707179442928654,0.0006711547526822715,-0.7805973451227568,0.020083660955525225,0.0006335885031765096,-0.04794611993906106,-5.460663466846658e-7,0.0,0.0,0.0,0.0004698470630217365,0.0029803664113002126,-0.019069035270568694,-1.2979498349293458e-5,-1.5138600401670926e-6,8.895958857799943,-47.880921288052946,-11.588424969203261,51.87054987371281,0.0,1.7553028542514203e-6
-0.1707179442928654,0.0006711547526822715,-0.7744009865823571,0.020083660955525225,0.0006335885031765096,-0.04936173917460896,-5.460663466846658e-7,0.0,0.0,0.0,0.0004941054167525229,0.0029803664113002126,-0.019069035270568694,-1.2979498349293458e-5,-1.5923211122974527e-6,9.077253728722518,-49.36213806767729,-12.241677017922958,53.76438587275455,0.0,1.7553028542514203e-6
-0.1707179442928654,0.0006711547526822715,-0.5444298694879609,0.020083660955525225,0.0006335885031765096,-0.046620588586676906,-5.460663466846658e-7,0.0,0.0,0.0,0.0003770017911489212,0.04918880799799624,0.0429887104897612,-0.00019974875922336029,-1.139656178126437e-6,5.866556087852745,-36.65099063904623,-10.566446040903479,41.81075474751905,0.0,1.7553028542514203e-6
-0.1707179442928654,0.0006711547526822715,-0.78604442005324,0.020083660955525225,0.0006335885031765096,-0.049237278575832044,-5.460663466846658e-7,0.0,0.0,0.0,0.0004994391188004632,0.0029803664113002126,-0.019069035270568694,-1.2979498349293458e-5,-1.5808294331456906e-6,8.727709372189745,-48.49113003074906,-12.23094871012452,53.24865324859528,0.0,1.7553028542514203e-6
-0.1707179442928654,0.0006711547526822715,-0.7493108454656994,0.020083660955525225,0.0006335885031765096,-0.047235385281830425,-5.460663466846658e-7,0.0,0.0,0.0,0.0004523981519619994,0.0029803664113002126,-0.019069035270568694,-1.2979498349293458e-5,-1.4875157432616942e-6,9.478644993853544,-51.323935855053215,-13.219375651482624,56.21894252065183,0.0,1.7553028542514203e-6
-0.1707179442928654,0.0006711547526822715,-0.7516369014431429,0.020083660955525225,0.0006335885031765096,-0.047694406627419327,-5.460663466846658e-7,0.0,0.0,0.0,0.0004442015345273551,0.0029803664113002126,-0.019069035270568694,-1.2979498349293458e-5,-1.4595065284892476e-6,9.007357556233567,-48.73123946871167,-12.317612354986577,53.173011047888544,0.0,1.7553028542514203e-6
-0.1707179442928654,0.0006711547526822715,-0.7637735331910409,0.020083660955525225,0.0006335885031765096,-0.04878530271691785,-5.460663466846658e-7,0.0,0.0,0.0,0.0004725678982308929,0.0029803664113002126,-0.019069035270568694,-1.2979498349293458e-5,-1.5410119093440172e-6,9.235472944963178,-50.79587749518194,-13.115437158133409,55.84924433952305,0.0,1.7553028542514203e-6
-0.1707179442928654,0.0006711547526822715,-0.7616997861444575,0.020083660955525225,0.0006335885031765096,-0.04811814257356106,-5.460663466846658e-7,0.0,0.0,0.0,0.0004670976830013721,0.0029803664113002126,-0.019069035270568694,-1.2979498349293458e-5,-1.511689935236402e-6,9.014145075296515,-48.93423404329896,-12.381998158137442,53.487816095896164,0.0,1.7553028542514203e-6
-0.1707179442928654,0.0006711547526822715,-0.7572859462129004,0.020083660955525225,0.0006335885031765096,-0.04772636441148031,-5.460663466846658e-7,0.0,0.0,0.0,0.00045233935090382754,0.0029803664113002126,-0.019069035270568694,-1.2979498349293458e-5,-1.4620347066315588e-6,8.67791058968726,-47.66929080227268,-12.177976488657121,52.29408013440919,0.0,1.7553028542514203e-6
-0.1707179442928654,0.0006711547526822715,-0.7676254539419713,0.020083660955525225,0.0006335885031765096,-0.048588787482337775,-5.460663466846658e-7,0.0,0.0,0.0,0.0004764650693225472,0.0029803664113002126,-0.019069035270568694,-1.2979498349293458e-5,-1.5259521580072205e-6,8.677791846297527,-47.21613146512851,-11.612779848592277,51.33035962065769,0.0,1.7553028542514203e-6
-0.1707179442928654,0.0006711547526822715,-0.7637918895168778,0.020083660955525225,0.0006335885031765096,-0.04762467806239228,-5.460663466846658e-7,0.0,0.0,0.0,0.0004640399071867906,0.0029803664113002126,-0.019069035270568694,-1.2979498349293458e-5,-1.5138435528026567e-6,9.263322136316694,-50.53204497175713,-12.934517328629116,55.414336458305364,0.0,1.7553028542514203e-6
-0.1707179442928654,0.0006711547526822715,-0.5612651511669473,0.020083660955525225,0.0006335885031765096,-0.0471543512762859,-5.460663466846658e-7,0.0,0.0,0.0,0.0004075932590092146,0.04347353442776941,0.03634063613085245,-0.0001798892745047084,-1.2296167551314673e-6,6.29938074773556,-38.34004889597063,-10.650485808262065,43.268611403109325,0.0,1.7553028542514203e-6
-0.1707179442928654,0.0006711547526822715,-0.747877546033295,0.020083660955525225,0.0006335885031765096,-0.04780646795916183,-5.460663466846658e-7,0.0,0.0,0.0,0.00044469731221785636,0.0029803664113002126,-0.019069035270568694,-1.2979498349293458e-5,-1.4603054248890187e-6,8.733856905203558,-47.92202982375765,-12.393131558779407,52.67921344767949,0.0,1.7553028542514203e-6
-0.1707179442928654,0.0006711547526822715,-0.7677125746475627,0.020083660955525225,0.0006335885031765096,-0.04909462532397338,-5.460663466846658e-7,0.0,0.0,0.0,0.0004863363487299197,0.0029803664113002126,-0.019069035270568694,-1.2979498349293458e-5,-1.5360556121899847e-6,8.682545621070787,-48.42013948936095,-12.34280265448605,53.244005099615336,0.0,1.7553028542514203e-6
-0.1707179442928654,0.0006711547526822715,-0.5462564303459748,0.020083660955525225,0.0006335885031765096,-0.04719235190070236,-5.460663466846658e-7,0.0,0.0,0.0,0.0003710464706256492,0.04614249922317662,0.03983370451853817,-0.0001910813652329786,-1.1412495461879718e-6,5.9221770680842525,-36.509047865676415,-10.142374620877684,41.2377994540406,0.0,1.7553028542514203e-6
1.1674692132846605,-0.004392198721990194,-0.5573349583993582,-0.15140790623117986,0.0006335885031765096,-0.04814455691914968,3.427138036687738e-6,0.0,0.0,0.0,0.0010701151744053295,0.046070486803195476,0.041024582380747146,-0.0001907999697608672,-1.817796882732918e-6,7.527041752753556,-43.356914601507185,-11.985803506606198,48.45000199516548,0.0,1.7553028542514203e-6
1.5687881412132927,-0.005874789752312128,-0.567768509090554,-0.1778507076018114,0.0006335885031765096,-0.04799691155638147,4.899018405473595e-6,0.0,0.0,0.0,0.0011640273105586172,0.05550457250035198,0.05881678977706675,-0.0002239826375549136,-1.9127084783271004e-6,6.875343084917246,-39.71265654842883,-10.60241397276588,44.123080642627436,0.0,1.7553028542514203e-6
-0.1707179442928654,0.0006711547526822715,-0.7631641339717057,0.020083660955525225,0.0006335885031765096,-0.04833704211474587,-5.460663466846658e-7,0.0,0.0,0.0,0.00045732560728501195,0.0029803664113002126,-0.019069035270568694,-1.2979498349293458e-5,-1.4924782318664785e-6,9.46957887897006,-51.912039249211645,-13.390427297072518,57.009222929620684,0.0,1.7553028542514203e-6
-0.1707179442928654,0.0006711547526822715,-0.7521763174751991,0.020083660955525225,0.0006335885031765096,-0.04732162733786317,-5.460663466846658e-7,0.0,0.0,0.0,0.00046367809569214694,0.0029803664113002126,-0.019069035270568694,-1.2979498349293458e-5,-1.505461519873378e-6,10.159791249937598,-55.24568499890212,-14.48708154401511,60.72674550897815,0.0,1.7553028542514203e-6
-0.1707179442928654,0.0006711547526822715,-0.7817634512122884,0.020083660955525225,0.0006335885031765096,-0.048057129240880486,-5.460663466846658e-7,0.0,0.0,0.0,0.00048491094586923164,0.0029803664113002126,-0.019069035270568694,-1.2979498349293458e-5,-1.5571147124164447e-6,9.03317635203279,-49.14366069000695,-12.280571513641526,53.69465899174596,0.0,1.7553028542514203e-6
-0.1707179442928654,0.0006711547526822715,-0.7584100494343339,0.020083660955525225,0.0006335885031765096,-0.048306458435001774,-5.460663466846658e-7,0.0,0.0,0.0,0.0004709872465235023,0.0029803664113002126,-0.019069035270568694,-1.2979498349293458e-5,-1.5198462903528293e-6,8.810139708781957,-48.14063590022277,-12.116702044936906,52.6189076077217,0.0,1.7553028542514203e-6
-0.1707179442928654,0.0006711547526822715,-0.562666079198589,0.020083660955525225,0.0006335885031765096,-0.04688483978550974,-5.460663466846658e-7,0.0,0.0,0.0,0.0003929549154593981,0.04526327870906463,0.036993836358466176,-0.0001825810288087511,-1.1850583188215691e-6,6.503536949699136,-40.632016511136605,-12.018501933475534,46.633675900381796,0.0,1.7553028542514203e-6
-0.1707179442928654,0.0006711547526822715,-0.7624474254764281,0.020083660955525225,0.0006335885031765096,-0.04836312858665459,-5.460663466846658e-7,0.0,0.0,0.0,0.0004485662368785533,0.0029803664113002126,-0.019069035270568694,-1.2979498349293458e-5,-1.4609142220622965e-6,8.786482966475875,-48.736368091788414,-12.582888989381875,53.68792276905828,0.0,1.7553028542514203e-6
-0.1707179442928654,0.0006711547526822715,-0.763810497882272,0.020083660955525225,0.0006335885031765096,-0.04834594022682677,-5.460663466846658e-7,0.0,0.0,0.0,0.0004743865411070429,0.0029803664113002126,-0.019069035270568694,-1.2979498349293458e-5,-1.5137958857865457e-6,8.709514870532596,-48.73011663615794,-12.843410028701367,54.01591381505025,0.0,1.7553028542514203e-6
-0.1707179442928654,0.0006711547526822715,-0.5677396266579592,0.020083660955525225,0.0006335885031765096,-0.0471191068963171,-5.460663466846658e-7,0.0,0.0,0.0,0.0004062910401033148,0.04740847571741371,0.04155183083687426,-0.00019277659059272343,-1.2168054414576043e-6,5.866382573378319,-35.544879163355006,-9.36789072678671,39.67284355254945,0.0,1.7553028542514203e-6
-0.1707179442928654,0.0006711547526822715,-0.7695402349758569,0.020083660955525225,0.0006335885031765096,-0.04900135222398531,-5.460663466846658e-7,0.0,0.0,0.0,0.00047453605153890933,0.0029803664113002126,-0.019069035270568694,-1.2979498349293458e-5,-1.5330069183500676e-6,8.954098316221499,-49.893527431639626,-13.022645826022663,55.14813895898907,0.0,1.7553028542514203e-6
-0.1707179442928654,0.0006711547526822715,-0.7727670452787314,0.020083660955525225,0.0006335885031765096,-0.04766347892517818,-5.460663466846658e-7,0.0,0.0,0.0,0.0004781649420344483,0.0029803664113002126,-0.019069035270568694,-1.2979498349293458e-5,-1.5560714404335057e-6,9.8504128945844,-53.56276454907888,-13.69591149632298,58.701466158419926,0.0,1.7553028542514203e-6
-0.1707179442928654,0.0006711547526822715,-0.7603167948620336,0.020083660955525225,0.0006335885031765096,-0.04754981563676195,-5.460663466846658e-7,0.0,0.0,0.0,0.00046950958159371016,0.0029803664113002126,-0.019069035270568694,-1.2979498349293458e-5,-1.534282374216062e-6,9.959079100545111,-54.12700760667528,-14.129453025536309,59.49461099990793,0.0,1.7553028542514203e-6
-0.1707179442928654,0.0006711547526822715,-0.7594963533830719,0.020083660955525225,0.0006335885031765096,-0.04894667568300456,-5.460663466846658e-7,0.0,0.0,0.0,0.0004841959516865632,0.0029803664113002126,-0.019069035270568694,-1.2979498349293458e-5,-1.5381582069419897e-6,8.412828949237753,-46.70192387759098,-11.884998150268347,51.31094871970815,0.0,1.7553028542514203e-6
1.1270374900401634,-0.004519855933074412,-0.5624782285898684,-0.1422040150559522,0.0006335885031765096,-0.04739645702386674,3.537180707409614e-6,0.0,0.0,0.0,0.0009748410606373262,0.05447061011831528,0.048943926144931635,-0.00021435154842099703,-1.6530630290526873e-6,8.441313455132839,-46.84442283984677,-12.940605894598974,52.08876914285627,0.0,1.7553028542514203e-6
-0.1707179442928654,0.0006711547526822715,-0.7665312674130672,0.020083660955525225,0.0006335885031765096,-0.0482532719623019,-5.460663466846658e-7,0.0,0.0,0.0,0.000463867461260381,0.0029803664113002126,-0.019069035270568694,-1.2979498349293458e-5,-1.4973864777444196e-6,8.672789229256615,-46.98147266610365,-11.479549895460213,51.00374777465919,0.0,1.7553028542514203e-6
-0.1707179442928654,0.0006711547526822715,-0.5760406320264346,0.020083660955525225,0.0006335885031765096,-0.048611673419563184,-5.460663466846658e-7,0.0,0.0,0.0,0.0004157622149252937,0.04746573936892312,0.051319011596454536,-0.00019918465744595725,-1.2415845309498595e-6,5.547975848057861,-33.89388950236713,-8.782796702343706,37.69997509256721,0.0,1.7553028542514203e-6
-0.1707179442928654,0.0006711547526822715,-0.7693148826623265,0.020083660955525225,0.0006335885031765096,-0.04826603731626551,-5.460663466846658e-7,0.0,0.0,0.0,0.00045696062921326414,0.0029803664113002126,-0.019069035270568694,-1.2979498349293458e-5,-1.4752910627937453e-6,8.892462974354807,-48.85623340463101,-12.393971233159286,53.52909611263964,0.0,1.7553028542514203e-6
1.4371370608485237,-0.005817169842606561,-0.5800964442691102,-0.16365683546497334,0.0006335885031765096,-0.0476982063808122,4.748448830319143e-6,0.0,0.0,0.0,0.0010791859416221352,0.05692876014089406,0.05778367125295561,-0.00022594919047076348,-1.7891567302148155e-6,8.89728338654257,-49.433137567075754,-13.753470969724923,55.115745499710506,0.0,1.7553028542514203e-6
1.3595715933095374,-0.005170806621184132,-0.5657952539501492,-0.1515495909131541,0.0006335885031765096,-0.048550460132702526,3.960843579536302e-6,0.0,0.0,0.0,0.0010388135507125385,0.04684225488801108,0.04386319394030398,-0.0001918788860631549,-1.753895346328126e-6,7.871010248111665,-44.67348771890852,-12.469644854549308,49.94302617693804,0.0,1.7553028542514203e-6
-0.1707179442928654,0.0006711547526822715,-0.7710896078063567,0.020083660955525225,0.0006335885031765096,-0.04924180880307604,-5.460663466846658e-7,0.0,0.0,0.0,0.0005007354184837467,0.0029803664113002126,-0.019069035270568694,-1.2979498349293458e-5,-1.5923107859024436e-6,9.080628537523394,-49.86552542422531,-12.672142122449797,54.656332332792495,0.0,1.7553028542514203e-6
-0.1707179442928654,0.0006711547526822715,-0.7709643084760635,0.020083660955525225,0.0006335885031765096,-0.048299485702018384,-5.460663466846658e-7,0.0,0.0,0.0,0.0004719061242309054,0.0029803664113002126,-0.019069035270568694,-1.2979498349293458e-5,-1.5164577466854566e-6,8.97480733237674,-48.861986661931944,-12.324697528106952,53.404428397229196,0.0,1.7553028542514203e-6
-0.1707179442928654,0.0006711547526822715,-0.7671663363651702,0.020083660955525225,0.0006335885031765096,-0.0485111867320285,-5.460663466846658e-7,0.0,0.0,0.0,0.0004909615929505577,0.0029803664113002126,-0.019069035270568694,-1.2979498349293458e-5,-1.571528102630364e-6,9.182588004452612,-50.29011393141785,-12.940772423493112,55.220770678027456,0.0,1.7553028542514203e-6
-0.1707179442928654,0.0006711547526822715,-0.7728186865007604,0.020083660955525225,0.0006335885031765096,-0.04901654096277107,-5.460663466846658e-7,0.0,0.0,0.0,0.00048271150971218157,0.0029803664113002126,-0.019069035270568694,-1.2979498349293458e-5,-1.5414985196119629e-6,9.145483573401021,-50.93225463994352,-13.371033340665843,56.32336126969384,0.0,1.7553028542514203e-6
1.2844677519048802,-0.004781989367333066,-0.5595433040019735,-0.13385990026422018,0.0006335885031765096,-0.04723895931120348,3.8497031944555895e-6,0.0,0.0,0.0,0.0009457367643072701,0.052300733345372934,0.042496572396650195,-0.00020448259194347847,-1.6444555363086664e-6,6.869245645594415,-39.04036555475898,-10.375786350893298,43.193445082076614,0.0,1.7553028542514203e-6
-0.1707179442928654,0.0006711547526822715,-0.7656536147266527,0.020083660955525225,0.0006335885031765096,-0.048263485228910954,-5.460663466846658e-7,0.0,0.0,0.0,0.0004568116017447491,0.0029803664113002126,-0.019069035270568694,-1.2979498349293458e-5,-1.4888640126860988e-6,9.387006227855345,-52.37232607400595,-13.972726345620144,58.13101285711482,0.0,1.7553028542514203e-6
-0.1707179442928654,0.0006711547526822715,-0.7578217227933427,0.020083660955525225,0.0006335885031765096,-0.04719535243844699,-5.460663466846658e-7,0.0,0.0,0.0,0.00045700357859769893,0.0029803664113002126,-0.019069035270568694,-1.2979498349293458e-5,-1.4907796154177495e-6,9.052969331431415,-48.26730339667817,-11.683223008393833,52.12553774924721,0.0,1.7553028542514203e-6
-0.1707179442928654,0.0006711547526822715,-0.7554012463421336,0.020083660955525225,0.0006335885031765096,-0.04801868340188175,-5.460663466846658e-7,0.0,0.0,0.0,0.0004392918935148157,0.0029803664113002126,-0.019069035270568694,-1.2979498349293458e-5,-1.4415312319424484e-6,9.22227422233093,-50.3054748275182,-12.811060575042664,55.024463728920274,0.0,1.7553028542514203e-6
-0.1707179442928654,0.0006711547526822715,-0.7689708493488873,0.020083660955525225,0.0006335885031765096,-0.048245481913259496,-5.460663466846658e-7,0.0,0.0,0.0,0.0004844605508966572,0.0029803664113002126,-0.019069035270568694,-1.2979498349293458e-5,-1.5533215270763512e-6,8.674298935624206,-47.3880846595536,-11.869911518775611,51.79926084982535,0.0,1.7553028542514203e-6
-0.1707179442928654,0.0006711547526822715,-0.5428241064223898,0.020083660955525225,0.0006335885031765096,-0.047499088367603366,-5.460663466846658e-7,0.0,0.0,0.0,0.0003893224757438368,0.04600785229577554,0.04233071699188298,-0.0001912071939906994,-1.1832604180454689e-6,6.169561340439271,-37.70106148207659,-10.557115338002129,42.55798420186873,0.0,1.7553028542514203e-6
-0.1707179442928654,0.0006711547526822715,-0.7762468033407937,0.020083660955525225,0.0006335885031765096,-0.04856581661192237,-5.460663466846658e-7,0.0,0.0,0.0,0.00047144295945314224,0.0029803664113002126,-0.019069035270568694,-1.2979498349293458e-5,-1.5111412548248985e-6,9.634521322703963,-53.468440705923484,-14.052892846274128,59.08050945770484,0.0,1.7553028542514203e-6
-0.1707179442928654,0.0006711547526822715,-0.5458437714671046,0.020083660955525225,0.0006335885031765096,-0.046867877875642866,-5.460663466846658e-7,0.0,0.0,0.0,0.00038913891094390486,0.04813736293909555,0.04109600569315676,-0.0001948525294357981,-1.1787261735779518e-6,6.113321250598434,-37.26785472610526,-10.38282007804934,42.039064092044825,0.0,1.7553028542514203e-6
-0.1707179442928654,0.0006711547526822715,-0.7579525168523933,0.020083660955525225,0.0006335885031765096,-0.04804469842068852,-5.460663466846658e-7,0.0,0.0,0.0,0.0004547383334369753,0.0029803664113002126,-0.019069035270568694,-1.2979498349293458e-5,-1.4853278005429433e-6,9.125887348536235,-50.09762057483621,-12.950844186778633,55.066744940537525,0.0,1.7553028542514203e-6
-0.1707179442928654,0.0006711547526822715,-0.5518724744013684,0.020083660955525225,0.0006335885031765096,-0.04720591409792606,-5.460663466846658e-7,0.0,0.0,0.0,0.0003957563192704197,0.04565765280489586,0.038036833263952366,-0.00018826535757248192,-1.1890774867029677e-6,5.609764250358989,-34.4441091430563,-9.336978561633591,38.71480768478277,0.0,1.7553028542514203e-6
-0.1707179442928654,0.0006711547526822715,-0.5494456744588739,0.020083660955525225,0.0006335885031765096,-0.04771912343868276,-5.460663466846658e-7,0.0,0.0,0.0,0.0004099379256018509,0.046039870694654005,0.04512737400603664,-0.00019474846607921557,-1.2237026650914144e-6,6.022255589534268,-36.94556892134991,-10.161456159899187,41.60085517297543,0.0,1.7553028542514203e-6
-0.1707179442928654,0.0006711547526822715,-0.5203224153189815,0.020083660955525225,0.0006335885031765096,-0.047605681835638146,-5.460663466846658e-7,0.0,0.0,0.0,0.000387077431544747,0.05132607590235391,0.05013018581262932,-0.00021354561734715735,-1.1634477963549092e-6,5.558153536836633,-34.85333698179078,-9.90563627227908,39.597999485268794,0.0,1.7553028542514203e-6
-0.1707179442928654,0.0006711547526822715,-0.7485413169938838,0.020083660955525225,0.0006335885031765096,-0.046980783490069004,-5.460663466846658e-7,0.0,0.0,0.0,0.0004521408433759115,0.0029803664113002126,-0.019069035270568694,-1.2979498349293458e-5,-1.4830193955622198e-6,9.383215504675599,-49.976926758084055,-12.513841511462376,54.24749371355292,0.0,1.7553028542514203e-6
1.1026419547050046,-0.004498936492004483,-0.5525005831192248,-0.15916698397463647,0.0006335885031765096,-0.04896755472024407,3.423635539854327e-6,0.0,0.0,0.0,0.0010656109422634108,0.055710969323907004,0.05505878264577983,-0.00022530934648642888,-1.7676027101423518e-6,8.205480152718717,-44.897858039486046,-11.919185527663199,49.352185150068756,0.0,1.7553028542514203e-6
-0.1707179442928654,0.0006711547526822715,-0.7479331765127905,0.020083660955525225,0.0006335885031765096,-0.04802253075596065,-5.460663466846658e-7,0.0,0.0,0.0,0.00047792626939580595,0.0029803664113002126,-0.019069035270568694,-1.2979498349293458e-5,-1.5447211440470947e-6,9.471504075701363,-51.10019966528259,-13.015394931238665,55.76257788959453,0.0,1.7553028542514203e-6
-0.1707179442928654,0.0006711547526822715,-0.7650945878710445,0.020083660955525225,0.0006335885031765096,-0.04795832387967646,-5.460663466846658e-7,0.0,0.0,0.0,0.0004800153012248724,0.0029803664113002126,-0.019069035270568694,-1.2979498349293458e-5,-1.5363673965936203e-6,9.116142899608954,-50.227432575183165,-12.93091703431582,55.244126459345104,0.0,1.7553028542514203e-6
-0.1707179442928654,0.0006711547526822715,-0.7647592151205148,0.020083660955525225,0.0006335885031765096,-0.04874812765951434,-5.460663466846658e-7,0.0,0.0,0.0,0.0004577210232959943,0.0029803664113002126,-0.019069035270568694,-1.2979498349293458e-5,-1.4944271771656013e-6,9.429672489060358,-52.322109780386704,-13.750413144643035,57.805607904729136,0.0,1.7553028542514203e-6
-0.1707179442928654,0.0006711547526822715,-0.762444762044344,0.020083660955525225,0.0006335885031765096,-0.04839533007509392,-5.460663466846658e-7,0.0,0.0,0.0,0.0004539681077133067,0.0029803664113002126,-0.019069035270568694,-1.2979498349293458e-5,-1.4838354409360761e-6,9.146225197126812,-50.451189627259126,-13.170572052989456,55.633640768901536,0.0,1.7553028542514203e-6
-0.1707179442928654,0.0006711547526822715,-0.5634247943450278,0.020083660955525225,0.0006335885031765096,-0.0467282180135843,-5.460663466846658e-7,0.0,0.0,0.0,0.00039271736121978965,0.04464172263161172,0.04077107963188849,-0.0001833899897630417,-1.214027294616289e-6,6.5456666424441785,-38.539104229576495,-10.433797583997343,42.99758180774312,0.0,1.7553028542514203e-6
-0.1707179442928654,0.0006711547526822715,-0.7691438088584289,0.020083660955525225,0.0006335885031765096,-0.04911598445638383,-5.460663466846658e-7,0.0,0.0,0.0,0.00048030123583566646,0.0029803664113002126,-0.019069035270568694,-1.2979498349293458e-5,-1.5380068458246413e-6,9.100525589407004,-50.73085266248276,-13.182809884884573,55.987212626719746,0.0,1.7553028542514203e-6
-0.1707179442928654,0.0006711547526822715,-0.5567799236103479,0.020083660955525225,0.0006335885031765096,-0.046357917199222214,-5.460663466846658e-7,0.0,0.0,0.0,0.0003756684065629024,0.04488763356024524,0.03422983992383387,-0.0001821635335621032,-1.1491138455985932e-6,6.692743732652945,-40.664972874891504,-11.470123729774558,46.002429580807934,0.0,1.7553028542514203e-6
-0.1707179442928654,0.0006711547526822715,-0.762798264583316,0.020083660955525225,0.0006335885031765096,-0.047821469004291565,-5.460663466846658e-7,0.0,0.0,0.0,0.0004633740081094364,0.0029803664113002126,-0.019069035270568694,-1.2979498349293458e-5,-1.507299987377151e-6,9.480271545222488,-51.901338180218644,-13.426297560894122,57.05828949144307,0.0,1.7553028542514203e-6
-0.1707179442928654,0.0006711547526822715,-0.772716107356972,0.020083660955525225,0.0006335885031765096,-0.047649508769096086,-5.460663466846658e-7,0.0,0.0,0.0,0.00046688452208749464,0.0029803664113002126,-0.019069035270568694,-1.2979498349293458e-5,-1.52805078356255e-6,9.42861650375466,-50.88417069187113,-12.759130749034712,55.505762251199805,0.0,1.7553028542514203e-6
-0.1707179442928654,0.0006711547526822715,-0.7599630603440677,0.020083660955525225,0.0006335885031765096,-0.04860384651112671,-5.460663466846658e-7,0.0,0.0,0.0,0.0004578299339933966,0.0029803664113002126,-0.019069035270568694,-1.2979498349293458e-5,-1.4927151554820195e-6,9.075084522603769,-50.62702567225986,-13.340331949218202,56.01966939690782,0.0,1.7553028542514203e-6
-0.1707179442928654,0.0006711547526822715,-0.5564120985762824,0.020083660955525225,0.0006335885031765096,-0.04709186840540332,-5.460663466846658e-7,0.0,0.0,0.0,0.00039423405745916593,0.04574090895392154,0.03706763559879225,-0.00018569841512076964,-1.2071250261074038e-6,6.410400691109276,-38.90114731243034,-10.91742057211141,43.95028998364137,0.0,1.7553028542514203e-6
-0.1707179442928654,0.0006711547526822715,-0.7668042555308702,0.020083660955525225,0.0006335885031765096,-0.047993002336024486,-5.460663466846658e-7,0.0,0.0,0.0,0.00047582501409113357,0.0029803664113002126,-0.019069035270568694,-1.2979498349293458e-5,-1.532940282748901e-6,9.500252111738046,-52.18623531566824,-13.649338277237545,57.52547140259944,0.0,1.7553028542514203e-6
-0.1707179442928654,0.0006711547526822715,0.1303500067038108,0.020083660955525225,0.0006335885031765096,-0.03504110828280728,-5.460663466846658e-7,0.0,0.0,0.0,0.00034944656301895335,0.050459581122305384,0.057122167711077074,-0.0002760051299708766,-9.034484371385978e-7,4.746050694262039,-29.873068229795216,-13.175053699335955,36.480421394633915,0.0,1.7553028542514203e-6
-0.1707179442928654,0.0006711547526822715,-0.7731869300822283,0.020083660955525225,0.0006335885031765096,-0.04768769047351339,-5.460663466846658e-7,0.0,0.0,0.0,0.0004503140334953834,0.0029803664113002126,-0.019069035270568694,-1.2979498349293458e-5,-1.4705778755984676e-6,9.443065016386246,-50.91998045129128,-12.407751997798583,55.19303031516966,0.0,1.7553028542514203e-6
-0.1707179442928654,0.0006711547526822715,-0.761254743807567,0.020083660955525225,0.0006335885031765096,-0.0489857509035877,-5.460663466846658e-7,0.0,0.0,0.0,0.000485642653177355,0.0029803664113002126,-0.019069035270568694,-1.2979498349293458e-5,-1.557064668424624e-6,8.449371946586858,-46.66247351461786,-11.887682030727902,51.259767908589296,0.0,1.7553028542514203e-6
-0.1707179442928654,0.0006711547526822715,-0.782782363003255,0.020083660955525225,0.0006335885031765096,-0.048905531781964995,-5.460663466846658e-7,0.0,0.0,0.0,0.0004955486040154422,0.0029803664113002126,-0.019069035270568694,-1.2979498349293458e-5,-1.5768315754753064e-6,8.939628847463037,-48.71829648229214,-12.001424807576335,53.050268528625764,0.0,1.7553028542514203e-6
-0.1707179442928654,0.0006711547526822715,-0.7626019245747621,0.020083660955525225,0.0006335885031765096,-0.04870657010364733,-5.460663466846658e-7,0.0,0.0,0.0,0.00048606376006047887,0.0029803664113002126,-0.019069035270568694,-1.2979498349293458e-5,-1.5638833814423663e-6,9.360212255951327,-50.55500125170957,-12.581245366683323,54.97846916067959,0.0,1.7553028542514203e-6
-0.1707179442928654,0.0006711547526822715,-0.7733313602238289,0.020083660955525225,0.0006335885031765096,-0.04799064766682526,-5.460663466846658e-7,0.0,0.0,0.0,0.00045348228438994655,0.0029803664113002126,-0.019069035270568694,-1.2979498349293458e-5,-1.480667401355934e-6,8.860292009200416,-48.33671969221605,-12.148495812850118,52.856816969488314,0.0,1.7553028542514203e-6
-0.1707179442928654,0.0006711547526822715,-0.7664602636219712,0.020083660955525225,0.0006335885031765096,-0.04874449862352132,-5.460663466846658e-7,0.0,0.0,0.0,0.0004728379824488619,0.0029803664113002126,-0.019069035270568694,-1.2979498349293458e-5,-1.5114772810124293e-6,8.160149524830802,-45.0084895695694,-11.216669525174629,49.23197566943165,0.0,1.7553028542514203e-6
-0.1707179442928654,0.0006711547526822715,-0.773373751427051,0.020083660955525225,0.0006335885031765096,-0.0485573180729731,-5.460663466846658e-7,0.0,0.0,0.0,0.0004831106528797261,0.0029803664113002126,-0.019069035270568694,-1.2979498349293458e-5,-1.5338104726654605e-6,8.355722901182213,-45.889874331314964,-11.255983944682635,50.02332321911661,0.0,1.7553028542514203e-6
1.2821332160775225,-0.004871957844461003,-0.5663701439559246,-0.160223448980047,0.0006335885031765096,-0.04655747946458589,3.84991460915523e-6,0.0,0.0,0.0,0.0010439384363558906,0.055291258093261936,0.05107462599859121,-0.00021827099404297378,-1.7256625613447006e-6,7.992192067148757,-44.82791794897832,-12.287383386236076,49.875775191826854,0.0,1.7553028542514203e-6
-0.1707179442928654,0.0006711547526822715,-0.7485911838048346,0.020083660955525225,0.0006335885031765096,-0.0485775055848683,-5.460663466846658e-7,0.0,0.0,0.0,0.00045980521629907314,0.0029803664113002126,-0.019069035270568694,-1.2979498349293458e-5,-1.4871491145127635e-6,8.508724385515434,-46.42352746356321,-11.686216852733704,50.67462014058922,0.0,1.7553028542514203e-6
1.2172211731441775,-0.004925858581429651,-0.5565347674305238,-0.18284273626000672,0.0006335885031765096,-0.04762984805105559,4.15145478798244e-6,0.0,0.0,0.0,0.0012155688089694615,0.045012322229386025,0.04260026970949403,-0.00018838663459132577,-1.9782510989749464e-6,7.5069148510904995,-42.47769263184316,-11.679611962038843,47.321425189816956,0.0,1.7553028542514203e-6
1.0869176133512386,-0.004284405550849609,-0.54192287840133,-0.107475499591312,0.0006335885031765096,-0.04755757211959953,3.412284846335847e-6,0.0,0.0,0.0,0.0008497748860160194,0.048986802523583464,0.04832330193229789,-0.00020433081065213593,-1.5695245636590247e-6,7.9237681038735595,-44.369090195685466,-12.132650096086945,49.25633612454327,0.0,1.7553028542514203e-6
-0.1707179442928654,0.0006711547526822715,-0.7644164133294189,0.020083660955525225,0.0006335885031765096,-0.047764944308703594,-5.460663466846658e-7,0.0,0.0,0.0,0.0004353054791749047,0.0029803664113002126,-0.019069035270568694,-1.2979498349293458e-5,-1.4188782008463955e-6,8.788120556249295,-47.97946830525213,-12.052913708903622,52.412299833050305,0.0,1.7553028542514203e-6
-0.1707179442928654,0.0006711547526822715,-0.7727165523410718,0.020083660955525225,0.0006335885031765096,-0.048668884932566124,-5.460663466846658e-7,0.0,0.0,0.0,0.00045189307881106963,0.0029803664113002126,-0.019069035270568694,-1.2979498349293458e-5,-1.4740389017730137e-6,8.914476341023049,-48.850590580160805,-12.432555527266448,53.535826710068875,0.0,1.7553028542514203e-6
-0.1707179442928654,0.0006711547526822715,-0.7748227031621179,0.020083660955525225,0.0006335885031765096,-0.04827076719124253,-5.460663466846658e-7,0.0,0.0,0.0,0.00045969036218098617,0.0029803664113002126,-0.019069035270568694,-1.2979498349293458e-5,-1.49850196891924e-6,8.947118252014175,-48.45498415846109,-12.056496350171797,52.79870630732413,0.0,1.7553028542514203e-6
-0.1707179442928654,0.0006711547526822715,-0.7539580395739516,0.020083660955525225,0.0006335885031765096,-0.04770542898386875,-5.460663466846658e-7,0.0,0.0,0.0,0.0004387481514173694,0.0029803664113002126,-0.019069035270568694,-1.2979498349293458e-5,-1.4476831005293035e-6,8.70927342378807,-47.177887225266346,-11.677906501700608,51.328945947023136,0.0,1.7553028542514203e-6
-0.1707179442928654,0.0006711547526822715,-0.7530874283367829,0.020083660955525225,0.0006335885031765096,-0.04851744017405285,-5.460663466846658e-7,0.0,0.0,0.0,0.00046466597793747466,0.0029803664113002126,-0.019069035270568694,-1.2979498349293458e-5,-1.5249641729544584e-6,9.052229832557188,-48.60528442233963,-12.119347647495085,52.833829415716984,0.0,1.7553028542514203e-6
-0.1707179442928654,0.0006711547526822715,-0.7638844027663031,0.020083660955525225,0.0006335885031765096,-0.04782678859516517,-5.460663466846658e-7,0.0,0.0,0.0,0.00048284497024615985,0.0029803664113002126,-0.019069035270568694,-1.2979498349293458e-5,-1.566334800861181e-6,9.672401428509469,-52.55852513016746,-13.640378433326163,57.72982322284215,0.0,1.7553028542514203e-6
-0.1707179442928654,0.0006711547526822715,-0.7724322962873302,0.020083660955525225,0.0006335885031765096,-0.048735161038191005,-5.460663466846658e-7,0.0,0.0,0.0,0.0005155430841404465,0.0029803664113002126,-0.019069035270568694,-1.2979498349293458e-5,-1.6294343086841262e-6,9.499999160842084,-52.33807429355013,-13.664237322288583,57.72320369852407,0.0,1.7553028542514203e-6
-0.1707179442928654,0.0006711547526822715,-0.5516730225227311,0.020083660955525225,0.0006335885031765096,-0.04610680717739573,-5.460663466846658e-7,0.0,0.0,0.0,0.00039860606671148543,0.04165324990297004,0.033793736908469624,-0.0001749157274510024,-1.1947927796780303e-6,6.2802583247470025,-37.87023293883501,-10.40920889766525,42.53722493838392,0.0,1.7553028542514203e-6
1.2425091423879207,-0.004713824334830274,-0.5605892918908543,-0.14339855994009065,0.0006335885031765096,-0.0478304449128706,3.6557854822945378e-6,0.0,0.0,0.0,0.000996189363395445,0.050224576349041615,0.05157737875649483,-0.00020670412253123133,-1.6967092410550325e-6,7.165375063331004,-40.64990612401594,-10.984023527163721,45.15945543777664,0.0,1.7553028542514203e-6
-0.1707179442928654,0.0006711547526822715,-0.761575858724647,0.020083660955525225,0.0006335885031765096,-0.049002241894914006,-5.460663466846658e-7,0.0,0.0,0.0,0.0004732370465275246,0.0029803664113002126,-0.019069035270568694,-1.2979498349293458e-5,-1.5154678106164482e-6,8.550239042859197,-47.27965562234184,-12.071160648767275,51.915836531662805,0.0,1.7553028542514203e-6
-0.1707179442928654,0.0006711547526822715,-0.7609386365194201,0.020083660955525225,0.0006335885031765096,-0.04829992155741707,-5.460663466846658e-7,0.0,0.0,0.0,0.000478273713796068,0.0029803664113002126,-0.019069035270568694,-1.2979498349293458e-5,-1.5306399475300637e-6,9.24629941945752,-51.11265253797887,-13.33215839304452,56.36160589650472,0.0,1.7553028542514203e-6
-0.1707179442928654,0.0006711547526822715,-0.5524343932471438,0.020083660955525225,0.0006335885031765096,-0.04642777182782705,-5.460663466846658e-7,0.0,0.0,0.0,0.00039967177732998466,0.04611582933679377,0.04658528527407915,-0.00019335106662088491,-1.2206276350150236e-6,6.21441339131499,-36.81738811920525,-9.897277448400015,41.067138049421075,0.0,1.7553028542514203e-6
-0.1707179442928654,0.0006711547526822715,-0.5614919837107515,0.020083660955525225,0.0006335885031765096,-0.04691815578966782,-5.460663466846658e-7,0.0,0.0,0.0,0.0003611138624446331,0.04576636832273493,0.039251110144830084,-0.00018749162251069747,-1.1181228357721729e-6,5.89514076640112,-35.80774808871814,-9.661971035184182,40.135483587941174,0.0,1.7553028542514203e-6
-0.1707179442928654,0.0006711547526822715,-0.5672041444954871,0.020083660955525225,0.0006335885031765096,-0.04647536968408416,-5.460663466846658e-7,0.0,0.0,0.0,0.0004100385028583363,0.04082429300860552,0.034202698693824723,-0.00017143839816085172,-1.231873724430924e-6,6.766346394426014,-41.19967572970898,-11.838216894944892,46.83547743703716,0.0,1.7553028542514203e-6
-0.1707179442928654,0.0006711547526822715,-0.7561463567713822,0.020083660955525225,0.0006335885031765096,-0.047634690129771486,-5.460663466846658e-7,0.0,0.0,0.0,0.0004590702557406946,0.0029803664113002126,-0.019069035270568694,-1.2979498349293458e-5,-1.4929480635703574e-6,9.056385648119733,-48.92471050127625,-12.186859690981567,53.24156896326996,0.0,1.7553028542514203e-6
1.1738236800928599,-0.004754677879241142,-0.5715589498576986,-0.14576282174080832,0.0006335885031765096,-0.04842854973241471,3.6848196009494564e-6,0.0,0.0,0.0,0.0010154135066521935,0.056007483810029846,0.058717291334877825,-0.00022655410549653651,-1.713833464114817e-6,8.628729259567335,-48.16374225889339,-13.288755073101068,53.60240633441776,0.0,1.7553028542514203e-6
-0.1707179442928654,0.0006711547526822715,-0.7553707290896562,0.020083660955525225,0.0006335885031765096,-0.048329785518990136,-5.460663466846658e-7,0.0,0.0,0.0,0.00046100415326591775,0.0029803664113002126,-0.019069035270568694,-1.2979498349293458e-5,-1.4975308077443771e-6,8.64760385823853,-47.08262412201484,-11.926850130780513,51.50261470451955,0.0,1.7553028542514203e-6
-0.1707179442928654,0.0006711547526822715,-0.749883568879873,0.020083660955525225,0.0006335885031765096,-0.04793147615083415,-5.460663466846658e-7,0.0,0.0,0.0,0.0004784960205067519,0.0029803664113002126,-0.019069035270568694,-1.2979498349293458e-5,-1.5239947773257258e-6,9.214285488395939,-50.7269153730867,-13.272986645636907,55.87662497663401,0.0,1.7553028542514203e-6
1.2881541273461523,-0.005016747211245954,-0.5334369147924616,-0.11383553129979448,0.0006335885031765096,-0.04714053431874224,3.825456528501651e-6,0.0,0.0,0.0,0.0008168312477859797,0.05660939691737426,0.05305414571159063,-0.00022652504114777043,-1.4467723529579374e-6,8.744361977197261,-48.88181288513981,-13.83404978781949,54.61631743600112,0.0,1.7553028542514203e-6
-0.1707179442928654,0.0006711547526822715,-0.7545879471300564,0.020083660955525225,0.0006335885031765096,-0.047898990242584864,-5.460663466846658e-7,0.0,0.0,0.0,0.00045862207521159216,0.0029803664113002126,-0.019069035270568694,-1.2979498349293458e-5,-1.504640978719864e-6,9.843968863631394,-54.288123707816524,-14.429371684447352,60.02665951582404,0.0,1.7553028542514203e-6
-0.1707179442928654,0.0006711547526822715,-0.7788573075926526,0.020083660955525225,0.0006335885031765096,-0.04836065867478104,-5.460663466846658e-7,0.0,0.0,0.0,0.00048601596585486713,0.0029803664113002126,-0.019069035270568694,-1.2979498349293458e-5,-1.572112448269916e-6,8.984091742520482,-48.740890867187055,-12.132061681046908,53.17626595640639,0.0,1.7553028542514203e-6
-0.1707179442928654,0.0006711547526822715,-0.7581807989106145,0.020083660955525225,0.0006335885031765096,-0.04808795068730476,-5.460663466846658e-7,0.0,0.0,0.0,0.0004637483142386561,0.0029803664113002126,-0.019069035270568694,-1.2979498349293458e-5,-1.5150816048838942e-6,9.627500660237851,-52.539439917922415,-13.71593157159733,57.787008455549845,0.0,1.7553028542514203e-6
-0.1707179442928654,0.0006711547526822715,-0.7631507497127912,0.020083660955525225,0.0006335885031765096,-0.04915019500078113,-5.460663466846658e-7,0.0,0.0,0.0,0.0004668077534850081,0.0029803664113002126,-0.019069035270568694,-1.2979498349293458e-5,-1.5080615648478945e-6,9.189511261697916,-51.05679750219999,-13.295742944853012,56.29425706342759,0.0,1.7553028542514203e-6
-0.1707179442928654,0.0006711547526822715,-0.7657270589197535,0.020083660955525225,0.0006335885031765096,-0.04738153975364964,-5.460663466846658e-7,0.0,0.0,0.0,0.0004569637396637566,0.0029803664113002126,-0.019069035270568694,-1.2979498349293458e-5,-1.4712360730463715e-6,9.086087786674947,-49.623490361809175,-12.548959691143212,54.286075216481954,0.0,1.7553028542514203e-6
-0.1707179442928654,0.0006711547526822715,-0.7567986157109714,0.020083660955525225,0.0006335885031765096,-0.04797822143684984,-5.460663466846658e-7,0.0,0.0,0.0,0.00046083303394027703,0.0029803664113002126,-0.019069035270568694,-1.2979498349293458e-5,-1.514523142263056e-6,9.567251070010602,-51.8868820585778,-13.315720176623055,56.803838057122285,0.0,1.7553028542514203e-6
-0.1707179442928654,0.0006711547526822715,-0.748469409971179,0.020083660955525225,0.0006335885031765096,-0.047762480708919745,-5.460663466846658e-7,0.0,0.0,0.0,0.0004590468309827033,0.0029803664113002126,-0.019069035270568694,-1.2979498349293458e-5,-1.4813503206092641e-6,8.750475653159823,-46.944361688594284,-11.453742242613426,50.784141179266484,0.0,1.7553028542514203e-6
-0.1707179442928654,0.0006711547526822715,-0.739166323264595,0.020083660955525225,0.0006335885031765096,-0.04784788658839619,-5.460663466846658e-7,0.0,0.0,0.0,0.00047507263037141695,0.0029803664113002126,-0.019069035270568694,-1.2979498349293458e-5,-1.5335087024472338e-6,9.270739489410033,-50.58403424832602,-13.243710849441076,55.62613045667728,0.0,1.7553028542514203e-6
-0.1707179442928654,0.0006711547526822715,-0.5387789834936341,0.020083660955525225,0.0006335885031765096,-0.046955760049582046,-5.460663466846658e-7,0.0,0.0,0.0,0.0004100165876684285,0.0461239055025771,0.04021521635669932,-0.0001910633386801465,-1.2373452606099188e-6,6.416397376517402,-38.50131354547682,-10.726986828952386,43.299974942417755,0.0,1.7553028542514203e-6
1.513323490074459,-0.0059147244830116815,-0.5647658895625135,-0.16482610271767198,0.0006335885031765096,-0.04835475992042942,4.760128027940664e-6,0.0,0.0,0.0,0.0010719682020874565,0.05366962194942559,0.052523002540940084,-0.00021647194756681763,-1.733194602501034e-6,7.3722281102934595,-41.25650420675734,-10.898670311925958,45.49045348111777,0.0,1.7553028542514203e-6
-0.1707179442928654,0.0006711547526822715,-0.7657488857224533,0.020083660955525225,0.0006335885031765096,-0.04899480579968991,-5.460663466846658e-7,0.0,0.0,0.0,0.0004640204776682411,0.0029803664113002126,-0.019069035270568694,-1.2979498349293458e-5,-1.5134093343872162e-6,9.236391832291124,-50.72907928853856,-13.004794383995492,55.6708778886077,0.0,1.7553028542514203e-6
-0.1707179442928654,0.0006711547526822715,-0.7650176625463645,0.020083660955525225,0.0006335885031765096,-0.048200123216430926,-5.460663466846658e-7,0.0,0.0,0.0,0.000458199234339506,0.0029803664113002126,-0.019069035270568694,-1.2979498349293458e-5,-1.484190712878446e-6,8.949524854363036,-49.16127486739417,-12.545965924682015,53.94247807565092,0.0,1.7553028542514203e-6
-0.1707179442928654,0.0006711547526822715,-0.7672867759533364,0.020083660955525225,0.0006335885031765096,-0.04892784991445033,-5.460663466846658e-7,0.0,0.0,0.0,0.000495112093362401,0.0029803664113002126,-0.019069035270568694,-1.2979498349293458e-5,-1.5905911679525922e-6,8.891327622349506,-47.93256453932699,-11.890853225364799,52.124283307173364,0.0,1.7553028542514203e-6
-0.1707179442928654,0.0006711547526822715,-0.5623686495443154,0.020083660955525225,0.0006335885031765096,-0.04697942728558747,-5.460663466846658e-7,0.0,0.0,0.0,0.00038808695575789313,0.047013061380041854,0.04049038207842298,-0.0001915850145215392,-1.181687697267607e-6,6.524069459779705,-39.20777634877704,-10.65716017510646,43.92565802125518,0.0,1.7553028542514203e-6
-0.1707179442928654,0.0006711547526822715,-0.7521258557117302,0.020083660955525225,0.0006335885031765096,-0.048214668897483916,-5.460663466846658e-7,0.0,0.0,0.0,0.00044777425958134715,0.0029803664113002126,-0.019069035270568694,-1.2979498349293458e-5,-1.4747423504093434e-6,9.209696442235305,-50.20201239776007,-12.981804140052578,55.0949646938192,0.0,1.7553028542514203e-6
-0.1707179442928654,0.0006711547526822715,-0.7595872252158238,0.020083660955525225,0.0006335885031765096,-0.04899956170025505,-5.460663466846658e-7,0.0,0.0,0.0,0.0004826428086214988,0.0029803664113002126,-0.019069035270568694,-1.2979498349293458e-5,-1.5449027414010484e-6,8.969931918972723,-49.30313978346121,-12.564766169329465,54.03103241039694,0.0,1.7553028542514203e-6
-0.1707179442928654,0.0006711547526822715,-0.7622959267208569,0.020083660955525225,0.0006335885031765096,-0.04782034824502652,-5.460663466846658e-7,0.0,0.0,0.0,0.0004642597618528016,0.0029803664113002126,-0.019069035270568694,-1.2979498349293458e-5,-1.5100893777679148e-6,9.591877178173846,-52.81851259090022,-13.940432063816628,58.364432772993446,0.0,1.7553028542514203e-6
-0.1707179442928654,0.0006711547526822715,-0.7670762349709128,0.020083660955525225,0.0006335885031765096,-0.04830526295401627,-5.460663466846658e-7,0.0,0.0,0.0,0.00044560088393851786,0.0029803664113002126,-0.019069035270568694,-1.2979498349293458e-5,-1.4656838192781932e-6,8.954471644955927,-49.077200850713254,-12.397351467005999,53.71733334842657,0.0,1.7553028542514203e-6
-0.1707179442928654,0.0006711547526822715,-0.7671781472055657,0.020083660955525225,0.0006335885031765096,-0.047103501568355556,-5.460663466846658e-7,0.0,0.0,0.0,0.0004549706991715302,0.0029803664113002126,-0.019069035270568694,-1.2979498349293458e-5,-1.4824630443843147e-6,9.405447895361835,-50.556543924975315,-12.570663766319733,54.98440307761775,0.0,1.7553028542514203e-6
-0.1707179442928654,0.0006711547526822715,-0.7676257952229111,0.020083660955525225,0.0006335885031765096,-0.04823907586218921,-5.460663466846658e-7,0.0,0.0,0.0,0.0004679864346885858,0.0029803664113002126,-0.019069035270568694,-1.2979498349293458e-5,-1.5176968432060693e-6,9.043876725719496,-49.58101465606732,-12.618815403153032,54.36445890974766,0.0,1.7553028542514203e-6
-0.1707179442928654,0.0006711547526822715,-0.763292234179724,0.020083660955525225,0.0006335885031765096,-0.04838391025587643,-5.460663466846658e-7,0.0,0.0,0.0,0.0004797638746485101,0.0029803664113002126,-0.019069035270568694,-1.2979498349293458e-5,-1.5254617626650092e-6,8.716763400065076,-47.869363803395224,-12.094982329653808,52.4196184788172,0.0,1.7553028542514203e-6
-0.1707179442928654,0.0006711547526822715,-0.7726523325201199,0.020083660955525225,0.0006335885031765096,-0.04805092217661459,-5.460663466846658e-7,0.0,0.0,0.0,0.00046600131608279607,0.0029803664113002126,-0.019069035270568694,-1.2979498349293458e-5,-1.5118907684795732e-6,9.552845865783576,-51.81893167650465,-12.988373609692895,56.51480836476491,0.0,1.7553028542514203e-6
-0.1707179442928654,0.0006711547526822715,-0.7525774222027641,0.020083660955525225,0.0006335885031765096,-0.04795478499459018,-5.460663466846658e-7,0.0,0.0,0.0,0.0004859412031878484,0.0029803664113002126,-0.019069035270568694,-1.2979498349293458e-5,-1.5695113134255583e-6,9.082348342304167,-48.06947159961165,-11.600176420818618,51.77411532700028,0.0,1.7553028542514203e-6
-0.1707179442928654,0.0006711547526822715,-0.7710368656641357,0.020083660955525225,0.0006335885031765096,-0.04907920997984575,-5.460663466846658e-7,0.0,0.0,0.0,0.0005056521306241356,0.0029803664113002126,-0.019069035270568694,-1.2979498349293458e-5,-1.600637741841105e-6,8.820671943436144,-48.261540612081774,-11.964662613469391,52.619035758457365,0.0,1.7553028542514203e-6
-0.1707179442928654,0.0006711547526822715,-0.5345274507239928,0.020083660955525225,0.0006335885031765096,-0.046758475756101724,-5.460663466846658e-7,0.0,0.0,0.0,0.00038307886077332796,0.04943029417931943,0.05055518278563782,-0.00020669638119624194,-1.1733838663288883e-6,5.32445220320869,-31.833388586802407,-8.196459420264166,35.23000725235108,0.0,1.7553028542514203e-6
-0.1707179442928654,0.0006711547526822715,-0.7534572571492736,0.020083660955525225,0.0006335885031765096,-0.04953890381796509,-5.460663466846658e-7,0.0,0.0,0.0,0.00048197249144992947,0.0029803664113002126,-0.019069035270568694,-1.2979498349293458e-5,-1.538875180977864e-6,8.63472007769032,-48.243433255317086,-12.688896953736085,53.365727368514676,0.0,1.7553028542514203e-6
-0.1707179442928654,0.0006711547526822715,-0.7550927967149353,0.020083660955525225,0.0006335885031765096,-0.04865921439064858,-5.460663466846658e-7,0.0,0.0,0.0,0.00046105171134554234,0.0029803664113002126,-0.019069035270568694,-1.2979498349293458e-5,-1.5029668194481671e-6,9.428128398394975,-51.55009213903661,-13.20419015252957,56.465584856129034,0.0,1.7553028542514203e-6
-0.1707179442928654,0.0006711547526822715,-0.7548330437122917,0.020083660955525225,0.0006335885031765096,-0.04793007004875846,-5.460663466846658e-7,0.0,0.0,0.0,0.0004444995162067322,0.0029803664113002126,-0.019069035270568694,-1.2979498349293458e-5,-1.4670282116065343e-6,9.347755254667705,-51.58760674683835,-13.653608412058993,57.01988991469462,0.0,1.7553028542514203e-6
-0.1707179442928654,0.0006711547526822715,-0.5521005294863819,0.020083660955525225,0.0006335885031765096,-0.04613618380353751,-5.460663466846658e-7,0.0,0.0,0.0,0.0003944286734084624,0.040319109671632485,0.034097678790881575,-0.00017123460338733191,-1.2067106706201581e-6,6.415336739807811,-38.23836311370226,-10.486801821835444,42.89899518316537,0.0,1.7553028542514203e-6
-0.1707179442928654,0.0006711547526822715,-0.7463011617922304,0.020083660955525225,0.0006335885031765096,-0.04770099498608264,-5.460663466846658e-7,0.0,0.0,0.0,0.00047414462690626694,0.0029803664113002126,-0.019069035270568694,-1.2979498349293458e-5,-1.5449178480079689e-6,9.364339962992766,-50.683999951266806,-13.167318542135462,55.61297562495013,0.0,1.7553028542514203e-6
-0.1707179442928654,0.0006711547526822715,-0.7394895797188498,0.020083660955525225,0.0006335885031765096,-0.04784783170114597,-5.460663466846658e-7,0.0,0.0,0.0,0.00046416298870603984,0.0029803664113002126,-0.019069035270568694,-1.2979498349293458e-5,-1.5009639707870766e-6,8.946971575197605,-48.170093484549696,-12.008344820270995,52.327799587828416,0.0,1.7553028542514203e-6
-0.1707179442928654,0.0006711547526822715,-0.5478381985040075,0.020083660955525225,0.0006335885031765096,-0.04739988925808696,-5.460663466846658e-7,0.0,0.0,0.0,0.00037140549803369165,0.049511010824163086,0.039858179500110974,-0.00019714897479641553,-1.1458133583366976e-6,6.54340690460468,-40.11987883279553,-11.374303967636328,45.447065614949395,0.0,1.7553028542514203e-6
-0.1707179442928654,0.0006711547526822715,-0.7637424032638037,0.020083660955525225,0.0006335885031765096,-0.04800588546746398,-5.460663466846658e-7,0.0,0.0,0.0,0.00046691389899315933,0.0029803664113002126,-0.019069035270568694,-1.2979498349293458e-5,-1.5110978370475936e-6,9.254717533684863,-50.246912032701815,-12.655463913356344,54.833019638532285,0.0,1.7553028542514203e-6
-0.1707179442928654,0.0006711547526822715,-0.7603493830525004,0.020083660955525225,0.0006335885031765096,-0.048637382793820724,-5.460663466846658e-7,0.0,0.0,0.0,0.0004888332867132342,0.0029803664113002126,-0.019069035270568694,-1.2979498349293458e-5,-1.5569159077210201e-6,8.773530128598628,-48.23920333281148,-12.196219980132001,52.827852386261036,0.0,1.7553028542514203e-6
-0.1707179442928654,0.0006711547526822715,-0.7649773202997739,0.020083660955525225,0.0006335885031765096,-0.04857499212333627,-5.460663466846658e-7,0.0,0.0,0.0,0.0004657687365408217,0.0029803664113002126,-0.019069035270568694,-1.2979498349293458e-5,-1.504916515778418e-6,8.308907364749508,-45.17665086277897,-11.083972697320434,49.142449537755304,0.0,1.7553028542514203e-6
-0.1707179442928654,0.0006711547526822715,-0.7492774716992402,0.020083660955525225,0.0006335885031765096,-0.04733673278675395,-5.460663466846658e-7,0.0,0.0,0.0,0.00043783470420520707,0.0029803664113002126,-0.019069035270568694,-1.2979498349293458e-5,-1.4595152584066938e-6,9.7137366282619,-52.3276547856826,-13.437243797409243,57.194740780277606,0.0,1.7553028542514203e-6
-0.1707179442928654,0.0006711547526822715,-0.7774461167608149,0.020083660955525225,0.0006335885031765096,-0.04890296909675215,-5.460663466846658e-7,0.0,0.0,0.0,0.0004799190929662574,0.0029803664113002126,-0.019069035270568694,-1.2979498349293458e-5,-1.5323068532202202e-6,8.796496855514388,-48.60129744352008,-12.232657820924608,53.25813075433946,0.0,1.7553028542514203e-6
-0.1707179442928654,0.0006711547526822715,-0.7508391862833791,0.020083660955525225,0.0006335885031765096,-0.0477897642055961,-5.460663466846658e-7,0.0,0.0,0.0,0.0004658330140705903,0.0029803664113002126,-0.019069035270568694,-1.2979498349293458e-5,-1.500855817193252e-6,9.077885013276507,-49.74501372482502,-12.86137412266745,54.66615187418872,0.0,1.7553028542514203e-6
-0.1707179442928654,0.0006711547526822715,-0.7704198675545831,0.020083660955525225,0.0006335885031765096,-0.047887986777711944,-5.460663466846658e-7,0.0,0.0,0.0,0.00047658691939779984,0.0029803664113002126,-0.019069035270568694,-1.2979498349293458e-5,-1.5242785750804955e-6,8.765622848559484,-47.470315860905856,-11.664400508485967,51.613204902688416,0.0,1.7553028542514203e-6
-0.1707179442928654,0.0006711547526822715,-0.7449386840743779,0.020083660955525225,0.0006335885031765096,-0.04809897562868889,-5.460663466846658e-7,0.0,0.0,0.0,0.00047471143317050506,0.0029803664113002126,-0.019069035270568694,-1.2979498349293458e-5,-1.5381108523979618e-6,9.199176257288409,-50.165853905641114,-12.983449531116841,55.05708004264742,0.0,1.7553028542514203e-6
-0.1707179442928654,0.0006711547526822715,-0.7709783748705569,0.020083660955525225,0.0006335885031765096,-0.04850404881466081,-5.460663466846658e-7,0.0,0.0,0.0,0.000480666170514988,0.0029803664113002126,-0.019069035270568694,-1.2979498349293458e-5,-1.5188021899913625e-6,8.567336783313896,-47.54571825198812,-12.011101228490242,52.175861390783886,0.0,1.7553028542514203e-6
-0.1707179442928654,0.0006711547526822715,-0.5554333999355204,0.020083660955525225,0.0006335885031765096,-0.04755374824200031,-5.460663466846658e-7,0.0,0.0,0.0,0.00037830492219851155,0.05270743751063637,0.05134153014251169,-0.00021308843942783483,-1.1547968293329835e-6,5.821821779487408,-36.41340814407986,-10.276046534774252,41.37594964395811,0.0,1.7553028542514203e-6
-0.1707179442928654,0.0006711547526822715,-0.7653403064557815,0.020083660955525225,0.0006335885031765096,-0.04868256648909548,-5.460663466846658e-7,0.0,0.0,0.0,0.00048006987584910143,0.0029803664113002126,-0.019069035270568694,-1.2979498349293458e-5,-1.532008321569851e-6,8.944573202333386,-48.87760749723203,-12.365812437143182,53.45115253422385,0.0,1.7553028542514203e-6
-0.1707179442928654,0.0006711547526822715,-0.7587123451157589,0.020083660955525225,0.0006335885031765096,-0.04820192622412195,-5.460663466846658e-7,0.0,0.0,0.0,0.00048212580263271856,0.0029803664113002126,-0.019069035270568694,-1.2979498349293458e-5,-1.550781985292496e-6,9.008766250123797,-49.78214001038081,-13.01674268940027,54.94062089073187,0.0,1.7553028542514203e-6
-0.1707179442928654,0.0006711547526822715,-0.7728003124870648,0.020083660955525225,0.0006335885031765096,-0.04871405752119541,-5.460663466846658e-7,0.0,0.0,0.0,0.0004703458865229749,0.0029803664113002126,-0.019069035270568694,-1.2979498349293458e-5,-1.5255372312200309e-6,9.013532917098251,-49.629894668722194,-12.672554837646066,54.50460910120747,0.0,1.7553028542514203e-6
-0.1707179442928654,0.0006711547526822715,-0.767233918775516,0.020083660955525225,0.0006335885031765096,-0.04855139141223737,-5.460663466846658e-7,0.0,0.0,0.0,0.0004756852592094794,0.0029803664113002126,-0.019069035270568694,-1.2979498349293458e-5,-1.5231324389862329e-6,8.623194161060015,-47.77478443381135,-12.325029640849495,52.64745019786536,0.0,1.7553028542514203e-6
-0.1707179442928654,0.0006711547526822715,-0.7717291226380779,0.020083660955525225,0.0006335885031765096,-0.04819047316395622,-5.460663466846658e-7,0.0,0.0,0.0,0.0004744751985091964,0.0029803664113002126,-0.019069035270568694,-1.2979498349293458e-5,-1.5283130524431301e-6,9.549698048221225,-52.319230643257804,-13.435933824284255,57.42768615637285,0.0,1.7553028542514203e-6
-0.1707179442928654,0.0006711547526822715,-0.5585734137523841,0.020083660955525225,0.0006335885031765096,-0.0463556293554502,-5.460663466846658e-7,0.0,0.0,0.0,0.00037561379289511795,0.0449827631994914,0.033173659679229806,-0.00018032028523847431,-1.1636797703989977e-6,6.626197688713953,-39.96932151254398,-11.103095762346584,45.0412622599429,0.0,1.7553028542514203e-6
-0.1707179442928654,0.0006711547526822715,-0.7555914379565376,0.020083660955525225,0.0006335885031765096,-0.048465290099526256,-5.460663466846658e-7,0.0,0.0,0.0,0.0004401366380568292,0.0029803664113002126,-0.019069035270568694,-1.2979498349293458e-5,-1.4348322822607979e-6,8.572055625962685,-46.84038909082678,-11.719428447972279,51.11140570766528,0.0,1.7553028542514203e-6
-0.1707179442928654,0.0006711547526822715,-0.7689873882913415,0.020083660955525225,0.0006335885031765096,-0.04835691898900333,-5.460663466846658e-7,0.0,0.0,0.0,0.0004687070310645618,0.0029803664113002126,-0.019069035270568694,-1.2979498349293458e-5,-1.5006388132016726e-6,8.751902381998217,-48.22851215928202,-12.145736069156499,52.81965807861252,0.0,1.7553028542514203e-6
-0.1707179442928654,0.0006711547526822715,-0.7595240460295011,0.020083660955525225,0.0006335885031765096,-0.04898088834084245,-5.460663466846658e-7,0.0,0.0,0.0,0.0004879166934387948,0.0029803664113002126,-0.019069035270568694,-1.2979498349293458e-5,-1.5473466402296457e-6,8.99142619480358,-49.9400070899429,-13.107198383838853,55.168463662600864,0.0,1.7553028542514203e-6
-0.1707179442928654,0.0006711547526822715,-0.7605083541111555,0.020083660955525225,0.0006335885031765096,-0.04758424372334898,-5.460663466846658e-7,0.0,0.0,0.0,0.0004605402672481229,0.0029803664113002126,-0.019069035270568694,-1.2979498349293458e-5,-1.4991783806918357e-6,9.617678826698134,-52.576689418658454,-13.641386234567761,57.79995118906678,0.0,1.7553028542514203e-6
-0.1707179442928654,0.0006711547526822715,-0.7620926842641266,0.020083660955525225,0.0006335885031765096,-0.04758048217169862,-5.460663466846658e-7,0.0,0.0,0.0,0.0004558219229600991,0.0029803664113002126,-0.019069035270568694,-1.2979498349293458e-5,-1.4779219229018027e-6,8.64656688030983,-47.192023184446214,-11.918783103479313,51.64927185826543,0.0,1.7553028542514203e-6
-0.1707179442928654,0.0006711547526822715,-0.7509119005710684,0.020083660955525225,0.0006335885031765096,-0.04703527342960811,-5.460663466846658e-7,0.0,0.0,0.0,0.00043640162388842985,0.0029803664113002126,-0.019069035270568694,-1.2979498349293458e-5,-1.4369764466671383e-6,9.473946899814246,-51.70985357508916,-13.4527001555212,56.83842827873199,0.0,1.7553028542514203e-6
-0.1707179442928654,0.0006711547526822715,-0.7643050358969677,0.020083660955525225,0.0006335885031765096,-0.048836451251808785,-5.460663466846658e-7,0.0,0.0,0.0,0.00046403522767199607,0.0029803664113002126,-0.019069035270568694,-1.2979498349293458e-5,-1.5131092403454412e-6,8.904398225505956,-48.23393704794606,-12.01819934699748,52.52578020463601,0.0,1.7553028542514203e-6
-0.1707179442928654,0.0006711547526822715,-0.7669328249255148,0.020083660955525225,0.0006335885031765096,-0.04806071116389225,-5.460663466846658e-7,0.0,0.0,0.0,0.0004598101667254768,0.0029803664113002126,-0.019069035270568694,-1.2979498349293458e-5,-1.5017119600619953e-6,9.287969698022376,-50.149413168801,-12.62684509105749,54.682434366954915,0.0,1.7553028542514203e-6
-0.1707179442928654,0.0006711547526822715,-0.7763526113274094,0.020083660955525225,0.0006335885031765096,-0.049308620511269725,-5.460663466846658e-7,0.0,0.0,0.0,0.0004971394091720426,0.0029803664113002126,-0.019069035270568694,-1.2979498349293458e-5,-1.5707919771708733e-6,9.008012898122741,-50.285638456589076,-12.988030636247746,55.450750383369076,0.0,1.7553028542514203e-6
-0.1707179442928654,0.0006711547526822715,0.1303500067038108,0.020083660955525225,0.0006335885031765096,-0.03451754423883931,-5.460663466846658e-7,0.0,0.0,0.0,0.0003509370364459035,0.0598147252119582,0.08933588565785422,-0.00032389727338859867,-9.014507264020573e-7,4.56276900701235,-28.292786266795808,-12.464340809761001,34.434682797950614,0.0,1.7553028542514203e-6
-0.1707179442928654,0.0006711547526822715,-0.7643573984913508,0.020083660955525225,0.0006335885031765096,-0.04759010360195408,-5.460663466846658e-7,0.0,0.0,0.0,0.00047381098153512257,0.0029803664113002126,-0.019069035270568694,-1.2979498349293458e-5,-1.522981783986849e-6,9.216288521871931,-49.27632143289278,-12.076166789759936,53.36484851723918,0.0,1.7553028542514203e-6
-0.1707179442928654,0.0006711547526822715,-0.7491091602421723,0.020083660955525225,0.0006335885031765096,-0.047512852592456925,-5.460663466846658e-7,0.0,0.0,0.0,0.0004510824338432789,0.0029803664113002126,-0.019069035270568694,-1.2979498349293458e-5,-1.4811899192869465e-6,9.393123912276199,-51.42338832725936,-13.434550105545126,56.608387497184715,0.0,1.7553028542514203e-6
-0.1707179442928654,0.0006711547526822715,-0.5726734133211747,0.020083660955525225,0.0006335885031765096,-0.047645062415238054,-5.460663466846658e-7,0.0,0.0,0.0,0.0004099501850544898,0.04577638438233154,0.03605830795104578,-0.00018278514103830512,-1.231347725924641e-6,5.857429442502799,-35.9317265897575,-9.90962140423003,40.5453579813584,0.0,1.7553028542514203e-6
-0.1707179442928654,0.0006711547526822715,-0.76870955106062,0.020083660955525225,0.0006335885031765096,-0.048193832185096534,-5.460663466846658e-7,0.0,0.0,0.0,0.000475869714265693,0.0029803664113002126,-0.019069035270568694,-1.2979498349293458e-5,-1.5355058838126413e-6,9.218388964926922,-50.77001161833061,-13.096675271095435,55.8677986876937,0.0,1.7553028542514203e-6
1.3052621219860105,-0.005327010460790722,-0.5573447450438569,-0.15972013815972047,-0.3161606630850783,-0.04820320439797057,4.411551863376246e-6,0.0,0.0,0.0,0.0010985350585175527,0.05432458210314968,0.05646140951517495,-0.00022063926016441485,-1.3180754814638793e-6,8.236784554863958,-46.69309792401879,-13.481564458455168,52.587916806008934,0.0,1.7553028542514203e-6
-0.1707179442928654,0.0006711547526822715,-0.7754340011769684,0.020083660955525225,0.0006335885031765096,-0.048489621068772665,-5.460663466846658e-7,0.0,0.0,0.0,0.00047560065045017404,0.0029803664113002126,-0.019069035270568694,-1.2979498349293458e-5,-1.5418905958142774e-6,9.015700391268352,-48.42636986265267,-11.737237669592686,52.41503973909335,0.0,1.7553028542514203e-6
-0.1707179442928654,0.0006711547526822715,-0.5270686462870766,0.020083660955525225,0.0006335885031765096,-0.047578282633883084,-5.460663466846658e-7,0.0,0.0,0.0,0.0004137113626964098,0.04503005081908976,0.03711069021381999,-0.00018583123678394257,-1.2447168033124004e-6,5.728353983676749,-34.894314016074546,-9.571801767258535,39.179722020010196,0.0,1.7553028542514203e-6
-0.1707179442928654,0.0006711547526822715,-0.5560966311097332,0.020083660955525225,0.0006335885031765096,-0.04728226609963016,-5.460663466846658e-7,0.0,0.0,0.0,0.0003992505577198748,0.046386007600006926,0.039628665663653806,-0.00019179674084920454,-1.178766160278098e-6,5.992509450308191,-36.782798742545,-9.844522584719105,41.194494772737634,0.0,1.7553028542514203e-6
-0.1707179442928654,0.0006711547526822715,-0.7599633702994487,0.020083660955525225,0.0006335885031765096,-0.048165300532899614,-5.460663466846658e-7,0.0,0.0,0.0,0.0004671089224743078,0.0029803664113002126,-0.019069035270568694,-1.2979498349293458e-5,-1.5080174873098838e-6,9.202159330067317,-50.9079536139826,-13.340671516496451,56.19720608375449,0.0,1.7553028542514203e-6
-0.1707179442928654,0.0006711547526822715,-0.7745644486180123,0.020083660955525225,0.0006335885031765096,-0.048338061575399154,-5.460663466846658e-7,0.0,0.0,0.0,0.0004816522178263626,0.0029803664113002126,-0.019069035270568694,-1.2979498349293458e-5,-1.5357860150442797e-6,9.056092004928798,-49.71181198361093,-12.650724953839607,54.519011243070146,0.0,1.7553028542514203e-6
-0.1707179442928654,0.0006711547526822715,-0.7682689006276837,0.020083660955525225,0.0006335885031765096,-0.049078409889567166,-5.460663466846658e-7,0.0,0.0,0.0,0.0004689011859352843,0.0029803664113002126,-0.019069035270568694,-1.2979498349293458e-5,-1.5107344872383797e-6,8.091637955084776,-44.61845491485309,-10.914895845090102,48.63725231162988,0.0,1.7553028542514203e-6
-0.1707179442928654,0.0006711547526822715,-0.7628921407545527,0.020083660955525225,0.0006335885031765096,-0.04797560368306282,-5.460663466846658e-7,0.0,0.0,0.0,0.00047954289681581856,0.0029803664113002126,-0.019069035270568694,-1.2979498349293458e-5,-1.5328079446214621e-6,8.769003520443107,-48.7094033378687,-12.797413402184585,53.89789156127228,0.0,1.7553028542514203e-6
-0.1707179442928654,0.0006711547526822715,-0.7750166195995066,0.020083660955525225,0.0006335885031765096,-0.04874942678297682,-5.460663466846658e-7,0.0,0.0,0.0,0.0004442997661846497,0.0029803664113002126,-0.019069035270568694,-1.2979498349293458e-5,-1.4274524805665266e-6,8.451050291354882,-47.5088015058351,-12.063025427006902,52.30946690022018,0.0,1.7553028542514203e-6
1.3951767038549039,-0.005334911644956138,-0.5639588517592348,-0.14829405942008614,0.0006335885031765096,-0.048531762986180886,4.211197568173708e-6,0.0,0.0,0.0,0.0010286741268049062,0.05389356244881737,0.058478403915373164,-0.00022104199538722195,-1.748394470578642e-6,7.430103674646338,-41.01804832818814,-10.568442327968866,44.867830804042754,0.0,1.7553028542514203e-6
-0.1707179442928654,0.0006711547526822715,-0.5404306153022181,0.020083660955525225,0.0006335885031765096,-0.04684586978212961,-5.460663466846658e-7,0.0,0.0,0.0,0.00035567091473436756,0.050587848997211186,0.04406178220379606,-0.00020475942965350906,-1.0911226306939065e-6,5.535503257967484,-34.57558239741149,-9.699617751519588,39.22122830961924,0.0,1.7553028542514203e-6
-0.1707179442928654,0.0006711547526822715,-0.7755416752977214,0.020083660955525225,0.0006335885031765096,-0.048453294043183465,-5.460663466846658e-7,0.0,0.0,0.0,0.00047882188432860767,0.0029803664113002126,-0.019069035270568694,-1.2979498349293458e-5,-1.5323261957868955e-6,8.785984935590077,-48.28691621989901,-12.081268829902239,52.823470383068795,0.0,1.7553028542514203e-6
-0.1707179442928654,0.0006711547526822715,-0.7625507236289636,0.020083660955525225,0.0006335885031765096,-0.049020539118584706,-5.460663466846658e-7,0.0,0.0,0.0,0.0005025373481877449,0.0029803664113002126,-0.019069035270568694,-1.2979498349293458e-5,-1.5861472311304264e-6,8.89810388541276,-48.882120603510685,-12.482148737224039,53.605952362608846,0.0,1.7553028542514203e-6
-0.1707179442928654,0.0006711547526822715,-0.7726026305380687,0.020083660955525225,0.0006335885031765096,-0.0487021332086037,-5.460663466846658e-7,0.0,0.0,0.0,0.0004615015489385386,0.0029803664113002126,-0.019069035270568694,-1.2979498349293458e-5,-1.5099266914090753e-6,9.37368636943747,-51.53251062076459,-13.237989397648459,56.614208326191466,0.0,1.7553028542514203e-6
-0.1707179442928654,0.0006711547526822715,-0.5541733091169255,0.020083660955525225,0.0006335885031765096,-0.046804007485479845,-5.460663466846658e-7,0.0,0.0,0.0,0.0003895432659355042,0.051072318768885246,0.04226077183612785,-0.00020224029465705485,-1.1862640638036957e-6,5.7882093667543,-34.693136781887254,-9.111305664309294,38.58158609922665,0.0,1.7553028542514203e-6
-0.1707179442928654,0.0006711547526822715,-0.7638823678427031,0.020083660955525225,0.0006335885031765096,-0.0475353799174376,-5.460663466846658e-7,0.0,0.0,0.0,0.00047497246518146273,0.0029803664113002126,-0.019069035270568694,-1.2979498349293458e-5,-1.519199150574214e-6,9.458604853522768,-51.506894886709496,-13.062165361411681,56.32094969077004,0.0,1.7553028542514203e-6
-0.1707179442928654,0.0006711547526822715,-0.7515947865582674,0.020083660955525225,0.0006335885031765096,-0.04821593525334363,-5.460663466846658e-7,0.0,0.0,0.0,0.0004627113912171356,0.0029803664113002126,-0.019069035270568694,-1.2979498349293458e-5,-1.508709496019449e-6,9.162251796852594,-49.96331652775812,-12.700533537585216,54.65400502132436,0.0,1.7553028542514203e-6
1.0819238031628875,-0.004429920879454629,-0.562482084532866,-0.12110665616669908,0.0006335885031765096,-0.04823928992301399,3.4104581533714514e-6,0.0,0.0,0.0,0.000891863190421111,0.0542547099889253,0.048840456750914016,-0.0002159054502654724,-1.5721944091419141e-6,8.589811220689322,-47.28554945766281,-12.822475342394597,52.27589099707554,0.0,1.7553028542514203e-6
-0.1707179442928654,0.0006711547526822715,-0.7519149103736099,0.020083660955525225,0.0006335885031765096,-0.049233049071487935,-5.460663466846658e-7,0.0,0.0,0.0,0.00048007335088388176,0.0029803664113002126,-0.019069035270568694,-1.2979498349293458e-5,-1.529595236529278e-6,8.483379820411873,-47.549582551606605,-12.378209993503667,52.50757614388383,0.0,1.7553028542514203e-6
-0.1707179442928654,0.0006711547526822715,-0.7625789842262709,0.020083660955525225,0.0006335885031765096,-0.04718683596500526,-5.460663466846658e-7,0.0,0.0,0.0,0.0004667418053543841,0.0029803664113002126,-0.019069035270568694,-1.2979498349293458e-5,-1.5030878251110634e-6,9.197722919360169,-50.14548515675592,-12.86806337120455,55.011765755706044,0.0,1.7553028542514203e-6
1.102242357659182,-0.0043609449554868705,-0.5639421245127718,-0.1625799709039949,0.0006335885031765096,-0.04794936309476923,3.5208844311772035e-6,0.0,0.0,0.0,0.0011272390673691844,0.054130497746483756,0.058802237157335444,-0.00022224427991093717,-1.899021377160847e-6,7.24436872220641,-40.38920386080326,-10.646507997920935,44.50764875973286,0.0,1.7553028542514203e-6
1.2668510212666826,-0.004969516639369132,-0.5575483951566667,-0.1425821922163251,0.0006335885031765096,-0.04691623330588462,4.037934133348561e-6,0.0,0.0,0.0,0.0009791035412908002,0.05081910315784832,0.037371854728468004,-0.0001975649002096632,-1.6504268738511483e-6,8.397983649379158,-48.008254590519314,-13.648483338448653,53.939794862168206,0.0,1.7553028542514203e-6
-0.1707179442928654,0.0006711547526822715,-0.7449587358706593,0.020083660955525225,0.0006335885031765096,-0.048723647449314844,-5.460663466846658e-7,0.0,0.0,0.0,0.0004746812265933706,0.0029803664113002126,-0.019069035270568694,-1.2979498349293458e-5,-1.5391423798576117e-6,9.041146340775905,-49.518690882989446,-12.875233458616027,54.424324172413556,0.0,1.7553028542514203e-6
-0.1707179442928654,0.0006711547526822715,-0.7784127319921418,0.020083660955525225,0.0006335885031765096,-0.048989920337687023,-5.460663466846658e-7,0.0,0.0,0.0,0.0004653035344552956,0.0029803664113002126,-0.019069035270568694,-1.2979498349293458e-5,-1.5091131680433797e-6,9.36653139653345,-51.81772714022792,-13.45866302388095,57.114590760421855,0.0,1.7553028542514203e-6
1.3449077247238888,-0.005427129564167458,-0.5622828701390897,-0.16408970803458492,0.0006335885031765096,-0.047231892797890834,4.443759269999797e-6,0.0,0.0,0.0,0.001077548985591557,0.0544756093588713,0.0450589755713771,-0.00021319020082087294,-1.756493484917976e-6,7.770892324498888,-42.36487749410806,-10.938541348289755,46.30912876889869,0.0,1.7553028542514203e-6
-0.1707179442928654,0.0006711547526822715,-0.5370204182596997,0.020083660955525225,0.0006335885031765096,-0.04681520833364731,-5.460663466846658e-7,0.0,0.0,0.0,0.00039350581833772413,0.045808990252312436,0.039857236787342376,-0.00018990193446628722,-1.1850625611361018e-6,5.922261256381596,-36.06138079784007,-9.921639394289485,40.535102251802414,0.0,1.7553028542514203e-6
-0.1707179442928654,0.0006711547526822715,-0.7616866809765247,0.020083660955525225,0.0006335885031765096,-0.0481991075452289,-5.460663466846658e-7,0.0,0.0,0.0,0.0005023415892045338,0.0029803664113002126,-0.019069035270568694,-1.2979498349293458e-5,-1.6072452685210753e-6,9.435823023390462,-51.68448236110932,-13.598556407294627,57.01440697866217,0.0,1.7553028542514203e-6
-0.1707179442928654,0.0006711547526822715,-0.5527909595587017,0.020083660955525225,0.0006335885031765096,-0.047016223972824706,-5.460663466846658e-7,0.0,0.0,0.0,0.00040894438436448355,0.04464238322042816,0.038771427269537265,-0.00018418385594008227,-1.2274603644330415e-6,6.098225142202322,-37.005086067413735,-10.332036949003935,41.724624072427986,0.0,1.7553028542514203e-6
-0.1707179442928654,0.0006711547526822715,-0.7553271308591093,0.020083660955525225,0.0006335885031765096,-0.04827783685838408,-5.460663466846658e-7,0.0,0.0,0.0,0.00047314569779209885,0.0029803664113002126,-0.019069035270568694,-1.2979498349293458e-5,-1.5237078102828456e-6,8.660686354089847,-47.15535881836888,-11.801328648252529,51.450889041351665,0.0,1.7553028542514203e-6
-0.1707179442928654,0.0006711547526822715,-0.7580298594703387,0.020083660955525225,0.0006335885031765096,-0.04790905798679766,-5.460663466846658e-7,0.0,0.0,0.0,0.00046102451711028643,0.0029803664113002126,-0.019069035270568694,-1.2979498349293458e-5,-1.4989073015432934e-6,9.250850159798492,-50.77456380765717,-13.204156698547429,55.882931739517495,0.0,1.7553028542514203e-6
-0.1707179442928654,0.0006711547526822715,-0.56412478368822,0.020083660955525225,0.0006335885031765096,-0.047268793957517194,-5.460663466846658e-7,0.0,0.0,0.0,0.0003934989631501079,0.04822838189960048,0.045239167681049824,-0.00019672902948232146,-1.2041720811234746e-6,6.206960071943037,-36.97417138825943,-9.730179989503895,41.09265028863102,0.0,1.7553028542514203e-6
1.4163839742233983,-0.005508365834802112,-0.5435459769067994,-0.18174596925484424,0.0006335885031765096,-0.047917273329755955,4.394390619200178e-6,0.0,0.0,0.0,0.0011470012100724559,0.051537003195895555,0.047718846385489413,-0.00020940382246633512,-1.8211943185660397e-6,7.601529359309394,-42.99966651574384,-11.924525729683566,47.95151841284542,0.0,1.7553028542514203e-6
1.265315267353613,-0.004750436025812846,-0.5691307599964213,-0.11585448196095854,0.0006335885031765096,-0.04822370878930656,3.715515846314394e-6,0.0,0.0,0.0,0.0008804534276877783,0.05000856944994477,0.05155605573605597,-0.0002050868213424822,-1.603354334174366e-6,7.490688019314158,-41.97696801040908,-11.177431369593137,46.36106094524751,0.0,1.7553028542514203e-6
-0.1707179442928654,0.0006711547526822715,-0.7737735085337127,0.020083660955525225,0.0006335885031765096,-0.0490659579760776,-5.460663466846658e-7,0.0,0.0,0.0,0.00048150013406403564,0.0029803664113002126,-0.019069035270568694,-1.2979498349293458e-5,-1.509441163958993e-6,8.426359696567788,-47.73712172548388,-12.41108811766069,52.87874553374539,0.0,1.7553028542514203e-6
-0.1707179442928654,0.0006711547526822715,-0.7697096438202544,0.020083660955525225,0.0006335885031765096,-0.047911892186872945,-5.460663466846658e-7,0.0,0.0,0.0,0.0004741553667576613,0.0029803664113002126,-0.019069035270568694,-1.2979498349293458e-5,-1.5291415051021742e-6,9.245492048235695,-50.56212066468649,-13.023781308736526,55.548862588704544,0.0,1.7553028542514203e-6
-0.1707179442928654,0.0006711547526822715,-0.5481927895443492,0.020083660955525225,0.0006335885031765096,-0.04765390839147205,-5.460663466846658e-7,0.0,0.0,0.0,0.00040475861677993677,0.04767499612733695,0.043083524341825344,-0.00019807897128476138,-1.1966200713428052e-6,5.8590314064389855,-36.36084866571072,-10.039691488542365,41.04227533647344,0.0,1.7553028542514203e-6
-0.1707179442928654,0.0006711547526822715,-0.572275114899753,0.020083660955525225,0.0006335885031765096,-0.04741230570212659,-5.460663466846658e-7,0.0,0.0,0.0,0.00041585615116326467,0.04479844596094583,0.04011274101250861,-0.0001862357654307617,-1.2439330750003694e-6,6.2250978379757544,-38.1064200752354,-10.550608198677223,43.018029737249435,0.0,1.7553028542514203e-6
-0.1707179442928654,0.0006711547526822715,-0.7708919931859081,0.020083660955525225,0.0006335885031765096,-0.048816926880507934,-5.460663466846658e-7,0.0,0.0,0.0,0.0004751198802233626,0.0029803664113002126,-0.019069035270568694,-1.2979498349293458e-5,-1.5152660519855162e-6,8.986685105880424,-49.64729641970519,-12.660564767324633,54.50418942403332,0.0,1.7553028542514203e-6
-0.1707179442928654,0.0006711547526822715,-0.7581612583341026,0.020083660955525225,0.0006335885031765096,-0.04815533316612791,-5.460663466846658e-7,0.0,0.0,0.0,0.00047209687268160187,0.0029803664113002126,-0.019069035270568694,-1.2979498349293458e-5,-1.5258720976506225e-6,9.32516047219658,-50.49267788226155,-12.670982181888009,55.01412164907642,0.0,1.7553028542514203e-6
-0.1707179442928654,0.0006711547526822715,-0.7635900661285078,0.020083660955525225,0.0006335885031765096,-0.04779603030519873,-5.460663466846658e-7,0.0,0.0,0.0,0.0005047522957372641,0.0029803664113002126,-0.019069035270568694,-1.2979498349293458e-5,-1.5932503835719115e-6,9.16148231574192,-49.6395700698783,-12.398075530533305,54.09659676995896,0.0,1.7553028542514203e-6
-0.1707179442928654,0.0006711547526822715,-0.7597111523440262,0.020083660955525225,0.0006335885031765096,-0.048603203440832195,-5.460663466846658e-7,0.0,0.0,0.0,0.0004758459687008061,0.0029803664113002126,-0.019069035270568694,-1.2979498349293458e-5,-1.5158379409772235e-6,8.343777217261335,-45.57568738298188,-11.104490259111076,49.48988015760075,0.0,1.7553028542514203e-6
-0.1707179442928654,0.0006711547526822715,-0.7585908789888617,0.020083660955525225,0.0006335885031765096,-0.048365706841309086,-5.460663466846658e-7,0.0,0.0,0.0,0.0004354219586770588,0.0029803664113002126,-0.019069035270568694,-1.2979498349293458e-5,-1.4526818962605506e-6,9.419053178055792,-51.64252333675375,-13.294777587965086,56.70133836174298,0.0,1.7553028542514203e-6
-0.1707179442928654,0.0006711547526822715,-0.7618387335480662,0.020083660955525225,0.0006335885031765096,-0.04788285139823185,-5.460663466846658e-7,0.0,0.0,0.0,0.00047508939203824425,0.0029803664113002126,-0.019069035270568694,-1.2979498349293458e-5,-1.5281834392924578e-6,9.459811220439315,-51.44671329509863,-13.229113447591718,56.37632326124463,0.0,1.7553028542514203e-6
-0.1707179442928654,-0.003442890695153321,0.1303500067038108,-0.13644336917910255,0.0006335885031765096,-0.045809673569492886,6.473751562326939e-6,0.0,0.0,0.0,0.0010880671983600583,0.029848903428248738,0.07089418634198177,-0.0002111253786881228,-1.7325000355301024e-6,4.610281560832109,-29.38590600082464,-14.89122817588927,40.42554441953009,0.0,-0.00030373199341825576
-0.1707179442928654,0.0006711547526822715,-0.5594585886596042,0.020083660955525225,0.0006335885031765096,-0.046723638286686166,-5.460663466846658e-7,0.0,0.0,0.0,0.0004071017368046519,0.045996973070546315,0.04470050373343208,-0.00019285024393154667,-1.2350521102658118e-6,6.136629387989803,-36.69925069765113,-9.94778839144449,41.09725601544708,0.0,1.7553028542514203e-6
-0.1707179442928654,0.0006711547526822715,-0.761066541723251,0.020083660955525225,0.0006335885031765096,-0.04764718590331785,-5.460663466846658e-7,0.0,0.0,0.0,0.0004765033012820249,0.0029803664113002126,-0.019069035270568694,-1.2979498349293458e-5,-1.5332329388904187e-6,9.392046670945772,-51.41664654483821,-13.391813284177433,56.58770092879072,0.0,1.7553028542514203e-6
-0.1707179442928654,0.0006711547526822715,-0.5496822495047157,0.020083660955525225,0.0006335885031765096,-0.04762540590184174,-5.460663466846658e-7,0.0,0.0,0.0,0.000396833915314064,0.05128808863459695,0.0514749686137302,-0.00021063740792031074,-1.2115665092039555e-6,6.23729695802739,-37.627137826054984,-10.206819468609202,42.13122953948761,0.0,1.7553028542514203e-6
-0.1707179442928654,0.0006711547526822715,-0.5499583022274733,0.020083660955525225,0.0006335885031765096,-0.04854030678088921,-5.460663466846658e-7,0.0,0.0,0.0,0.0003911982323687418,0.0524811499716508,0.05362792942445224,-0.00021446053419281542,-1.1816189584709147e-6,5.614044742920671,-34.900179043772354,-9.478039542809336,39.23890994006629,0.0,1.7553028542514203e-6
-0.1707179442928654,0.0006711547526822715,-0.7798836921231694,0.020083660955525225,0.0006335885031765096,-0.04891172920701655,-5.460663466846658e-7,0.0,0.0,0.0,0.0004812070720429304,0.0029803664113002126,-0.019069035270568694,-1.2979498349293458e-5,-1.540204246130416e-6,8.956336136172988,-49.76741008752822,-12.764468231580626,54.817204676895834,0.0,1.7553028542514203e-6
-0.1707179442928654,0.0006711547526822715,-0.5499045993113364,0.020083660955525225,0.0006335885031765096,-0.04644133436849836,-5.460663466846658e-7,0.0,0.0,0.0,0.00038115733047637383,0.05040721103233789,0.04672341934313026,-0.00020446909275788445,-1.1748492511014464e-6,6.6440798763195,-40.259220562133166,-11.456971015739338,45.61092673071156,0.0,1.7553028542514203e-6
-0.1707179442928654,0.0006711547526822715,-0.7676194698972416,0.020083660955525225,0.0006335885031765096,-0.04818462649395013,-5.460663466846658e-7,0.0,0.0,0.0,0.00045464444453096546,0.0029803664113002126,-0.019069035270568694,-1.2979498349293458e-5,-1.4855083167507479e-6,8.91774096740634,-48.592094906025594,-12.24611161480384,53.131725712388324,0.0,1.7553028542514203e-6
-0.1707179442928654,0.0006711547526822715,-0.7686071576631174,0.020083660955525225,0.0006335885031765096,-0.048802638386296324,-5.460663466846658e-7,0.0,0.0,0.0,0.0004836646065937886,0.0029803664113002126,-0.019069035270568694,-1.2979498349293458e-5,-1.5532420594685473e-6,8.668977312222262,-47.34090236188881,-11.793147410853205,51.66948729247335,0.0,1.7553028542514203e-6
-0.1707179442928654,0.0006711547526822715,-0.7431981748763455,0.020083660955525225,0.0006335885031765096,-0.04821334203446456,-5.460663466846658e-7,0.0,0.0,0.0,0.00044710292028808543,0.0029803664113002126,-0.019069035270568694,-1.2979498349293458e-5,-1.4711581575020347e-6,8.852780398410257,-48.00096702047418,-12.071151951693128,52.332173386986064,0.0,1.7553028542514203e-6
-0.1707179442928654,0.0006711547526822715,-0.7654074977765312,0.020083660955525225,0.0006335885031765096,-0.04725565193669265,-5.460663466846658e-7,0.0,0.0,0.0,0.00043695625743936676,0.0029803664113002126,-0.019069035270568694,-1.2979498349293458e-5,-1.438447230145196e-6,8.947882439544047,-49.10742847753195,-12.500714408449477,53.90710359509851,0.0,1.7553028542514203e-6
-0.1707179442928654,0.0006711547526822715,-0.7757286789430542,0.020083660955525225,0.0006335885031765096,-0.048680154305236,-5.460663466846658e-7,0.0,0.0,0.0,0.0005001807012360117,0.0029803664113002126,-0.019069035270568694,-1.2979498349293458e-5,-1.569791703327336e-6,9.311457507766088,-51.92777204267467,-13.521575967343178,57.35070403932412,0.0,1.7553028542514203e-6
1.299985760687517,-0.005018686419297634,-0.5815309327408846,-0.11693413909917477,0.0006335885031765096,-0.047566715468045875,3.926667640219039e-6,0.0,0.0,0.0,0.0008621893006617989,0.0517225212820233,0.04578908185343862,-0.0002044340860019902,-1.5549145478582467e-6,8.568675152754688,-47.364254443216986,-12.74171221496601,52.32745730185577,0.0,1.7553028542514203e-6
-0.1707179442928654,0.0006711547526822715,-0.7585727580142377,0.020083660955525225,0.0006335885031765096,-0.04712544061658054,-5.460663466846658e-7,0.0,0.0,0.0,0.0004388459757900692,0.0029803664113002126,-0.019069035270568694,-1.2979498349293458e-5,-1.4388473445635328e-6,9.093522317707407,-49.53638291860941,-12.55521392887753,54.187857592072625,0.0,1.7553028542514203e-6
1.124329661864833,-0.004605598714943675,-0.5743702642338328,-0.12457328004112553,0.0006335885031765096,-0.048581485420423585,3.6681511396585522e-6,0.0,0.0,0.0,0.0009407567700858835,0.04564176502418286,0.042316860327453756,-0.0001885341389855431,-1.669281530059663e-6,8.029636175016824,-44.55715477803239,-11.870013910860834,49.18914302113589,0.0,1.7553028542514203e-6
-0.1707179442928654,0.0006711547526822715,-0.780830766398777,0.020083660955525225,0.0006335885031765096,-0.04862081572168319,-5.460663466846658e-7,0.0,0.0,0.0,0.0004825822129894394,0.0029803664113002126,-0.019069035270568694,-1.2979498349293458e-5,-1.5369552904871317e-6,8.75193456837972,-48.053090507973586,-12.015025296233917,52.55916802609776,0.0,1.7553028542514203e-6
-0.1707179442928654,0.0006711547526822715,-0.7569078950076967,0.020083660955525225,0.0006335885031765096,-0.04815233301119826,-5.460663466846658e-7,0.0,0.0,0.0,0.00045550825613731684,0.0029803664113002126,-0.019069035270568694,-1.2979498349293458e-5,-1.4819381684534442e-6,9.350183278568895,-50.932728763663846,-13.041351790890348,55.76387063768579,0.0,1.7553028542514203e-6
-0.1707179442928654,0.0006711547526822715,-0.7649505906886364,0.020083660955525225,0.0006335885031765096,-0.04761734462536885,-5.460663466846658e-7,0.0,0.0,0.0,0.00046790719211663536,0.0029803664113002126,-0.019069035270568694,-1.2979498349293458e-5,-1.5183897403255054e-6,8.959410583262434,-47.84415803181017,-11.597576835503878,51.73422203691154,0.0,1.7553028542514203e-6
-0.1707179442928654,0.0006711547526822715,-0.7590517891970824,0.020083660955525225,0.0006335885031765096,-0.047826623566542034,-5.460663466846658e-7,0.0,0.0,0.0,0.0004686173168579707,0.0029803664113002126,-0.019069035270568694,-1.2979498349293458e-5,-1.5253023743262646e-6,9.456158870599642,-51.168402107762894,-13.02942960942749,55.91907394687002,0.0,1.7553028542514203e-6
-0.1707179442928654,0.0006711547526822715,-0.7741336831039413,0.020083660955525225,0.0006335885031765096,-0.04780445383902442,-5.460663466846658e-7,0.0,0.0,0.0,0.00046367805762723504,0.0029803664113002126,-0.019069035270568694,-1.2979498349293458e-5,-1.492153378899443e-6,9.209030790736941,-51.113510239249244,-13.309970779777638,56.438107118919326,0.0,1.7553028542514203e-6
-0.1707179442928654,0.0006711547526822715,-0.762726161439122,0.020083660955525225,0.0006335885031765096,-0.048425733624719684,-5.460663466846658e-7,0.0,0.0,0.0,0.0004576819416186816,0.0029803664113002126,-0.019069035270568694,-1.2979498349293458e-5,-1.5084164070247767e-6,9.342681681104047,-50.73706777601985,-12.916985743754928,55.50167379161737,0.0,1.7553028542514203e-6
-0.1707179442928654,0.0006711547526822715,-0.7610561436126756,0.020083660955525225,0.0006335885031765096,-0.047816666206306764,-5.460663466846658e-7,0.0,0.0,0.0,0.00047040505797753154,0.0029803664113002126,-0.019069035270568694,-1.2979498349293458e-5,-1.530162082238913e-6,9.75708503021626,-53.67489491040079,-14.218874847743903,59.31836175976101,0.0,1.7553028542514203e-6
-0.1707179442928654,0.0006711547526822715,-0.7717927936787945,0.020083660955525225,0.0006335885031765096,-0.048275720288387086,-5.460663466846658e-7,0.0,0.0,0.0,0.00045450976964874683,0.0029803664113002126,-0.019069035270568694,-1.2979498349293458e-5,-1.4764084220514183e-6,8.807433113627853,-48.20531885357527,-11.96317130420859,52.59471008587417,0.0,1.7553028542514203e-6
-0.1707179442928654,0.0006711547526822715,-0.5600502672021069,0.020083660955525225,0.0006335885031765096,-0.04640022927467276,-5.460663466846658e-7,0.0,0.0,0.0,0.00039867178714302054,0.043797232110290636,0.0365159613695966,-0.00018048257569377703,-1.2007785476449156e-6,6.069973190989526,-35.87773232525741,-9.297926810220186,39.6928941159366,0.0,1.7553028542514203e-6
-0.1707179442928654,0.0006711547526822715,-0.757248544556275,0.020083660955525225,0.0006335885031765096,-0.048673858963701445,-5.460663466846658e-7,0.0,0.0,0.0,0.00048562560325979916,0.0029803664113002126,-0.019069035270568694,-1.2979498349293458e-5,-1.55329176471268e-6,9.053447005786735,-50.029794882542454,-13.035035912854978,55.136862935249034,0.0,1.7553028542514203e-6
1.1477087073967918,-0.00462819021819629,-0.547064201029683,-0.13746108472766355,0.0006335885031765096,-0.04857228574301017,3.7081367931683746e-6,0.0,0.0,0.0,0.0010026794277537688,0.048415970119920555,0.04412476302544102,-0.0001988270886457568,-1.7376901306399398e-6,7.4624249561991665,-41.703575168686676,-11.230241278060832,46.109618249524864,0.0,1.7553028542514203e-6
-0.1707179442928654,0.0006711547526822715,-0.7676845365574908,0.020083660955525225,0.0006335885031765096,-0.04850889502126074,-5.460663466846658e-7,0.0,0.0,0.0,0.00048459131645904954,0.0029803664113002126,-0.019069035270568694,-1.2979498349293458e-5,-1.5561746941947245e-6,9.22693311880916,-50.78742577309049,-13.03813375085736,55.79445161452333,0.0,1.7553028542514203e-6
-0.1707179442928654,0.0006711547526822715,-0.5654894053589252,0.020083660955525225,0.0006335885031765096,-0.04741915853269661,-5.460663466846658e-7,0.0,0.0,0.0,0.00038182223680518763,0.04574236591483494,0.03837690328202964,-0.00018609949982838423,-1.1737609535898498e-6,6.080833848266275,-36.92936232698164,-10.101953572744302,41.51402130388239,0.0,1.7553028542514203e-6
-0.1707179442928654,0.0006711547526822715,-0.7658985583572117,0.020083660955525225,0.0006335885031765096,-0.048186612037897564,-5.460663466846658e-7,0.0,0.0,0.0,0.0004901279605583667,0.0029803664113002126,-0.019069035270568694,-1.2979498349293458e-5,-1.553514730048994e-6,8.909223213526964,-48.0520383222181,-11.813227920705362,52.14897747067606,0.0,1.7553028542514203e-6
-0.1707179442928654,0.0006711547526822715,-0.7763473672284482,0.020083660955525225,0.0006335885031765096,-0.04793401247741487,-5.460663466846658e-7,0.0,0.0,0.0,0.00048170118591400735,0.0029803664113002126,-0.019069035270568694,-1.2979498349293458e-5,-1.5222505483679922e-6,9.605221046961539,-52.72611152676277,-13.38702036503768,57.75027939797125,0.0,1.7553028542514203e-6
-0.1707179442928654,0.0006711547526822715,-0.7584308726751657,0.020083660955525225,0.0006335885031765096,-0.04879511842575589,-5.460663466846658e-7,0.0,0.0,0.0,0.00045873289206607205,0.0029803664113002126,-0.019069035270568694,-1.2979498349293458e-5,-1.4975338861054066e-6,8.892760724994764,-49.38928272218625,-12.866819086818357,54.48141148924146,0.0,1.7553028542514203e-6
-0.1707179442928654,0.0006711547526822715,-0.7713511854038124,0.020083660955525225,0.0006335885031765096,-0.048198046287697416,-5.460663466846658e-7,0.0,0.0,0.0,0.00046779433089842064,0.0029803664113002126,-0.019069035270568694,-1.2979498349293458e-5,-1.498303165820741e-6,8.683362232806166,-47.94415677893291,-12.190653904425416,52.63067992921231,0.0,1.7553028542514203e-6
-0.1707179442928654,0.0006711547526822715,-0.7585000928845453,0.020083660955525225,0.0006335885031765096,-0.04786694477613067,-5.460663466846658e-7,0.0,0.0,0.0,0.00047663412118044955,0.0029803664113002126,-0.019069035270568694,-1.2979498349293458e-5,-1.5364059898219456e-6,8.790181653481362,-47.434522926784574,-11.686013854118855,51.534641267007515,0.0,1.7553028542514203e-6
-0.1707179442928654,0.0006711547526822715,-0.7519040083135272,0.020083660955525225,0.0006335885031765096,-0.04764329248045126,-5.460663466846658e-7,0.0,0.0,0.0,0.00045859318250961244,0.0029803664113002126,-0.019069035270568694,-1.2979498349293458e-5,-1.5036126817484282e-6,9.59415196117809,-51.89333533541546,-13.281305449648224,56.751644364359855,0.0,1.7553028542514203e-6
-0.1707179442928654,0.0006711547526822715,-0.5489167499765332,0.020083660955525225,0.0006335885031765096,-0.0467628186705428,-5.460663466846658e-7,0.0,0.0,0.0,0.0003877110823849887,0.047897494016934807,0.04439709295295201,-0.00019638325082689528,-1.196272237101083e-6,6.377912933447819,-38.552108715670244,-10.929746085211084,43.621183761511745,0.0,1.7553028542514203e-6
-0.1707179442928654,0.0006711547526822715,-0.5583108108171277,0.020083660955525225,0.0006335885031765096,-0.04724131032042733,-5.460663466846658e-7,0.0,0.0,0.0,0.00038603499135714617,0.05308941514075212,0.05254715180909757,-0.00021642620916142703,-1.1755251114421113e-6,6.502907649325161,-39.41506364567863,-10.7664290331569,44.26096046273154,0.0,1.7553028542514203e-6
-0.1707179442928654,0.0006711547526822715,-0.7647049966586991,0.020083660955525225,0.0006335885031765096,-0.048675074334133525,-5.460663466846658e-7,0.0,0.0,0.0,0.00047084871482597863,0.0029803664113002126,-0.019069035270568694,-1.2979498349293458e-5,-1.520163294931101e-6,9.820332694108155,-54.84884590995283,-14.684893321509835,60.84823863845214,0.0,1.7553028542514203e-6
-0.1707179442928654,0.0006711547526822715,-0.7680032332790628,0.020083660955525225,0.0006335885031765096,-0.048001688962265275,-5.460663466846658e-7,0.0,0.0,0.0,0.0004580955360614187,0.0029803664113002126,-0.019069035270568694,-1.2979498349293458e-5,-1.481020984684398e-6,9.01086771719095,-49.76897326179781,-12.654755497760217,54.6286627303734,0.0,1.7553028542514203e-6
-0.1707179442928654,0.0006711547526822715,-0.5758045505964854,0.020083660955525225,0.0006335885031765096,-0.04725985290875229,-5.460663466846658e-7,0.0,0.0,0.0,0.00040766421482203263,0.04287920807720902,0.03318255043467526,-0.00017473255676514785,-1.2387250698513681e-6,6.35237106035097,-38.60254330302207,-10.574516381495593,43.459819483686445,0.0,1.7553028542514203e-6
-0.1707179442928654,0.0006711547526822715,-0.7675021685563485,0.020083660955525225,0.0006335885031765096,-0.04916038182461147,-5.460663466846658e-7,0.0,0.0,0.0,0.0005036059120523493,0.0029803664113002126,-0.019069035270568694,-1.2979498349293458e-5,-1.6013569965528047e-6,9.038163183353245,-49.65020755841014,-12.581036545504354,54.394405810588815,0.0,1.7553028542514203e-6
-0.1707179442928654,0.0006711547526822715,-0.562942375335654,0.020083660955525225,0.0006335885031765096,-0.04732426450568364,-5.460663466846658e-7,0.0,0.0,0.0,0.0003965731086244727,0.046685031910004435,0.04281104584431207,-0.00019152940464253887,-1.2015935994940504e-6,6.378561305023368,-38.455561392938236,-10.420452970664444,43.05633682605835,0.0,1.7553028542514203e-6
-0.1707179442928654,0.0006711547526822715,-0.7536697294956277,0.020083660955525225,0.0006335885031765096,-0.04883769805401999,-5.460663466846658e-7,0.0,0.0,0.0,0.0004883556537667206,0.0029803664113002126,-0.019069035270568694,-1.2979498349293458e-5,-1.5640586402524496e-6,8.85991135917356,-48.37291972530333,-12.225007834027462,52.85845358853394,0.0,1.7553028542514203e-6
1.129658889023104,-0.00463886229404177,-0.5578634210213147,-0.16523021228411408,0.0006335885031765096,-0.048171467430790385,3.8136454025354823e-6,0.0,0.0,0.0,0.0011077397450699198,0.0552684421113929,0.04502700969649165,-0.00021557818682720512,-1.8280363395000172e-6,7.71832319645136,-42.97049000833243,-11.611297214058235,47.58208110213326,0.0,1.7553028542514203e-6
-0.1707179442928654,0.0006711547526822715,-0.7638174040166801,0.020083660955525225,0.0006335885031765096,-0.04706640342940017,-5.460663466846658e-7,0.0,0.0,0.0,0.000472397945823002,0.0029803664113002126,-0.019069035270568694,-1.2979498349293458e-5,-1.5435464987210345e-6,9.678288875167025,-51.70193842488194,-13.027616156870701,56.30866845287958,0.0,1.7553028542514203e-6
-0.1707179442928654,0.0006711547526822715,-0.7628149471982475,0.020083660955525225,0.0006335885031765096,-0.04808426007949069,-5.460663466846658e-7,0.0,0.0,0.0,0.00045398165275256934,0.0029803664113002126,-0.019069035270568694,-1.2979498349293458e-5,-1.4877234791861553e-6,9.066961508263805,-49.23732903023764,-12.430381763848475,53.781004246876414,0.0,1.7553028542514203e-6
-0.1707179442928654,0.0006711547526822715,-0.5570933284216983,0.020083660955525225,0.0006335885031765096,-0.04773686664571369,-5.460663466846658e-7,0.0,0.0,0.0,0.0004061565283736018,0.047514966779373745,0.043029333472088815,-0.00019517040847415548,-1.1991338911310458e-6,5.808217673334953,-35.09874520977392,-8.981324038867076,38.8129891513197,0.0,1.7553028542514203e-6
-0.1707179442928654,0.0006711547526822715,-0.7694180967731947,0.020083660955525225,0.0006335885031765096,-0.04857370600404338,-5.460663466846658e-7,0.0,0.0,0.0,0.000484901369320434,0.0029803664113002126,-0.019069035270568694,-1.2979498349293458e-5,-1.5594618049547433e-6,8.889866331953103,-47.834264064036276,-11.612765158044883,51.787367874441195,0.0,1.7553028542514203e-6
-0.1707179442928654,0.0006711547526822715,-0.748021736065559,0.020083660955525225,0.0006335885031765096,-0.04822363877760364,-5.460663466846658e-7,0.0,0.0,0.0,0.0004955286629340169,0.0029803664113002126,-0.019069035270568694,-1.2979498349293458e-5,-1.5763106959997174e-6,8.679431627342508,-47.18789275762571,-11.93207881040996,51.54967785118459,0.0,1.7553028542514203e-6
-0.1707179442928654,0.0006711547526822715,-0.7693101391909221,0.020083660955525225,0.0006335885031765096,-0.04769183203013283,-5.460663466846658e-7,0.0,0.0,0.0,0.0004650312278006325,0.0029803664113002126,-0.019069035270568694,-1.2979498349293458e-5,-1.493633130494868e-6,9.43641243672906,-51.4318810529816,-13.082859360948342,56.26850184302116,0.0,1.7553028542514203e-6
-0.1707179442928654,0.0006711547526822715,-0.5651221762954652,0.020083660955525225,0.0006335885031765096,-0.048543399474580584,-5.460663466846658e-7,0.0,0.0,0.0,0.00036993657454986457,0.049272816407406245,0.04084756353968459,-0.0001950782066060194,-1.1631329006228075e-6,6.053843947793828,-37.02954950768605,-10.128997764275876,41.648203544307144,0.0,1.7553028542514203e-6
-0.1707179442928654,0.0006711547526822715,-0.7753018079289923,0.020083660955525225,0.0006335885031765096,-0.04881562782295763,-5.460663466846658e-7,0.0,0.0,0.0,0.0005060505064012982,0.0029803664113002126,-0.019069035270568694,-1.2979498349293458e-5,-1.5997659881050435e-6,9.081415385964778,-50.325923299792045,-13.0573588480357,55.48782436245106,0.0,1.7553028542514203e-6
-0.1707179442928654,0.0006711547526822715,-0.7602531255489815,0.020083660955525225,0.0006335885031765096,-0.047467175551086975,-5.460663466846658e-7,0.0,0.0,0.0,0.00045567270459004295,0.0029803664113002126,-0.019069035270568694,-1.2979498349293458e-5,-1.4850837314460485e-6,8.793229061634207,-47.85381741374473,-12.072006856855326,52.33887850558658,0.0,1.7553028542514203e-6
-0.1707179442928654,0.0006711547526822715,-0.7622044683409518,0.020083660955525225,0.0006335885031765096,-0.048619432285230135,-5.460663466846658e-7,0.0,0.0,0.0,0.0004727387056084249,0.0029803664113002126,-0.019069035270568694,-1.2979498349293458e-5,-1.521785202000612e-6,8.959176422397384,-49.36398422029061,-12.769229809709,54.337690166545976,0.0,1.7553028542514203e-6
-0.1707179442928654,0.0006711547526822715,-0.7604182843740077,0.020083660955525225,0.0006335885031765096,-0.0485729399020291,-5.460663466846658e-7,0.0,0.0,0.0,0.00048377425508982195,0.0029803664113002126,-0.019069035270568694,-1.2979498349293458e-5,-1.5577293686979623e-6,8.946884182593534,-48.20815452291319,-11.92417341522873,52.353227411449495,0.0,1.7553028542514203e-6
-0.1707179442928654,0.0006711547526822715,-0.7585121953800885,0.020083660955525225,0.0006335885031765096,-0.04851356469541625,-5.460663466846658e-7,0.0,0.0,0.0,0.0004868371561638108,0.0029803664113002126,-0.019069035270568694,-1.2979498349293458e-5,-1.5444102918166219e-6,8.69112556346484,-47.802237802083084,-12.325625550225487,52.56232204870467,0.0,1.7553028542514203e-6
-0.1707179442928654,0.0006711547526822715,-0.7546087847702287,0.020083660955525225,0.0006335885031765096,-0.048827033579039836,-5.460663466846658e-7,0.0,0.0,0.0,0.00046837903150266245,0.0029803664113002126,-0.019069035270568694,-1.2979498349293458e-5,-1.5094248913459758e-6,8.416630058513674,-45.84605225620243,-11.538922139277695,50.06166445444027,0.0,1.7553028542514203e-6
-0.1707179442928654,0.0006711547526822715,-0.7580096722943274,0.020083660955525225,0.0006335885031765096,-0.04942737734875736,-5.460663466846658e-7,0.0,0.0,0.0,0.0004733430140706795,0.0029803664113002126,-0.019069035270568694,-1.2979498349293458e-5,-1.5269310378954406e-6,8.76273543968238,-48.27431871271482,-12.315506923025525,52.9270899873306,0.0,1.7553028542514203e-6
-0.1707179442928654,0.0006711547526822715,-0.7686388829465345,0.020083660955525225,0.0006335885031765096,-0.0476142990483538,-5.460663466846658e-7,0.0,0.0,0.0,0.0004673056771322524,0.0029803664113002126,-0.019069035270568694,-1.2979498349293458e-5,-1.5159684702852726e-6,8.556383033491212,-45.87804881849303,-11.069576165863104,49.65295231169288,0.0,1.7553028542514203e-6
1.270408919056863,-0.0050335529472502576,-0.5307464959618657,-0.1364126445756486,0.0006335885031765096,-0.04774637266057688,3.9358608918458e-6,0.0,0.0,0.0,0.0009490824244453331,0.054958583955508164,0.04830548032795233,-0.00021836758862646348,-1.6150492755475127e-6,8.405710251461047,-47.389245694272205,-13.534955025267884,53.10950530934357,0.0,1.7553028542514203e-6
1.4685760262031515,-0.005542213770177767,-0.5568300873580536,-0.12394323981136518,0.0006335885031765096,-0.04761037759767396,4.374252820370418e-6,0.0,0.0,0.0,0.0008856151152947324,0.04987220521925173,0.04299599323014651,-0.00020036601712689653,-1.545291951280223e-6,7.332419613822022,-41.98310172262219,-11.453270989665526,46.79445891010463,0.0,1.7553028542514203e-6
-0.1707179442928654,0.0006711547526822715,-0.7677360944806259,0.020083660955525225,0.0006335885031765096,-0.04817061443834728,-5.460663466846658e-7,0.0,0.0,0.0,0.0004849288447903692,0.0029803664113002126,-0.019069035270568694,-1.2979498349293458e-5,-1.540642744354349e-6,9.135826951120244,-50.329237805069916,-12.946790811910578,55.329225073572466,0.0,1.7553028542514203e-6
-0.1707179442928654,0.0006711547526822715,0.1303500067038108,0.020083660955525225,0.0006335885031765096,-0.033755161625741145,-5.460663466846658e-7,0.0,0.0,0.0,0.0003966752098477145,0.0029803664113002126,-0.019069035270568694,-0.00010786371986469331,-9.9507229193103e-7,4.9418890572812355,-29.998772862354848,-12.967347611423824,36.21499594811292,0.0,1.7553028542514203e-6
-0.1707179442928654,0.0006711547526822715,-0.5332545292178437,0.020083660955525225,0.0006335885031765096,-0.046639352161808145,-5.460663466846658e-7,0.0,0.0,0.0,0.0003760773372025528,0.04819557291261137,0.041622601823784036,-0.00019730165110020694,-1.1505357767893443e-6,5.8070607767656846,-35.439268401892356,-9.957902513329245,40.046498535568645,0.0,1.7553028542514203e-6
-0.1707179442928654,0.0006711547526822715,-0.5535472362376765,0.020083660955525225,0.0006335885031765096,-0.047015758371963125,-5.460663466846658e-7,0.0,0.0,0.0,0.00038664948253776395,0.04855222543138814,0.03916706310347559,-0.00019447960525459322,-1.16737006709932e-6,5.430523963107654,-34.06293554959282,-9.464632765706819,38.62272586748434,0.0,1.7553028542514203e-6
-0.1707179442928654,0.0006711547526822715,-0.7585361519645383,0.020083660955525225,0.0006335885031765096,-0.047712184545080936,-5.460663466846658e-7,0.0,0.0,0.0,0.0004751837715954618,0.0029803664113002126,-0.019069035270568694,-1.2979498349293458e-5,-1.5182054716208904e-6,9.115231287427273,-50.02304224415853,-12.854063791632349,54.92205433651517,0.0,1.7553028542514203e-6
-0.1707179442928654,0.0006711547526822715,-0.7642550792028666,0.020083660955525225,0.0006335885031765096,-0.047318040294087683,-5.460663466846658e-7,0.0,0.0,0.0,0.00045700953397370713,0.0029803664113002126,-0.019069035270568694,-1.2979498349293458e-5,-1.4782890763649292e-6,9.072013280453376,-49.842280758106384,-12.919673183360818,54.87422359153347,0.0,1.7553028542514203e-6
-0.1707179442928654,0.0006711547526822715,-0.7678298996135198,0.020083660955525225,0.0006335885031765096,-0.0479447267298239,-5.460663466846658e-7,0.0,0.0,0.0,0.00045347126759847625,0.0029803664113002126,-0.019069035270568694,-1.2979498349293458e-5,-1.4679385912921623e-6,9.188201409178118,-50.16437345288747,-12.508139354195746,54.68692614630209,0.0,1.7553028542514203e-6
1.2202606695248606,-0.0045231073916127285,-0.5693042898138079,-0.17391218891290725,0.0006335885031765096,-0.04627187940828311,3.5996660751033193e-6,0.0,0.0,0.0,0.0011137667010570743,0.06069433733633227,0.06548551849871692,-0.00024095968264403452,-1.81137402311012e-6,7.870131835062113,-44.197023086323306,-11.799202959675874,48.85808792168161,0.0,1.7553028542514203e-6
-0.1707179442928654,0.0006711547526822715,-0.7451656602670572,0.020083660955525225,0.0006335885031765096,-0.04865810696370352,-5.460663466846658e-7,0.0,0.0,0.0,0.00045457307791549513,0.0029803664113002126,-0.019069035270568694,-1.2979498349293458e-5,-1.4958294428035679e-6,8.824042268591029,-47.75845514390012,-12.029637208753716,52.05800882734122,0.0,1.7553028542514203e-6
-0.1707179442928654,0.0006711547526822715,-0.7548612442972433,0.020083660955525225,0.0006335885031765096,-0.04813193484608495,-5.460663466846658e-7,0.0,0.0,0.0,0.00046542671741784595,0.0029803664113002126,-0.019069035270568694,-1.2979498349293458e-5,-1.5024934835462242e-6,8.667362259594219,-46.47535384617643,-11.317926250982888,50.278048130153586,0.0,1.7553028542514203e-6
-0.1707179442928654,0.0006711547526822715,-0.5426008311759352,0.020083660955525225,0.0006335885031765096,-0.04743191490005505,-5.460663466846658e-7,0.0,0.0,0.0,0.000404177573250373,0.04448634520857412,0.04073376086185654,-0.00018865807856934075,-1.2187151557476837e-6,5.979814972961972,-36.85302804516488,-10.305696052263318,41.695124232109954,0.0,1.7553028542514203e-6
-0.1707179442928654,0.0006711547526822715,-0.7682055244485914,0.020083660955525225,0.0006335885031765096,-0.04857416906884546,-5.460663466846658e-7,0.0,0.0,0.0,0.0004546510439268292,0.0029803664113002126,-0.019069035270568694,-1.2979498349293458e-5,-1.488324906853776e-6,9.228860945072766,-50.34121883709869,-12.645444997952788,54.96947232012905,0.0,1.7553028542514203e-6
-0.1707179442928654,0.0006711547526822715,-0.7635828172193523,0.020083660955525225,0.0006335885031765096,-0.04780179672764059,-5.460663466846658e-7,0.0,0.0,0.0,0.00046438568125266875,0.0029803664113002126,-0.019069035270568694,-1.2979498349293458e-5,-1.4918755825225054e-6,9.643519108840604,-53.23098548394725,-14.011666255769311,58.764620247220826,0.0,1.7553028542514203e-6
-0.1707179442928654,0.0006711547526822715,-0.7699568466703549,0.020083660955525225,0.0006335885031765096,-0.046556791114391795,-5.460663466846658e-7,0.0,0.0,0.0,0.0004775527594270884,0.0029803664113002126,-0.019069035270568694,-1.2979498349293458e-5,-1.53147400792621e-6,9.897900573968455,-54.366360870343144,-14.225948457411702,59.96982459083848,0.0,1.7553028542514203e-6
-0.1707179442928654,0.0006711547526822715,-0.7637501344464573,0.020083660955525225,0.0006335885031765096,-0.04849999122321349,-5.460663466846658e-7,0.0,0.0,0.0,0.000480067807664026,0.0029803664113002126,-0.019069035270568694,-1.2979498349293458e-5,-1.544361267453705e-6,8.487847629908698,-45.95697643880223,-11.24298995339202,49.9041425916751,0.0,1.7553028542514203e-6
1.4153333027358825,-0.0054985007960810794,-0.567274732283598,-0.1678193178798415,0.0006335885031765096,-0.04791649823158429,4.572039529498016e-6,0.0,0.0,0.0,0.0011265224756424027,0.052625863722004486,0.05259063228896846,-0.00021362608496674397,-1.8625036768254043e-6,7.4374215875240814,-42.26317447574918,-11.325661950088671,46.8690059267525,0.0,1.7553028542514203e-6
1.345759790151222,-0.005135194485403639,-0.5649013939386779,-0.14204789519840397,0.0006335885031765096,-0.0471100269485157,4.0484074283045985e-6,0.0,0.0,0.0,0.0009652645397612165,0.048151469662278845,0.040929259404982474,-0.0001921423959373625,-1.6498757345307366e-6,8.352659409168947,-46.45928742498455,-12.612746506104438,51.42698363763742,0.0,1.7553028542514203e-6
-0.1707179442928654,0.0006711547526822715,-0.7619980822681492,0.020083660955525225,0.0006335885031765096,-0.04801288175601429,-5.460663466846658e-7,0.0,0.0,0.0,0.0004422719079471383,0.0029803664113002126,-0.019069035270568694,-1.2979498349293458e-5,-1.4561749051965625e-6,9.27092146126713,-50.56908775725661,-12.996535749355678,55.477577812986645,0.0,1.7553028542514203e-6
-0.1707179442928654,0.0006711547526822715,-0.7562109945267997,0.020083660955525225,0.0006335885031765096,-0.04768853578256394,-5.460663466846658e-7,0.0,0.0,0.0,0.0004724927789796599,0.0029803664113002126,-0.019069035270568694,-1.2979498349293458e-5,-1.5236637149409151e-6,9.375644135424357,-51.291832028670086,-13.328871639603664,56.4043550385857,0.0,1.7553028542514203e-6
1.2342198497676211,-0.004717504647035535,-0.5710312750790212,-0.13542540397016767,0.0006335885031765096,-0.0485445384720227,3.637764750540301e-6,0.0,0.0,0.0,0.0009709495518867801,0.04999386386211118,0.04780033827427828,-0.00020421807804569031,-1.6887755968666566e-6,7.943313069967489,-45.51822849169768,-12.712487225186592,51.01399637133047,0.0,1.7553028542514203e-6
-0.1707179442928654,0.0006711547526822715,-0.7572132061953624,0.020083660955525225,0.0006335885031765096,-0.04753622260853498,-5.460663466846658e-7,0.0,0.0,0.0,0.00045933701313805107,0.0029803664113002126,-0.019069035270568694,-1.2979498349293458e-5,-1.470721708074949e-6,9.05193140430833,-49.49262265339655,-12.445128172825997,54.039299739601255,0.0,1.7553028542514203e-6
-0.1707179442928654,0.0006711547526822715,-0.7624038985598142,0.020083660955525225,0.0006335885031765096,-0.047856924754345206,-5.460663466846658e-7,0.0,0.0,0.0,0.00045244204445385157,0.0029803664113002126,-0.019069035270568694,-1.2979498349293458e-5,-1.466693072490702e-6,8.785451065728452,-48.41333375876172,-12.483731778186058,53.27725406812682,0.0,1.7553028542514203e-6
-0.1707179442928654,0.0006711547526822715,-0.7712198001781765,0.020083660955525225,0.0006335885031765096,-0.0483632450184039,-5.460663466846658e-7,0.0,0.0,0.0,0.00046708217689068836,0.0029803664113002126,-0.019069035270568694,-1.2979498349293458e-5,-1.5077167180424106e-6,8.777818867131215,-47.63573760647848,-11.731045028437128,51.817538279604754,0.0,1.7553028542514203e-6
-0.1707179442928654,0.0006711547526822715,-0.7626783122040323,0.020083660955525225,0.0006335885031765096,-0.04822010484176158,-5.460663466846658e-7,0.0,0.0,0.0,0.00045862674715802074,0.0029803664113002126,-0.019069035270568694,-1.2979498349293458e-5,-1.4891408620873048e-6,9.1045210299678,-50.12918131476085,-12.79903647387893,55.00574948057659,0.0,1.7553028542514203e-6
-0.1707179442928654,0.0006711547526822715,-0.7617945736325317,0.020083660955525225,0.0006335885031765096,-0.048538114734075835,-5.460663466846658e-7,0.0,0.0,0.0,0.00046966342157601666,0.0029803664113002126,-0.019069035270568694,-1.2979498349293458e-5,-1.5134065974433888e-6,9.177555994515025,-51.27510651465131,-13.578384668448733,56.81992304056049,0.0,1.7553028542514203e-6
-0.1707179442928654,0.0006711547526822715,-0.5600866890157841,0.020083660955525225,0.0006335885031765096,-0.04651250011060303,-5.460663466846658e-7,0.0,0.0,0.0,0.00038930047759016964,0.04475149814485625,0.0378123378254603,-0.0001843984485659044,-1.193110536092746e-6,6.842498322315606,-40.28286209528893,-10.933034085643182,44.97211851502719,0.0,1.7553028542514203e-6
-0.1707179442928654,0.0006711547526822715,-0.7528549631195518,0.020083660955525225,0.0006335885031765096,-0.048940212727988194,-5.460663466846658e-7,0.0,0.0,0.0,0.0004636080698504979,0.0029803664113002126,-0.019069035270568694,-1.2979498349293458e-5,-1.4972270231706724e-6,8.948568770541232,-49.53172035167695,-12.893447999825751,54.551893153454394,0.0,1.7553028542514203e-6
1.3436854008865908,-0.005321350685976152,-0.5640636281479379,-0.12786292677597066,0.0006335885031765096,-0.048336140480512865,4.46627267169383e-6,0.0,0.0,0.0,0.000970390776271357,0.04362408862043436,0.035904475251936144,-0.00017995781208074468,-1.7410322143456965e-6,7.666602566375184,-42.776036822903045,-11.319199730483437,47.15778446250063,0.0,1.7553028542514203e-6
-0.1707179442928654,0.0006711547526822715,-0.5631153023163514,0.020083660955525225,0.0006335885031765096,-0.046462859160679895,-5.460663466846658e-7,0.0,0.0,0.0,0.0003737354929736575,0.05143847604341348,0.05007769874539569,-0.0002088972875775696,-1.1486143033091865e-6,6.413571031011299,-38.14873153252521,-10.281550785460304,42.60653644272829,0.0,1.7553028542514203e-6
-0.1707179442928654,0.0006711547526822715,-0.746731207169206,0.020083660955525225,0.0006335885031765096,-0.04915046215564479,-5.460663466846658e-7,0.0,0.0,0.0,0.0004686557591484444,0.0029803664113002126,-0.019069035270568694,-1.2979498349293458e-5,-1.5220213764868227e-6,8.327184048525712,-45.665321959602664,-11.479680654062236,49.91422893486208,0.0,1.7553028542514203e-6
-0.1707179442928654,0.0006711547526822715,-0.7600831893880644,0.020083660955525225,0.0006335885031765096,-0.047403453734861385,-5.460663466846658e-7,0.0,0.0,0.0,0.00044132654187022395,0.0029803664113002126,-0.019069035270568694,-1.2979498349293458e-5,-1.441584010182207e-6,8.883912467047816,-48.33568254494343,-12.137136766281456,52.780300277384306,0.0,1.7553028542514203e-6
-0.1707179442928654,0.0006711547526822715,-0.7671603187431166,0.020083660955525225,0.0006335885031765096,-0.0494211100715533,-5.460663466846658e-7,0.0,0.0,0.0,0.000471517097638003,0.0029803664113002126,-0.019069035270568694,-1.2979498349293458e-5,-1.5101208027001873e-6,8.698647863438499,-48.16907748381975,-12.090127544066279,52.72225799476811,0.0,1.7553028542514203e-6
-0.1707179442928654,0.0006711547526822715,-0.5617816906211032,0.020083660955525225,0.0006335885031765096,-0.046898865261897044,-5.460663466846658e-7,0.0,0.0,0.0,0.00038521215313454347,0.047714141062397415,0.04138923194717438,-0.00019345102091500711,-1.1775002067456417e-6,6.213430919479922,-37.83596229323364,-10.561726071615471,42.74130872023018,0.0,1.7553028542514203e-6
1.3212436830309158,-0.005053946451141924,-0.5710942094278737,-0.12082703047901056,0.0006335885031765096,-0.04860077510524605,3.883904299002396e-6,0.0,0.0,0.0,0.0008954882193810818,0.04618795776585444,0.04050113507605206,-0.00018777677663460267,-1.6103151501127193e-6,8.328499212294533,-46.51029148521234,-12.760969273639725,51.66142434584348,0.0,1.7553028542514203e-6
-0.1707179442928654,0.0006711547526822715,-0.758370527406701,0.020083660955525225,0.0006335885031765096,-0.048771999820237534,-5.460663466846658e-7,0.0,0.0,0.0,0.00048821832901946706,0.0029803664113002126,-0.019069035270568694,-1.2979498349293458e-5,-1.5665852480900561e-6,8.465766544140005,-46.27055087822189,-11.641566456487432,50.61234140457925,0.0,1.7553028542514203e-6
-0.1707179442928654,0.0006711547526822715,-0.7558616968387897,0.020083660955525225,0.0006335885031765096,-0.048677181079476634,-5.460663466846658e-7,0.0,0.0,0.0,0.00048815897629986824,0.0029803664113002126,-0.019069035270568694,-1.2979498349293458e-5,-1.5600582806886225e-6,9.093184301585863,-49.77521126110837,-12.8955765400228,54.66390565627328,0.0,1.7553028542514203e-6
-0.1707179442928654,0.0006711547526822715,-0.7628898809508237,0.020083660955525225,0.0006335885031765096,-0.04894131133608323,-5.460663466846658e-7,0.0,0.0,0.0,0.00047886831622734154,0.0029803664113002126,-0.019069035270568694,-1.2979498349293458e-5,-1.5358342272274177e-6,9.006641955699335,-49.106557218991846,-12.368855852605478,53.63070481851316,0.0,1.7553028542514203e-6
-0.1707179442928654,0.0006711547526822715,-0.7622580734663249,0.020083660955525225,0.0006335885031765096,-0.04768170134368158,-5.460663466846658e-7,0.0,0.0,0.0,0.0004740232828773269,0.0029803664113002126,-0.019069035270568694,-1.2979498349293458e-5,-1.5296038621221264e-6,9.247112483275753,-49.99275115384421,-12.591540276628995,54.53236374092453,0.0,1.7553028542514203e-6
-0.1707179442928654,0.0006711547526822715,-0.7547145344010256,0.020083660955525225,0.0006335885031765096,-0.0486820537397497,-5.460663466846658e-7,0.0,0.0,0.0,0.00045782451262493036,0.0029803664113002126,-0.019069035270568694,-1.2979498349293458e-5,-1.5020759170635401e-6,9.29475516242679,-50.96591076927867,-13.448790706090556,56.208414045148,0.0,1.7553028542514203e-6
-0.1707179442928654,0.0006711547526822715,-0.7567379040190689,0.020083660955525225,0.0006335885031765096,-0.04870915167246115,-5.460663466846658e-7,0.0,0.0,0.0,0.00046730292531721744,0.0029803664113002126,-0.019069035270568694,-1.2979498349293458e-5,-1.5206766122813934e-6,9.127507271941878,-50.060822973786436,-12.828933895235107,54.9082667458513,0.0,1.7553028542514203e-6
-0.1707179442928654,0.0006711547526822715,-0.7580926444115789,0.020083660955525225,0.0006335885031765096,-0.048183418929091476,-5.460663466846658e-7,0.0,0.0,0.0,0.00046334462849067625,0.0029803664113002126,-0.019069035270568694,-1.2979498349293458e-5,-1.5091414759032686e-6,8.862027303971217,-48.114035139666406,-12.035100032322422,52.47105644818299,0.0,1.7553028542514203e-6
-0.1707179442928654,0.0006711547526822715,-0.7605274401521734,0.020083660955525225,0.0006335885031765096,-0.048202820853640284,-5.460663466846658e-7,0.0,0.0,0.0,0.00046103921474042087,0.0029803664113002126,-0.019069035270568694,-1.2979498349293458e-5,-1.4974284157919499e-6,9.098886987569887,-49.89949462337411,-12.827435401275759,54.791743252868976,0.0,1.7553028542514203e-6
-0.1707179442928654,0.0006711547526822715,-0.7477800611492591,0.020083660955525225,0.0006335885031765096,-0.04843726371257743,-5.460663466846658e-7,0.0,0.0,0.0,0.00046706017574054174,0.0029803664113002126,-0.019069035270568694,-1.2979498349293458e-5,-1.5187784649095065e-6,9.452668723608713,-52.005022390767316,-13.61330160948808,57.25518472780535,0.0,1.7553028542514203e-6
-0.1707179442928654,0.0006711547526822715,-0.7580052672128464,0.020083660955525225,0.0006335885031765096,-0.04772495484107118,-5.460663466846658e-7,0.0,0.0,0.0,0.0004453294696797807,0.0029803664113002126,-0.019069035270568694,-1.2979498349293458e-5,-1.4592824305954955e-6,9.265604616304891,-50.7214845420612,-13.068239167689116,55.69543843861744,0.0,1.7553028542514203e-6
-0.1707179442928654,0.0006711547526822715,-0.7711184989149659,0.020083660955525225,0.0006335885031765096,-0.04880779580699786,-5.460663466846658e-7,0.0,0.0,0.0,0.00046345912452247333,0.0029803664113002126,-0.019069035270568694,-1.2979498349293458e-5,-1.4971567753803685e-6,8.524382884979305,-46.31676842063381,-11.203898218348085,50.2027027074791,0.0,1.7553028542514203e-6
-0.1707179442928654,0.0006711547526822715,-0.7730713637912281,0.020083660955525225,0.0006335885031765096,-0.04829888785732839,-5.460663466846658e-7,0.0,0.0,0.0,0.00048012151214887823,0.0029803664113002126,-0.019069035270568694,-1.2979498349293458e-5,-1.5337607350873945e-6,9.36494692623288,-52.0085492059928,-13.710177168328979,57.5389404439127,0.0,1.7553028542514203e-6
-0.1707179442928654,0.0006711547526822715,-0.7660670563772279,0.020083660955525225,0.0006335885031765096,-0.04843865308995911,-5.460663466846658e-7,0.0,0.0,0.0,0.00047482124045349473,0.0029803664113002126,-0.019069035270568694,-1.2979498349293458e-5,-1.5348783642883018e-6,9.406142692579067,-51.366061055102776,-13.137580663330308,56.306584885128096,0.0,1.7553028542514203e-6
1.560128243796145,-0.00589796675553661,-0.5696173949042908,-0.13447047009907703,0.0006335885031765096,-0.04718647416665956,4.781100977542656e-6,0.0,0.0,0.0,0.000922544050993138,0.053648796322888215,0.04541199746533307,-0.0002101626041532959,-1.59358129600937e-6,7.548678211949152,-42.81622761955562,-11.561562963247383,47.59200581493824,0.0,1.7553028542514203e-6
-0.1707179442928654,0.0006711547526822715,-0.5491766045313016,0.020083660955525225,0.0006335885031765096,-0.04718649259674653,-5.460663466846658e-7,0.0,0.0,0.0,0.00040389259779609224,0.04536924056963656,0.037554534264998884,-0.0001872361162143207,-1.2061005727528576e-6,6.016290187220385,-37.233222513980095,-10.501121656093538,42.215096080801935,0.0,1.7553028542514203e-6
-0.1707179442928654,0.0006711547526822715,-0.5543011310683404,0.020083660955525225,0.0006335885031765096,-0.0473831042540509,-5.460663466846658e-7,0.0,0.0,0.0,0.00039236295952525097,0.05041955521336997,0.04431091845103863,-0.00020278404999982583,-1.2071062935390805e-6,6.271062575798059,-37.177817863469954,-9.851342488435595,41.313890246145895,0.0,1.7553028542514203e-6
-0.1707179442928654,0.0006711547526822715,-0.762815791981768,0.020083660955525225,0.0006335885031765096,-0.04788883553452414,-5.460663466846658e-7,0.0,0.0,0.0,0.0004891016938914983,0.0029803664113002126,-0.019069035270568694,-1.2979498349293458e-5,-1.5559702029435576e-6,8.741118526015763,-47.6347415936478,-11.96799466729329,52.04410822424932,0.0,1.7553028542514203e-6
-0.1707179442928654,0.0006711547526822715,-0.7620172722075815,0.020083660955525225,0.0006335885031765096,-0.048283729496000974,-5.460663466846658e-7,0.0,0.0,0.0,0.0004908379785579929,0.0029803664113002126,-0.019069035270568694,-1.2979498349293458e-5,-1.5902938449277575e-6,9.445094545626077,-51.2879199914645,-13.147100121199117,56.219228438380135,0.0,1.7553028542514203e-6
-0.1707179442928654,0.0006711547526822715,-0.7669807356121452,0.020083660955525225,0.0006335885031765096,-0.048987378453317985,-5.460663466846658e-7,0.0,0.0,0.0,0.00048286787995701936,0.0029803664113002126,-0.019069035270568694,-1.2979498349293458e-5,-1.5445186555224203e-6,8.917483325374,-49.04097457417203,-12.491830442319154,53.78474394075784,0.0,1.7553028542514203e-6
-0.1707179442928654,0.0006711547526822715,-0.7781334272982,0.020083660955525225,0.0006335885031765096,-0.04812352591083453,-5.460663466846658e-7,0.0,0.0,0.0,0.00048036910933745675,0.0029803664113002126,-0.019069035270568694,-1.2979498349293458e-5,-1.528406698999708e-6,8.608114549856289,-47.04599637904744,-11.529706316706358,51.22437060655106,0.0,1.7553028542514203e-6
-0.1707179442928654,0.0006711547526822715,-0.7544227931053498,0.020083660955525225,0.0006335885031765096,-0.048789147479471315,-5.460663466846658e-7,0.0,0.0,0.0,0.00047192471422085594,0.0029803664113002126,-0.019069035270568694,-1.2979498349293458e-5,-1.518800042422224e-6,9.10006369440227,-50.37380759392617,-13.168032563290886,55.530622038819494,0.0,1.7553028542514203e-6
-0.1707179442928654,0.0006711547526822715,-0.7701792732439702,0.020083660955525225,0.0006335885031765096,-0.04848636435676484,-5.460663466846658e-7,0.0,0.0,0.0,0.0004668041570362436,0.0029803664113002126,-0.019069035270568694,-1.2979498349293458e-5,-1.508950058073319e-6,8.410944060581901,-45.53815845032632,-10.835682800945321,49.222926198573234,0.0,1.7553028542514203e-6
1.2600629608014484,-0.004577303649558531,-0.5556775863092764,-0.15963827220252574,0.0006335885031765096,-0.04643663099483804,3.7529138192246255e-6,0.0,0.0,0.0,0.0010939809746542198,0.04926596451548345,0.05194991730552001,-0.00020585285789785212,-1.830166397438144e-6,6.8416707465993944,-39.3364753967555,-10.432115257244137,43.550541265160945,0.0,1.7553028542514203e-6
1.3993600341785304,-0.005459855480359527,-0.5641975645602418,-0.1815841823562067,0.0006335885031765096,-0.04776678928631797,4.491857754270982e-6,0.0,0.0,0.0,0.001159621195235112,0.05936565664568252,0.06390831309462976,-0.00023775501720390714,-1.8662213173554633e-6,7.512649542570671,-42.00598473663459,-11.082377119774327,46.29064372798482,0.0,1.7553028542514203e-6
-0.1707179442928654,0.0006711547526822715,-0.7743533866123193,0.020083660955525225,0.0006335885031765096,-0.04809346622995672,-5.460663466846658e-7,0.0,0.0,0.0,0.00046626093458396797,0.0029803664113002126,-0.019069035270568694,-1.2979498349293458e-5,-1.5045566569807003e-6,9.124727261035408,-49.652515394572916,-12.290404654167267,54.07076998208051,0.0,1.7553028542514203e-6
-0.1707179442928654,0.0006711547526822715,-0.7639159265822147,0.020083660955525225,0.0006335885031765096,-0.04854083468111447,-5.460663466846658e-7,0.0,0.0,0.0,0.00047479937876926284,0.0029803664113002126,-0.019069035270568694,-1.2979498349293458e-5,-1.5211121385991116e-6,9.065843582169094,-50.18328076025664,-12.989596197253054,55.27244303237888,0.0,1.7553028542514203e-6
-0.1707179442928654,0.0006711547526822715,-0.7629284236755605,0.020083660955525225,0.0006335885031765096,-0.05000604202498735,-5.460663466846658e-7,0.0,0.0,0.0,0.0005159940948017012,0.0029803664113002126,-0.019069035270568694,-1.2979498349293458e-5,-1.6317456966209026e-6,8.607722934723094,-47.399761395030865,-11.984650263173622,51.90002261811415,0.0,1.7553028542514203e-6
1.22414300703575,-0.0048260223662722115,-0.56551046471712,-0.14268368527973893,0.0006335885031765096,-0.048446580210308524,3.6851946092469064e-6,0.0,0.0,0.0,0.0009906831123783974,0.053595316948148286,0.05853914758663063,-0.00022180345134676475,-1.6828127624789674e-6,8.10415718866901,-44.866341147412264,-11.995733168073262,49.52468968398851,0.0,1.7553028542514203e-6
-0.1707179442928654,0.0006711547526822715,0.1303500067038108,0.020083660955525225,0.0006335885031765096,-0.041272602910020675,-5.460663466846658e-7,0.0,0.0,0.0,-0.00012445041470499454,0.0029803664113002126,-0.019069035270568694,-8.261818140488847e-5,2.6745158962068396e-7,-0.5445638737798775,-8.794196809151902,-9.411084059548402,19.256694568617327,0.0,-0.00030123129603695564
-0.1707179442928654,0.0006711547526822715,-0.7741835919865149,0.020083660955525225,0.0006335885031765096,-0.047549691781576336,-5.460663466846658e-7,0.0,0.0,0.0,0.00046424570793406875,0.0029803664113002126,-0.019069035270568694,-1.2979498349293458e-5,-1.5090613795004322e-6,9.742385100912466,-53.16831452805656,-13.6834729066449,58.35836982884904,0.0,1.7553028542514203e-6
-0.1707179442928654,0.0006711547526822715,-0.7591029227286413,0.020083660955525225,0.0006335885031765096,-0.04813659789099097,-5.460663466846658e-7,0.0,0.0,0.0,0.000440226152228062,0.0029803664113002126,-0.019069035270568694,-1.2979498349293458e-5,-1.4604933355675685e-6,8.801362086643417,-47.94301215021604,-12.152363894178606,52.46219868391312,0.0,1.7553028542514203e-6
-0.1707179442928654,0.0006711547526822715,-0.7741592752949095,0.020083660955525225,0.0006335885031765096,-0.04801159564338052,-5.460663466846658e-7,0.0,0.0,0.0,0.0004584302602595686,0.0029803664113002126,-0.019069035270568694,-1.2979498349293458e-5,-1.4957937089735227e-6,9.435302189060398,-51.79574682985047,-13.274885244697284,56.888697300467335,0.0,1.7553028542514203e-6
-0.1707179442928654,0.0006711547526822715,-0.7633404037356504,0.020083660955525225,0.0006335885031765096,-0.048134915678869045,-5.460663466846658e-7,0.0,0.0,0.0,0.0004587978828643355,0.0029803664113002126,-0.019069035270568694,-1.2979498349293458e-5,-1.4794954101429724e-6,8.859496932649384,-48.44011548358263,-12.319430329805911,53.06053945001637,0.0,1.7553028542514203e-6
1.1532004904787143,-0.004448673573343891,-0.5686246278477182,-0.1292874088791685,0.0006335885031765096,-0.04711713641886267,3.3980212275277997e-6,0.0,0.0,0.0,0.0009193374169095067,0.049628240973361826,0.04029846565121473,-0.00019687627914102168,-1.604565367980189e-6,8.109962953196275,-45.02038335280915,-12.13784721367764,49.84013389853742,0.0,1.7553028542514203e-6
-0.1707179442928654,0.0006711547526822715,-0.7595117413682081,0.020083660955525225,0.0006335885031765096,-0.04837436158918098,-5.460663466846658e-7,0.0,0.0,0.0,0.000505653148121682,0.0029803664113002126,-0.019069035270568694,-1.2979498349293458e-5,-1.6007834991136633e-6,8.902964527082567,-48.17434966019928,-11.856946174639958,52.326188561362095,0.0,1.7553028542514203e-6
-0.1707179442928654,0.0006711547526822715,-0.7604966070673963,0.020083660955525225,0.0006335885031765096,-0.04829897468697441,-5.460663466846658e-7,0.0,0.0,0.0,0.00047494479950458616,0.0029803664113002126,-0.019069035270568694,-1.2979498349293458e-5,-1.528233396148035e-6,9.23853599387683,-50.56615643064713,-12.9375986799586,55.435752324411645,0.0,1.7553028542514203e-6
-0.1707179442928654,0.0006711547526822715,-0.7636040768678612,0.020083660955525225,0.0006335885031765096,-0.048582678268687465,-5.460663466846658e-7,0.0,0.0,0.0,0.00047199039386272416,0.0029803664113002126,-0.019069035270568694,-1.2979498349293458e-5,-1.5150534495197707e-6,9.179378655605003,-51.53263782079581,-13.85707137567295,57.34656828951902,0.0,1.7553028542514203e-6
-0.1707179442928654,0.0006711547526822715,-0.7665803133374937,0.020083660955525225,0.0006335885031765096,-0.048334710937540847,-5.460663466846658e-7,0.0,0.0,0.0,0.0004925737562621616,0.0029803664113002126,-0.019069035270568694,-1.2979498349293458e-5,-1.568373179475281e-6,9.482493092948058,-53.0516418009266,-14.34163976474631,59.051151172121514,0.0,1.7553028542514203e-6
-0.1707179442928654,0.0006711547526822715,-0.7681573717003127,0.020083660955525225,0.0006335885031765096,-0.04835477558569083,-5.460663466846658e-7,0.0,0.0,0.0,0.0004489254068996628,0.0029803664113002126,-0.019069035270568694,-1.2979498349293458e-5,-1.4700954574190203e-6,8.81887012489099,-47.789361004573955,-11.797357377062832,51.96162205933505,0.0,1.7553028542514203e-6
-0.1707179442928654,0.0006711547526822715,-0.7671028038285822,0.020083660955525225,0.0006335885031765096,-0.04749903157914619,-5.460663466846658e-7,0.0,0.0,0.0,0.00047587497768594863,0.0029803664113002126,-0.019069035270568694,-1.2979498349293458e-5,-1.526253388728233e-6,9.122102639970624,-49.84948650215683,-12.639667135947228,54.60462875053232,0.0,1.7553028542514203e-6
-0.1707179442928654,0.0006711547526822715,-0.5543852561060364,0.020083660955525225,0.0006335885031765096,-0.04709318097691058,-5.460663466846658e-7,0.0,0.0,0.0,0.0003788762080887591,0.04980066632951133,0.037374411438218694,-0.00019540812854665316,-1.1614664817965247e-6,6.343699278882246,-39.41121824756817,-11.442397450662856,45.01283676244354,0.0,1.7553028542514203e-6
1.4703983688722428,-0.005379930190808748,-0.5699184286140334,-0.1466335551218706,0.0006335885031765096,-0.04789772814136305,4.251498018594311e-6,0.0,0.0,0.0,0.0010129810469598184,0.05713664305106309,0.06251618640196305,-0.00023069768168691642,-1.7387522388581453e-6,7.314252531433269,-43.32082151914456,-12.35145201997703,49.03397803922824,0.0,1.7553028542514203e-6
1.2229441271116057,-0.004934084711911711,-0.5547716176989372,-0.20515708468239527,0.0006335885031765096,-0.048017097664650454,4.03690079084892e-6,0.0,0.0,0.0,0.0012990200764709452,0.056048763208025945,0.058286508475084764,-0.00022801912121995997,-2.039249590215145e-6,7.935090821852802,-44.63796809241126,-12.145870769452214,49.555639615235336,0.0,1.7553028542514203e-6
-0.1707179442928654,0.0006711547526822715,-0.7718103507435559,0.020083660955525225,0.0006335885031765096,-0.04771818572929289,-5.460663466846658e-7,0.0,0.0,0.0,0.0004760352274829966,0.0029803664113002126,-0.019069035270568694,-1.2979498349293458e-5,-1.5345718126835523e-6,9.245570485426276,-50.14354577130326,-12.340264661576972,54.51489363903472,0.0,1.7553028542514203e-6
-0.1707179442928654,0.0006711547526822715,-0.7615784687587159,0.020083660955525225,0.0006335885031765096,-0.04820444706012136,-5.460663466846658e-7,0.0,0.0,0.0,0.00045734976892696075,0.0029803664113002126,-0.019069035270568694,-1.2979498349293458e-5,-1.478566349728494e-6,9.010869993457925,-49.141118260633775,-12.41063879561014,53.69752986927908,0.0,1.7553028542514203e-6
-0.1707179442928654,0.0006711547526822715,-0.7758962478816117,0.020083660955525225,0.0006335885031765096,-0.048786077376385295,-5.460663466846658e-7,0.0,0.0,0.0,0.00048612368894565745,0.0029803664113002126,-0.019069035270568694,-1.2979498349293458e-5,-1.5524129199613522e-6,10.226889642869684,-58.21400074186734,-16.38316650210168,65.51244340124342,0.0,1.7553028542514203e-6
-0.1707179442928654,0.0006711547526822715,-0.7657447316435223,0.020083660955525225,0.0006335885031765096,-0.0475125602202028,-5.460663466846658e-7,0.0,0.0,0.0,0.0004587397178061152,0.0029803664113002126,-0.019069035270568694,-1.2979498349293458e-5,-1.4914687897142862e-6,8.796868468167947,-47.298055771242055,-11.494182456342259,51.24581364295018,0.0,1.7553028542514203e-6
-0.1707179442928654,0.0006711547526822715,-0.7653856405957857,0.020083660955525225,0.0006335885031765096,-0.048245397133582404,-5.460663466846658e-7,0.0,0.0,0.0,0.0004715790811399299,0.0029803664113002126,-0.019069035270568694,-1.2979498349293458e-5,-1.5188504549615664e-6,9.194451781254063,-50.6354445795137,-13.101736084374386,55.71444738199869,0.0,1.7553028542514203e-6
-0.1707179442928654,0.0006711547526822715,-0.7713135763107628,0.020083660955525225,0.0006335885031765096,-0.047437169732731745,-5.460663466846658e-7,0.0,0.0,0.0,0.0004578464890570066,0.0029803664113002126,-0.019069035270568694,-1.2979498349293458e-5,-1.487864324411813e-6,9.374700394365544,-50.9323290305024,-13.011074223032615,55.788964786006,0.0,1.7553028542514203e-6
-0.1707179442928654,0.0006711547526822715,-0.7525710808332733,0.020083660955525225,0.0006335885031765096,-0.04796967436101275,-5.460663466846658e-7,0.0,0.0,0.0,0.0004614939978396873,0.0029803664113002126,-0.019069035270568694,-1.2979498349293458e-5,-1.5033794157008861e-6,8.881769786853734,-48.18591270604466,-12.13172237798772,52.58088462568331,0.0,1.7553028542514203e-6
-0.1707179442928654,0.0006711547526822715,-0.7563854002618813,0.020083660955525225,0.0006335885031765096,-0.048220404162833214,-5.460663466846658e-7,0.0,0.0,0.0,0.0004630360438995448,0.0029803664113002126,-0.019069035270568694,-1.2979498349293458e-5,-1.5000468048179424e-6,8.608134988728485,-46.287117064896925,-11.28395122283954,50.13568179158846,0.0,1.7553028542514203e-6
-0.1707179442928654,0.0006711547526822715,-0.5697205990899101,0.020083660955525225,0.0006335885031765096,-0.0465657271971703,-5.460663466846658e-7,0.0,0.0,0.0,0.0003736758528623467,0.04951929078148062,0.048846210185219716,-0.00020187791556626445,-1.1429487419312363e-6,6.150126377820369,-37.37477647744751,-10.262775339198475,42.080537768853844,0.0,1.7553028542514203e-6
-0.1707179442928654,0.0006711547526822715,-0.7505220329489233,0.020083660955525225,0.0006335885031765096,-0.047831173305491845,-5.460663466846658e-7,0.0,0.0,0.0,0.00045834379700705925,0.0029803664113002126,-0.019069035270568694,-1.2979498349293458e-5,-1.5134999513329923e-6,9.662481429394614,-52.67619316750262,-13.816949789037178,57.97790506199862,0.0,1.7553028542514203e-6
-0.1707179442928654,0.0006711547526822715,-0.7472130738175286,0.020083660955525225,0.0006335885031765096,-0.04784569246183,-5.460663466846658e-7,0.0,0.0,0.0,0.0004938541044276568,0.0029803664113002126,-0.019069035270568694,-1.2979498349293458e-5,-1.5833784465327879e-6,8.947682625110168,-47.970637915698724,-12.011512395450605,52.16437808449548,0.0,1.7553028542514203e-6
1.5274229496032907,-0.005846138521156481,-0.5791890471531358,-0.2033367751568636,0.0006335885031765096,-0.049036107504389456,4.626540340939581e-6,0.0,0.0,0.0,0.001246497653153039,0.05787434103752107,0.06102083347280436,-0.00023141299246892075,-1.9364724987237227e-6,7.496999584757749,-43.418602446570524,-11.992961158766953,48.65022921751861,0.0,1.7553028542514203e-6
-0.1707179442928654,0.0006711547526822715,-0.7506883103651733,0.020083660955525225,0.0006335885031765096,-0.048191887133317776,-5.460663466846658e-7,0.0,0.0,0.0,0.00046026030898276265,0.0029803664113002126,-0.019069035270568694,-1.2979498349293458e-5,-1.5070209125924269e-6,9.016813688161083,-48.66741379551205,-12.274682987078961,53.079685574555555,0.0,1.7553028542514203e-6
1.1486789327489615,-0.004480532029611182,-0.558456105790332,-0.1381208336739734,0.0006335885031765096,-0.047681968820612486,3.636567915751697e-6,0.0,0.0,0.0,0.0009947012167491518,0.05019915142574229,0.04528126014976021,-0.0002034312589993241,-1.714805714466833e-6,8.00841019174532,-45.93176361822896,-12.885531028405614,51.46609756122221,0.0,1.7553028542514203e-6
-0.1707179442928654,0.0006711547526822715,-0.7650129014171705,0.020083660955525225,0.0006335885031765096,-0.048384741793426674,-5.460663466846658e-7,0.0,0.0,0.0,0.00046244054998194643,0.0029803664113002126,-0.019069035270568694,-1.2979498349293458e-5,-1.5051593464219085e-6,8.581855577469815,-46.193666140818884,-11.059668243769405,49.892327777421116,0.0,1.7553028542514203e-6
-0.1707179442928654,0.0006711547526822715,-0.7697704468281038,0.020083660955525225,0.0006335885031765096,-0.04826743377934531,-5.460663466846658e-7,0.0,0.0,0.0,0.0004577565921970719,0.0029803664113002126,-0.019069035270568694,-1.2979498349293458e-5,-1.4933657583920353e-6,8.840330198530264,-47.70901712016607,-11.644162046760535,51.74892143831111,0.0,1.7553028542514203e-6
-0.1707179442928654,0.0006711547526822715,-0.5705122146590768,0.020083660955525225,0.0006335885031765096,-0.04640419945645009,-5.460663466846658e-7,0.0,0.0,0.0,0.00037953010299785156,0.049214588520678434,0.04341287374390822,-0.00019857569627250638,-1.1607644412156144e-6,6.853362554641317,-40.977114269520975,-11.128118718169235,45.889767289971545,0.0,1.7553028542514203e-6
-0.1707179442928654,0.0006711547526822715,-0.7578975514358108,0.020083660955525225,0.0006335885031765096,-0.0489788983749945,-5.460663466846658e-7,0.0,0.0,0.0,0.0004863008756840029,0.0029803664113002126,-0.019069035270568694,-1.2979498349293458e-5,-1.5473604472961928e-6,8.963910963269615,-49.90542272548243,-13.008096140226472,55.06985583713803,0.0,1.7553028542514203e-6
-0.1707179442928654,0.0006711547526822715,-0.7755714660906424,0.020083660955525225,0.0006335885031765096,-0.0487414812981643,-5.460663466846658e-7,0.0,0.0,0.0,0.0004666390954704546,0.0029803664113002126,-0.019069035270568694,-1.2979498349293458e-5,-1.5062232549557881e-6,9.323281742434943,-51.21973690443775,-12.983772614343714,56.091311829175076,0.0,1.7553028542514203e-6
-0.1707179442928654,0.0006711547526822715,-0.750020090374301,0.020083660955525225,0.0006335885031765096,-0.04754036321458528,-5.460663466846658e-7,0.0,0.0,0.0,0.0004458041692073522,0.0029803664113002126,-0.019069035270568694,-1.2979498349293458e-5,-1.4556068945068248e-6,8.94090340256681,-48.86169988864271,-12.538931633477318,53.58145417926692,0.0,1.7553028542514203e-6
-0.1707179442928654,0.0006711547526822715,-0.7677282680816363,0.020083660955525225,0.0006335885031765096,-0.04829050947980921,-5.460663466846658e-7,0.0,0.0,0.0,0.00046487143817188403,0.0029803664113002126,-0.019069035270568694,-1.2979498349293458e-5,-1.5021026802794865e-6,8.808129180646093,-48.43110485003534,-12.293301698319341,53.099972096537776,0.0,1.7553028542514203e-6
-0.1707179442928654,0.0006711547526822715,-0.5556040910117921,0.020083660955525225,0.0006335885031765096,-0.0477335326283688,-5.460663466846658e-7,0.0,0.0,0.0,0.00040551403263858784,0.04520534738625203,0.03471284966866879,-0.0001835523516714141,-1.2258266303869702e-6,6.191486007366095,-38.20964497878989,-10.835682268245838,43.369139140050656,0.0,1.7553028542514203e-6
-0.1707179442928654,0.0006711547526822715,-0.7726947677903172,0.020083660955525225,0.0006335885031765096,-0.04816667420154783,-5.460663466846658e-7,0.0,0.0,0.0,0.00046982258512126877,0.0029803664113002126,-0.019069035270568694,-1.2979498349293458e-5,-1.5198682420972778e-6,9.256934447192094,-50.32775387173922,-12.622492843837906,54.918119619731605,0.0,1.7553028542514203e-6
-0.1707179442928654,0.0006711547526822715,-0.5607314528130412,0.020083660955525225,0.0006335885031765096,-0.04723042138294616,-5.460663466846658e-7,0.0,0.0,0.0,0.0004012022483224128,0.04438291685079842,0.037935208285447095,-0.0001839899863466997,-1.206595873387509e-6,5.813564774863268,-34.7892533082269,-9.010373655983457,38.57250173650835,0.0,1.7553028542514203e-6
-0.1707179442928654,0.0006711547526822715,-0.7630116572750492,0.020083660955525225,0.0006335885031765096,-0.04940880229535015,-5.460663466846658e-7,0.0,0.0,0.0,0.0004903636355332369,0.0029803664113002126,-0.019069035270568694,-1.2979498349293458e-5,-1.5560973204652058e-6,8.648161612220683,-48.273478401516236,-12.56640539755793,53.316256444359226,0.0,1.7553028542514203e-6
-0.1707179442928654,0.0006711547526822715,-0.7576386274307442,0.020083660955525225,0.0006335885031765096,-0.048249617171520424,-5.460663466846658e-7,0.0,0.0,0.0,0.00045015374854197863,0.0029803664113002126,-0.019069035270568694,-1.2979498349293458e-5,-1.4695680824215663e-6,9.164665548557208,-50.93792119174908,-13.486580822385264,56.39080457399502,0.0,1.7553028542514203e-6
-0.1707179442928654,0.0006711547526822715,-0.7760918301079868,0.020083660955525225,0.0006335885031765096,-0.0478870129985223,-5.460663466846658e-7,0.0,0.0,0.0,0.0004720702857972653,0.0029803664113002126,-0.019069035270568694,-1.2979498349293458e-5,-1.5263410900676168e-6,9.19266875302138,-49.44347139320331,-12.090181075015236,53.61157758788249,0.0,1.7553028542514203e-6
-0.1707179442928654,0.0006711547526822715,-0.7705597344553976,0.020083660955525225,0.0006335885031765096,-0.048550605363043974,-5.460663466846658e-7,0.0,0.0,0.0,0.0004631953467454567,0.0029803664113002126,-0.019069035270568694,-1.2979498349293458e-5,-1.4901934722587313e-6,9.02319716428703,-50.246911857206726,-13.074269390835651,55.46151290507131,0.0,1.7553028542514203e-6
-0.1707179442928654,0.0006711547526822715,-0.7670518955712209,0.020083660955525225,0.0006335885031765096,-0.04853027484042247,-5.460663466846658e-7,0.0,0.0,0.0,0.00046548770319027163,0.0029803664113002126,-0.019069035270568694,-1.2979498349293458e-5,-1.5064039713177502e-6,8.980253133495937,-50.00360250526117,-13.033585083969374,55.23170418641522,0.0,1.7553028542514203e-6
-0.1707179442928654,0.0006711547526822715,-0.7669996099573407,0.020083660955525225,0.0006335885031765096,-0.04843529213770324,-5.460663466846658e-7,0.0,0.0,0.0,0.00046763896189551976,0.0029803664113002126,-0.019069035270568694,-1.2979498349293458e-5,-1.5016881743509427e-6,8.578077048604591,-46.6553541179309,-11.501871383277328,50.76877460315833,0.0,1.7553028542514203e-6
-0.1707179442928654,0.0006711547526822715,-0.744836679142875,0.020083660955525225,0.0006335885031765096,-0.04882751829307691,-5.460663466846658e-7,0.0,0.0,0.0,0.0004489289232338516,0.0029803664113002126,-0.019069035270568694,-1.2979498349293458e-5,-1.4735696705117102e-6,8.779602680421679,-47.97696851944786,-12.34389504001221,52.58226032204014,0.0,1.7553028542514203e-6
-0.1707179442928654,0.0006711547526822715,-0.7629319395970854,0.020083660955525225,0.0006335885031765096,-0.048458561357853654,-5.460663466846658e-7,0.0,0.0,0.0,0.00046842767498509613,0.0029803664113002126,-0.019069035270568694,-1.2979498349293458e-5,-1.5187682546735246e-6,8.977383781009799,-49.68657367952324,-12.96144694920192,54.839976141777534,0.0,1.7553028542514203e-6
-0.1707179442928654,0.0006711547526822715,-0.7741674001242473,0.020083660955525225,0.0006335885031765096,-0.047518943751761016,-5.460663466846658e-7,0.0,0.0,0.0,0.00046090087747079826,0.0029803664113002126,-0.019069035270568694,-1.2979498349293458e-5,-1.4789877218913696e-6,8.726090727295816,-47.32117227719308,-11.578770862895187,51.4291065352128,0.0,1.7553028542514203e-6
1.290763047716129,-0.0049348846377828765,-0.5584503887287441,-0.18672931987910107,0.0006335885031765096,-0.04762677310906884,4.020449268417346e-6,0.0,0.0,0.0,0.00121992864875438,0.05306135697676251,0.058534977915467926,-0.0002192063577019003,-1.9738386574620747e-6,7.423062540248388,-42.173423632470914,-11.43152242339024,46.827314636010364,0.0,1.7553028542514203e-6
-0.1707179442928654,0.0006711547526822715,-0.5434218707533144,0.020083660955525225,0.0006335885031765096,-0.047761371048332585,-5.460663466846658e-7,0.0,0.0,0.0,0.00039936636696355856,0.052870926291909,0.052796143981499954,-0.00021638229604839176,-1.201808286606558e-6,5.919037203971891,-36.21814126668173,-9.756618508229709,40.55887413558048,0.0,1.7553028542514203e-6
-0.1707179442928654,0.0006711547526822715,-0.7663937242808586,0.020083660955525225,0.0006335885031765096,-0.04801723856695695,-5.460663466846658e-7,0.0,0.0,0.0,0.0005052520678406317,0.0029803664113002126,-0.019069035270568694,-1.2979498349293458e-5,-1.5914783756882178e-6,9.032123405921311,-48.945177520176394,-12.162857427921915,53.28342429974607,0.0,1.7553028542514203e-6
-0.1707179442928654,0.0006711547526822715,-0.7723902916482109,0.020083660955525225,0.0006335885031765096,-0.04914477403092606,-5.460663466846658e-7,0.0,0.0,0.0,0.00047165961548671274,0.0029803664113002126,-0.019069035270568694,-1.2979498349293458e-5,-1.5223628570662275e-6,9.227280623126012,-50.62428874271923,-12.67884940623951,55.275291939819304,0.0,1.7553028542514203e-6
-0.1707179442928654,0.0006711547526822715,-0.7641249270053407,0.020083660955525225,0.0006335885031765096,-0.04894506912030885,-5.460663466846658e-7,0.0,0.0,0.0,0.00048440014218899307,0.0029803664113002126,-0.019069035270568694,-1.2979498349293458e-5,-1.5608190689822201e-6,9.151153106149923,-49.794298260279405,-12.482790752533289,54.31439366586124,0.0,1.7553028542514203e-6
-0.1707179442928654,0.0006711547526822715,-0.7658444435143175,0.020083660955525225,0.0006335885031765096,-0.0489694098594516,-5.460663466846658e-7,0.0,0.0,0.0,0.0004702885184340677,0.0029803664113002126,-0.019069035270568694,-1.2979498349293458e-5,-1.510528349195399e-6,8.638806388456084,-47.59001967893238,-12.028044139108122,52.14166974274108,0.0,1.7553028542514203e-6
-0.1707179442928654,0.0006711547526822715,-0.5745781468952572,0.020083660955525225,0.0006335885031765096,-0.04746416817485526,-5.460663466846658e-7,0.0,0.0,0.0,0.0003814190101612808,0.051732517809207866,0.04932358692265136,-0.00020779780755646323,-1.161066430394752e-6,5.812739001951552,-35.28606142428729,-9.309248544728138,39.38949501680233,0.0,1.7553028542514203e-6
-0.1707179442928654,0.0006711547526822715,-0.7630986630007467,0.020083660955525225,0.0006335885031765096,-0.047917505307858675,-5.460663466846658e-7,0.0,0.0,0.0,0.0004665737775697503,0.0029803664113002126,-0.019069035270568694,-1.2979498349293458e-5,-1.500975685575662e-6,9.248742366602045,-50.36469485994428,-12.647441111105183,54.97276559255655,0.0,1.7553028542514203e-6
-0.1707179442928654,0.0006711547526822715,-0.7464861361135191,0.020083660955525225,0.0006335885031765096,-0.04815029052852392,-5.460663466846658e-7,0.0,0.0,0.0,0.00044388885033142303,0.0029803664113002126,-0.019069035270568694,-1.2979498349293458e-5,-1.4561645695484962e-6,9.262530388401728,-50.32882702488525,-12.765277950780291,54.93927136804199,0.0,1.7553028542514203e-6
-0.1707179442928654,0.0006711547526822715,-0.5527637982760835,0.020083660955525225,0.0006335885031765096,-0.047183563440332005,-5.460663466846658e-7,0.0,0.0,0.0,0.00042062257665263954,0.04440169221490293,0.03624701658590418,-0.00018240311866752438,-1.2375945859529186e-6,5.343443204646088,-32.44378183466092,-8.34017515877966,35.986292562712244,0.0,1.7553028542514203e-6
-0.1707179442928654,0.0006711547526822715,-0.7623195809030294,0.020083660955525225,0.0006335885031765096,-0.04826712173614695,-5.460663466846658e-7,0.0,0.0,0.0,0.00047191611788569314,0.0029803664113002126,-0.019069035270568694,-1.2979498349293458e-5,-1.5090278083200554e-6,8.650719128411927,-47.26240493695616,-11.942984404877741,51.69527390652607,0.0,1.7553028542514203e-6
1.261846780345525,-0.004732531516636446,-0.5606947231713166,-0.1611010813436608,0.0006335885031765096,-0.04776626921248557,3.6500064066700725e-6,0.0,0.0,0.0,0.0010596174196201564,0.05178749501656799,0.043950759187335875,-0.00020532462419322353,-1.7353646034174197e-6,7.862525068364031,-44.55664931123297,-12.076564277647709,49.433713828094874,0.0,1.7553028542514203e-6
-0.1707179442928654,0.0006711547526822715,-0.7568654921846362,0.020083660955525225,0.0006335885031765096,-0.047790403113726204,-5.460663466846658e-7,0.0,0.0,0.0,0.0004546001835835961,0.0029803664113002126,-0.019069035270568694,-1.2979498349293458e-5,-1.4835232678398305e-6,8.553424580304803,-46.024070013107945,-11.229465957573257,49.87536173770083,0.0,1.7553028542514203e-6
-0.1707179442928654,0.0006711547526822715,-0.7515300890767862,0.020083660955525225,0.0006335885031765096,-0.04883033135602758,-5.460663466846658e-7,0.0,0.0,0.0,0.0004628282954684442,0.0029803664113002126,-0.019069035270568694,-1.2979498349293458e-5,-1.510390132797513e-6,9.146185629165345,-50.43801834738667,-13.096457098604448,55.504699608996425,0.0,1.7553028542514203e-6
-0.1707179442928654,0.0006711547526822715,-0.7698931829396441,0.020083660955525225,0.0006335885031765096,-0.0480205915432743,-5.460663466846658e-7,0.0,0.0,0.0,0.00048323255178377026,0.0029803664113002126,-0.019069035270568694,-1.2979498349293458e-5,-1.5440793033552689e-6,8.884181454590596,-48.378300163372565,-12.019071299997693,52.745165941338044,0.0,1.7553028542514203e-6
-0.1707179442928654,0.0006711547526822715,-0.5621662277180547,0.020083660955525225,0.0006335885031765096,-0.04706882251331689,-5.460663466846658e-7,0.0,0.0,0.0,0.00038267087382860355,0.05517081655637765,0.05575483725250732,-0.0002201943435593625,-1.1816866485065082e-6,6.656969856361712,-40.46271779268355,-11.419904773427978,45.7791415863616,0.0,1.7553028542514203e-6
-0.1707179442928654,0.0006711547526822715,-0.7707729046223581,0.020083660955525225,0.0006335885031765096,-0.04813933141540834,-5.460663466846658e-7,0.0,0.0,0.0,0.00046402780703955584,0.0029803664113002126,-0.019069035270568694,-1.2979498349293458e-5,-1.4978937477957158e-6,9.052338517489488,-50.060308511682436,-12.856519233292282,55.08068421291187,0.0,1.7553028542514203e-6
-0.1707179442928654,0.0006711547526822715,-0.7708625136326342,0.020083660955525225,0.0006335885031765096,-0.04653865781797412,-5.460663466846658e-7,0.0,0.0,0.0,0.0004586046051729331,0.0029803664113002126,-0.019069035270568694,-1.2979498349293458e-5,-1.4950787083288778e-6,9.924810070675633,-53.79245870664678,-13.932972558966062,59.04470294963361,0.0,1.7553028542514203e-6
-0.1707179442928654,0.0006711547526822715,-0.7596502154112047,0.020083660955525225,0.0006335885031765096,-0.04838395716452106,-5.460663466846658e-7,0.0,0.0,0.0,0.00046760116785852764,0.0029803664113002126,-0.019069035270568694,-1.2979498349293458e-5,-1.5147185476240654e-6,9.088004479589651,-49.548083816596396,-12.447515188976286,54.102488158584954,0.0,1.7553028542514203e-6
-0.1707179442928654,0.0006711547526822715,-0.756473256103548,0.020083660955525225,0.0006335885031765096,-0.04837587221721016,-5.460663466846658e-7,0.0,0.0,0.0,0.0004496931081664819,0.0029803664113002126,-0.019069035270568694,-1.2979498349293458e-5,-1.4700380964723636e-6,9.029798249546147,-49.94850386020154,-13.083441867644325,55.11023449091183,0.0,1.7553028542514203e-6
-0.1707179442928654,0.0006711547526822715,-0.7623719979622794,0.020083660955525225,0.0006335885031765096,-0.048474265006271326,-5.460663466846658e-7,0.0,0.0,0.0,0.00046314068189798666,0.0029803664113002126,-0.019069035270568694,-1.2979498349293458e-5,-1.4910275916206918e-6,8.723170898266902,-48.129809113457576,-12.385492711845854,52.92784567782854,0.0,1.7553028542514203e-6
1.3935288164354542,-0.005215396205505931,-0.5710602793752747,-0.13685310673590273,0.0006335885031765096,-0.047956111792961525,4.0088131070652155e-6,0.0,0.0,0.0,0.0009459094902873971,0.05172283810447333,0.05186215222154575,-0.00020989962997156012,-1.6245205453734864e-6,7.514618820650519,-42.03900196001212,-11.013959238491704,46.283873327756,0.0,1.7553028542514203e-6
-0.1707179442928654,0.0006711547526822715,-0.7703801459376737,0.020083660955525225,0.0006335885031765096,-0.04915810165296445,-5.460663466846658e-7,0.0,0.0,0.0,0.00046771662271019414,0.0029803664113002126,-0.019069035270568694,-1.2979498349293458e-5,-1.5123537051656657e-6,8.443425726011936,-46.667127982855696,-11.887627831916175,51.27119486575761,0.0,1.7553028542514203e-6
-0.1707179442928654,0.0006711547526822715,-0.7707615343986691,0.020083660955525225,0.0006335885031765096,-0.0483237932167284,-5.460663466846658e-7,0.0,0.0,0.0,0.00048551765966570073,0.0029803664113002126,-0.019069035270568694,-1.2979498349293458e-5,-1.5499433131154236e-6,9.12666497723449,-50.092603559272405,-12.602783057650942,54.804511644744586,0.0,1.7553028542514203e-6
-0.1707179442928654,0.0006711547526822715,-0.7613511015099237,0.020083660955525225,0.0006335885031765096,-0.047413048575976766,-5.460663466846658e-7,0.0,0.0,0.0,0.00046063604855145187,0.0029803664113002126,-0.019069035270568694,-1.2979498349293458e-5,-1.4909249059408323e-6,8.831473348967213,-47.25656421308119,-11.503740170310932,51.14813967488692,0.0,1.7553028542514203e-6
-0.1707179442928654,0.0006711547526822715,-0.7593159521531858,0.020083660955525225,0.0006335885031765096,-0.04864695008388298,-5.460663466846658e-7,0.0,0.0,0.0,0.00045326300420938065,0.0029803664113002126,-0.019069035270568694,-1.2979498349293458e-5,-1.4778551815224254e-6,8.70118908133282,-48.580803946331955,-12.725669173642133,53.735770528249326,0.0,1.7553028542514203e-6
-0.1707179442928654,0.0006711547526822715,-0.5627539612263596,0.020083660955525225,0.0006335885031765096,-0.04699820273765748,-5.460663466846658e-7,0.0,0.0,0.0,0.00039483798735051893,0.044618588423873236,0.034399169444880875,-0.0001807041169961321,-1.1851490446885812e-6,6.2552845245999436,-37.925984941544726,-10.247158373661573,42.494724326191175,0.0,1.7553028542514203e-6
-0.1707179442928654,0.0006711547526822715,-0.7632474406932666,0.020083660955525225,0.0006335885031765096,-0.04732652870406717,-5.460663466846658e-7,0.0,0.0,0.0,0.00045449225044377653,0.0029803664113002126,-0.019069035270568694,-1.2979498349293458e-5,-1.4671164741705443e-6,9.025680026596113,-49.28318821016614,-12.324458088633772,53.79752990812944,0.0,1.7553028542514203e-6
-0.1707179442928654,0.0006711547526822715,-0.5412105256534553,0.020083660955525225,0.0006335885031765096,-0.046893402644065836,-5.460663466846658e-7,0.0,0.0,0.0,0.0003694873475495749,0.04825659474826268,0.04361424331997753,-0.00019752138288472217,-1.1451610169050518e-6,6.598572151806325,-40.6245615478969,-11.77996049678276,46.28412585206219,0.0,1.7553028542514203e-6
-0.1707179442928654,0.0006711547526822715,-0.7541881643590898,0.020083660955525225,0.0006335885031765096,-0.048729427182125744,-5.460663466846658e-7,0.0,0.0,0.0,0.0004773803536582093,0.0029803664113002126,-0.019069035270568694,-1.2979498349293458e-5,-1.5394757039915964e-6,8.73925577296363,-47.3623154751665,-11.90512318480122,51.65636644199619,0.0,1.7553028542514203e-6
-0.1707179442928654,0.0006711547526822715,-0.7629813241461723,0.020083660955525225,0.0006335885031765096,-0.04761867328866852,-5.460663466846658e-7,0.0,0.0,0.0,0.0004605043714572324,0.0029803664113002126,-0.019069035270568694,-1.2979498349293458e-5,-1.5122293464416468e-6,9.857872621138064,-54.060284976530085,-14.292446966062938,59.68287706700912,0.0,1.7553028542514203e-6
-0.1707179442928654,0.0006711547526822715,-0.5595416232096154,0.020083660955525225,0.0006335885031765096,-0.047310594253479665,-5.460663466846658e-7,0.0,0.0,0.0,0.00039528143733021635,0.04364531938840025,0.03626162222847876,-0.0001802444351783475,-1.179336503403988e-6,5.734137456192467,-35.26030806830577,-9.510954342060291,39.56358614790408,0.0,1.7553028542514203e-6
-0.1707179442928654,0.0006711547526822715,-0.5655713118638874,0.020083660955525225,0.0006335885031765096,-0.046281155401556084,-5.460663466846658e-7,0.0,0.0,0.0,0.00035515018873356495,0.052712630868283816,0.05030935388741313,-0.00021209546575135288,-1.116570096255092e-6,7.0371198017960435,-42.267920476212694,-11.924859289884823,47.757259253511094,0.0,1.7553028542514203e-6
-0.1707179442928654,0.0006711547526822715,-0.7640532896005905,0.020083660955525225,0.0006335885031765096,-0.04774097709278727,-5.460663466846658e-7,0.0,0.0,0.0,0.00046201435659041525,0.0029803664113002126,-0.019069035270568694,-1.2979498349293458e-5,-1.4905791662835201e-6,9.598470275882825,-52.672129135062875,-13.712557827637577,57.970868593284514,0.0,1.7553028542514203e-6
-0.1707179442928654,0.0006711547526822715,-0.7606142459463716,0.020083660955525225,0.0006335885031765096,-0.04890735829497904,-5.460663466846658e-7,0.0,0.0,0.0,0.0004734819131271275,0.0029803664113002126,-0.019069035270568694,-1.2979498349293458e-5,-1.5176001889934347e-6,8.849592554111656,-48.68340633612286,-12.228690003843417,53.2013866977747,0.0,1.7553028542514203e-6
-0.1707179442928654,0.0006711547526822715,-0.5655748378773588,0.020083660955525225,0.0006335885031765096,-0.04737733433701138,-5.460663466846658e-7,0.0,0.0,0.0,0.00040088442133835007,0.04846561163583773,0.04720783878855099,-0.00019977500440546893,-1.200813182655476e-6,5.676338541702707,-35.07921361252966,-9.674932138632954,39.623923639218425,0.0,1.7553028542514203e-6
-0.1707179442928654,0.0006711547526822715,-0.7562682266038196,0.020083660955525225,0.0006335885031765096,-0.04927768427937226,-5.460663466846658e-7,0.0,0.0,0.0,0.00044762732799423044,0.0029803664113002126,-0.019069035270568694,-1.2979498349293458e-5,-1.4784126264209652e-6,8.911923853719058,-48.802775782047725,-12.558895574222488,53.5455978778529,0.0,1.7553028542514203e-6
-0.1707179442928654,0.0006711547526822715,-0.7643260547735462,0.020083660955525225,0.0006335885031765096,-0.04839216227853081,-5.460663466846658e-7,0.0,0.0,0.0,0.00044967864488537504,0.0029803664113002126,-0.019069035270568694,-1.2979498349293458e-5,-1.4603954371948962e-6,8.69225211511042,-47.54022706115574,-11.940770604758058,51.94616532542065,0.0,1.7553028542514203e-6
-0.1707179442928654,0.0006711547526822715,-0.5566748840549952,0.020083660955525225,0.0006335885031765096,-0.04651240902842158,-5.460663466846658e-7,0.0,0.0,0.0,0.0003791681106923566,0.04739785096387236,0.040388804950551555,-0.00019415414186222416,-1.1551279501068044e-6,6.132967021504495,-37.10025713587322,-9.893722449459027,41.47491771223145,0.0,1.7553028542514203e-6
-0.1707179442928654,0.0006711547526822715,-0.767709980428795,0.020083660955525225,0.0006335885031765096,-0.04883486790402578,-5.460663466846658e-7,0.0,0.0,0.0,0.00047287716871247023,0.0029803664113002126,-0.019069035270568694,-1.2979498349293458e-5,-1.515063015017504e-6,9.119426434716763,-49.09153466614314,-11.93261282614718,53.09044694461279,0.0,1.7553028542514203e-6
-0.1707179442928654,0.0006711547526822715,-0.7616529518602158,0.020083660955525225,0.0006335885031765096,-0.048978673219092765,-5.460663466846658e-7,0.0,0.0,0.0,0.00048658068843927013,0.0029803664113002126,-0.019069035270568694,-1.2979498349293458e-5,-1.5636662886339354e-6,9.102401549984032,-50.45597275468952,-13.288611680630963,55.75463111706622,0.0,1.7553028542514203e-6
-0.1707179442928654,0.0006711547526822715,-0.7801327691996354,0.020083660955525225,0.0006335885031765096,-0.04922831670122215,-5.460663466846658e-7,0.0,0.0,0.0,0.0004888091614730778,0.0029803664113002126,-0.019069035270568694,-1.2979498349293458e-5,-1.5546563362095006e-6,8.63190568943798,-47.31806329177016,-11.519126187474491,51.469944609963235,0.0,1.7553028542514203e-6
1.0926729317948332,-0.00435635026402166,-0.5504072330591223,-0.13858234014609416,0.0006335885031765096,-0.04734671044010659,3.5337202337602343e-6,0.0,0.0,0.0,0.0009899913372747797,0.04797850155430842,0.0366977915984817,-0.00019153903499032873,-1.7020455499943279e-6,7.990496334989762,-45.405433766383275,-12.723050971146073,50.78845209358577,0.0,1.7553028542514203e-6
-0.1707179442928654,0.0006711547526822715,-0.7654370518662338,0.020083660955525225,0.0006335885031765096,-0.04851017924000904,-5.460663466846658e-7,0.0,0.0,0.0,0.00046860633663822553,0.0029803664113002126,-0.019069035270568694,-1.2979498349293458e-5,-1.5179048294005193e-6,8.845868696114454,-47.78508318450823,-11.6643838042746,51.81829083505996,0.0,1.7553028542514203e-6
-0.1707179442928654,0.0006711547526822715,-0.7669661520158336,0.020083660955525225,0.0006335885031765096,-0.04936974843774018,-5.460663466846658e-7,0.0,0.0,0.0,0.0004797880134551245,0.0029803664113002126,-0.019069035270568694,-1.2979498349293458e-5,-1.5203351106442467e-6,8.124326785303582,-45.40823414900641,-11.396052520309663,49.821770722240046,0.0,1.7553028542514203e-6
-0.1707179442928654,0.0006711547526822715,-0.7406913109600084,0.020083660955525225,0.0006335885031765096,-0.0482174094705447,-5.460663466846658e-7,0.0,0.0,0.0,0.000467924207469814,0.0029803664113002126,-0.019069035270568694,-1.2979498349293458e-5,-1.520985070363972e-6,9.200439051597359,-49.931489153235184,-12.813265067001451,54.62539489994068,0.0,1.7553028542514203e-6
-0.1707179442928654,0.0006711547526822715,-0.5493028773216628,0.020083660955525225,0.0006335885031765096,-0.04712582507874502,-5.460663466846658e-7,0.0,0.0,0.0,0.000428798452608864,0.042638155245903205,0.03655460622548594,-0.00017930478252690913,-1.2632748235459224e-6,6.582606559653209,-40.45899745088544,-11.65738097930291,46.017683850725504,0.0,1.7553028542514203e-6
-0.1707179442928654,0.0006711547526822715,-0.5306275104137306,0.020083660955525225,0.0006335885031765096,-0.04704408351224781,-5.460663466846658e-7,0.0,0.0,0.0,0.000400371129541033,0.0461384799462612,0.03760264755349457,-0.00018892197514263972,-1.2395224906972966e-6,6.627503488784452,-39.146055544097536,-10.918361808785441,43.90582890816454,0.0,1.7553028542514203e-6
-0.1707179442928654,0.0006711547526822715,-0.7713318318950185,0.020083660955525225,0.0006335885031765096,-0.049446346961643114,-5.460663466846658e-7,0.0,0.0,0.0,0.00047433770042652735,0.0029803664113002126,-0.019069035270568694,-1.2979498349293458e-5,-1.5367972503403648e-6,8.992797173752566,-49.40786864843163,-12.584319042293622,54.16110602364518,0.0,1.7553028542514203e-6
-0.1707179442928654,0.0006711547526822715,-0.773898329025975,0.020083660955525225,0.0006335885031765096,-0.048373574274067216,-5.460663466846658e-7,0.0,0.0,0.0,0.00048434656451063754,0.0029803664113002126,-0.019069035270568694,-1.2979498349293458e-5,-1.5492211003622616e-6,9.063051913540619,-49.690982232120476,-12.644275014459803,54.49503268633563,0.0,1.7553028542514203e-6
-0.1707179442928654,0.0006711547526822715,-0.7549250834665812,0.020083660955525225,0.0006335885031765096,-0.047837080486286016,-5.460663466846658e-7,0.0,0.0,0.0,0.00046468849199782106,0.0029803664113002126,-0.019069035270568694,-1.2979498349293458e-5,-1.502533235560794e-6,9.42004371492825,-51.528206533012664,-13.27429500844611,56.52688806368861,0.0,1.7553028542514203e-6
-0.1707179442928654,0.0006711547526822715,-0.7464815980518046,0.020083660955525225,0.0006335885031765096,-0.047722446633191695,-5.460663466846658e-7,0.0,0.0,0.0,0.0004769049719357169,0.0029803664113002126,-0.019069035270568694,-1.2979498349293458e-5,-1.535689038295657e-6,9.067311991676856,-48.94542798272403,-12.451908394687548,53.45170660637223,0.0,1.7553028542514203e-6
-0.1707179442928654,0.0006711547526822715,-0.5810123298383876,0.020083660955525225,0.0006335885031765096,-0.04748089386261229,-5.460663466846658e-7,0.0,0.0,0.0,0.00041652038107958854,0.04556930668861395,0.03580201228564241,-0.00018217300414280846,-1.2524449763435732e-6,6.301224168006383,-37.89642014036944,-10.165968923410656,42.39101018907947,0.0,1.7553028542514203e-6
-0.1707179442928654,0.0006711547526822715,-0.5401647276775843,0.020083660955525225,0.0006335885031765096,-0.04662818393020888,-5.460663466846658e-7,0.0,0.0,0.0,0.00037731017765861964,0.026392795776647084,-0.019069035270568694,-0.00010010712655303907,-1.1463122990180386e-6,6.130059502400265,-37.230934989471876,-10.33106200768231,41.92154872779306,0.0,1.7553028542514203e-6
-0.1707179442928654,0.0006711547526822715,-0.7576484951362428,0.020083660955525225,0.0006335885031765096,-0.04869501682471353,-5.460663466846658e-7,0.0,0.0,0.0,0.0004832790365294886,0.0029803664113002126,-0.019069035270568694,-1.2979498349293458e-5,-1.5442018207960797e-6,8.611471222658068,-47.12792966363519,-11.683095739786179,51.36417773600222,0.0,1.7553028542514203e-6
1.3640912712447408,-0.005315302911713975,-0.5355736934468525,-0.1611875935713991,0.0006335885031765096,-0.04726003835940892,4.338645472746774e-6,0.0,0.0,0.0,0.0010712888912788577,0.05034304308633908,0.04418811988538654,-0.00020188686540314037,-1.7658985454128424e-6,7.550615005003202,-42.70533940681007,-11.87602796222924,47.59924810024051,0.0,1.7553028542514203e-6
-0.1707179442928654,0.0006711547526822715,-0.5613270908472683,0.020083660955525225,0.0006335885031765096,-0.047058842017180025,-5.460663466846658e-7,0.0,0.0,0.0,0.0003864719596185142,0.04867086336423398,0.0387279914363244,-0.00019295907467904103,-1.1888553670072196e-6,6.27973730684716,-37.590325858508535,-10.173937954435798,42.06164706206738,0.0,1.7553028542514203e-6
1.426422259517274,-0.005312137963712196,-0.5502503711765625,-0.15620533956852048,0.0006335885031765096,-0.048162241068572184,4.094452943092729e-6,0.0,0.0,0.0,0.0010322909769470887,0.06222928230455374,0.07279465766710234,-0.00025394658678989,-1.6934784704253124e-6,7.16698837666644,-41.39741002028348,-11.37394739464592,46.251709470088265,0.0,1.7553028542514203e-6
-0.1707179442928654,0.0006711547526822715,-0.7590041291288143,0.020083660955525225,0.0006335885031765096,-0.048429667756282595,-5.460663466846658e-7,0.0,0.0,0.0,0.00046466193279952914,0.0029803664113002126,-0.019069035270568694,-1.2979498349293458e-5,-1.5126964597652707e-6,8.940466209004624,-48.232586970372054,-12.031426819713,52.49424322579746,0.0,1.7553028542514203e-6
-0.1707179442928654,0.0006711547526822715,-0.7667511312375391,0.020083660955525225,0.0006335885031765096,-0.04848603160784487,-5.460663466846658e-7,0.0,0.0,0.0,0.0004608107673861558,0.0029803664113002126,-0.019069035270568694,-1.2979498349293458e-5,-1.5026672833015876e-6,9.475841346168517,-52.02431792189823,-13.452081740251982,57.17608389668023,0.0,1.7553028542514203e-6
-0.1707179442928654,0.0006711547526822715,-0.7664605606124227,0.020083660955525225,0.0006335885031765096,-0.04708503769325327,-5.460663466846658e-7,0.0,0.0,0.0,0.00046171722265611983,0.0029803664113002126,-0.019069035270568694,-1.2979498349293458e-5,-1.507282467694452e-6,8.987794163904246,-47.44967133584541,-11.329113280858788,51.066957397500225,0.0,1.7553028542514203e-6
-0.1707179442928654,0.0006711547526822715,-0.7622120465250648,0.020083660955525225,0.0006335885031765096,-0.04911153310789245,-5.460663466846658e-7,0.0,0.0,0.0,0.00044065704260671764,0.0029803664113002126,-0.019069035270568694,-1.2979498349293458e-5,-1.4288683683452847e-6,8.774930259563076,-49.497381155318024,-13.07440042888616,54.88575589540617,0.0,1.7553028542514203e-6
-0.1707179442928654,0.0006711547526822715,-0.7511403320988584,0.020083660955525225,0.0006335885031765096,-0.04819277894654426,-5.460663466846658e-7,0.0,0.0,0.0,0.0004648949131994106,0.0029803664113002126,-0.019069035270568694,-1.2979498349293458e-5,-1.5076049777346149e-6,8.680910176044211,-46.9710005447712,-11.739009078186292,51.15960292113117,0.0,1.7553028542514203e-6
