model,rmse,correlation,prediction_efficiency,n_points
SINDy,0.7989054401129906,0.9937647610701219,0.9875684003189077,481
Burton,0.8196602692878117,0.9934802010756065,0.986914087003768,481
O'Brien-McPherron,10.24544538664975,0.9081428632477385,-1.0445509848659236,481
SINDy (fwd),2.2792953874875823,0.9995420425685599,0.9990746326435662,481
Burton (fwd),2.2197246874522962,0.9995629159304696,0.9991223705739196,481
O'Brien (fwd),45.23641466521926,0.961331274754756,0.6355069055958459,481
