model,rmse,correlation,prediction_efficiency,n_active_terms
SINDy,0.7955311335523035,0.993893735672167,0.9878247578083752,21
Burton,0.9407808615417734,0.9918291123955009,0.9829729192569542,2
O'Brien-McPherron,10.332904742178911,0.9179262114483068,-1.0540362274827095,3
