noise_level,sindy_rmse,burton_rmse,n_active_terms,core_terms_recovered
0.01,0.1922491016075151,0.482999603538184,20,true
0.02,0.3302283258515045,0.5514619533397453,20,true
0.05,0.7793479217243048,0.8975457141853194,21,true
0.1,1.5408087203759973,1.613927425498348,21,true
0.15,2.300868259759296,2.368154568700047,21,true
0.2,3.0565525865330776,3.1330131325115733,21,true
