quiet_thresh,deriv_thresh,phase,term,coefficient,selected_lambda,n_regression_rows,n_storms_with_phase,n_active_terms,selection_rule
-30.0,-4.0,quiet,1,1.1927234105398483,73.18242219076174,23682,482,14,largest_lambda_within_one_standard_error_then_fewer_terms_then_larger_lambda
-30.0,-4.0,quiet,V,-0.0014032662682418864,73.18242219076174,23682,482,14,largest_lambda_within_one_standard_error_then_fewer_terms_then_larger_lambda
-30.0,-4.0,quiet,Bs,-0.5699298739206797,73.18242219076174,23682,482,14,largest_lambda_within_one_standard_error_then_fewer_terms_then_larger_lambda
-30.0,-4.0,quiet,n,-0.14208557381425074,73.18242219076174,23682,482,14,largest_lambda_within_one_standard_error_then_fewer_terms_then_larger_lambda
-30.0,-4.0,quiet,Pdyn,-1.0701086412059826,73.18242219076174,23682,482,14,largest_lambda_within_one_standard_error_then_fewer_terms_then_larger_lambda
-30.0,-4.0,quiet,Dst_star,0.0,73.18242219076174,23682,482,14,largest_lambda_within_one_standard_error_then_fewer_terms_then_larger_lambda
-30.0,-4.0,quiet,V^2,3.3398587079540914e-6,73.18242219076174,23682,482,14,largest_lambda_within_one_standard_error_then_fewer_terms_then_larger_lambda
-30.0,-4.0,quiet,Bs^2,0.0,73.18242219076174,23682,482,14,largest_lambda_within_one_standard_error_then_fewer_terms_then_larger_lambda
-30.0,-4.0,quiet,n^2,0.0,73.18242219076174,23682,482,14,largest_lambda_within_one_standard_error_then_fewer_terms_then_larger_lambda
-30.0,-4.0,quiet,V*Bs,0.0,73.18242219076174,23682,482,14,largest_lambda_within_one_standard_error_then_fewer_terms_then_larger_lambda
-30.0,-4.0,quiet,n*V,0.000938552168393728,73.18242219076174,23682,482,14,largest_lambda_within_one_standard_error_then_fewer_terms_then_larger_lambda
-30.0,-4.0,quiet,n*Bs,0.046091645983538675,73.18242219076174,23682,482,14,largest_lambda_within_one_standard_error_then_fewer_terms_then_larger_lambda
-30.0,-4.0,quiet,Pdyn*Bs,0.1827699789690196,73.18242219076174,23682,482,14,largest_lambda_within_one_standard_error_then_fewer_terms_then_larger_lambda
-30.0,-4.0,quiet,n*V*Bs,-0.0002573383226181693,73.18242219076174,23682,482,14,largest_lambda_within_one_standard_error_then_fewer_terms_then_larger_lambda
-30.0,-4.0,quiet,sin(θ_c/2),0.9122810651877312,73.18242219076174,23682,482,14,largest_lambda_within_one_standard_error_then_fewer_terms_then_larger_lambda
-30.0,-4.0,quiet,sin²(θ_c/2),-6.525455019212517,73.18242219076174,23682,482,14,largest_lambda_within_one_standard_error_then_fewer_terms_then_larger_lambda
-30.0,-4.0,quiet,sin⁴(θ_c/2),0.0,73.18242219076174,23682,482,14,largest_lambda_within_one_standard_error_then_fewer_terms_then_larger_lambda
-30.0,-4.0,quiet,sin^(8/3)(θ_c/2),6.749664511825201,73.18242219076174,23682,482,14,largest_lambda_within_one_standard_error_then_fewer_terms_then_larger_lambda
-30.0,-4.0,quiet,V*sin²(θ_c/2),0.0,73.18242219076174,23682,482,14,largest_lambda_within_one_standard_error_then_fewer_terms_then_larger_lambda
-30.0,-4.0,quiet,Newell_d_Φ,-0.00012270375882620003,73.18242219076174,23682,482,14,largest_lambda_within_one_standard_error_then_fewer_terms_then_larger_lambda
-30.0,-4.0,main,1,0.0,73.18242219076174,2819,440,15,largest_lambda_within_one_standard_error_then_fewer_terms_then_larger_lambda
-30.0,-4.0,main,V,0.0,73.18242219076174,2819,440,15,largest_lambda_within_one_standard_error_then_fewer_terms_then_larger_lambda
-30.0,-4.0,main,Bs,-0.711355805271008,73.18242219076174,2819,440,15,largest_lambda_within_one_standard_error_then_fewer_terms_then_larger_lambda
-30.0,-4.0,main,n,-0.1517051198787511,73.18242219076174,2819,440,15,largest_lambda_within_one_standard_error_then_fewer_terms_then_larger_lambda
-30.0,-4.0,main,Pdyn,0.0,73.18242219076174,2819,440,15,largest_lambda_within_one_standard_error_then_fewer_terms_then_larger_lambda
-30.0,-4.0,main,Dst_star,-0.023213908133103776,73.18242219076174,2819,440,15,largest_lambda_within_one_standard_error_then_fewer_terms_then_larger_lambda
-30.0,-4.0,main,V^2,-1.5171656458677745e-5,73.18242219076174,2819,440,15,largest_lambda_within_one_standard_error_then_fewer_terms_then_larger_lambda
-30.0,-4.0,main,Bs^2,-0.012603300997334236,73.18242219076174,2819,440,15,largest_lambda_within_one_standard_error_then_fewer_terms_then_larger_lambda
-30.0,-4.0,main,n^2,0.0,73.18242219076174,2819,440,15,largest_lambda_within_one_standard_error_then_fewer_terms_then_larger_lambda
-30.0,-4.0,main,V*Bs,0.0011249238596799079,73.18242219076174,2819,440,15,largest_lambda_within_one_standard_error_then_fewer_terms_then_larger_lambda
-30.0,-4.0,main,n*V,0.0,73.18242219076174,2819,440,15,largest_lambda_within_one_standard_error_then_fewer_terms_then_larger_lambda
-30.0,-4.0,main,n*Bs,0.09317355971012935,73.18242219076174,2819,440,15,largest_lambda_within_one_standard_error_then_fewer_terms_then_larger_lambda
-30.0,-4.0,main,Pdyn*Bs,0.10753473075231683,73.18242219076174,2819,440,15,largest_lambda_within_one_standard_error_then_fewer_terms_then_larger_lambda
-30.0,-4.0,main,n*V*Bs,-0.0002963234893176724,73.18242219076174,2819,440,15,largest_lambda_within_one_standard_error_then_fewer_terms_then_larger_lambda
-30.0,-4.0,main,sin(θ_c/2),-2.447083216530609,73.18242219076174,2819,440,15,largest_lambda_within_one_standard_error_then_fewer_terms_then_larger_lambda
-30.0,-4.0,main,sin²(θ_c/2),-34.13766984840755,73.18242219076174,2819,440,15,largest_lambda_within_one_standard_error_then_fewer_terms_then_larger_lambda
-30.0,-4.0,main,sin⁴(θ_c/2),-20.622976239738232,73.18242219076174,2819,440,15,largest_lambda_within_one_standard_error_then_fewer_terms_then_larger_lambda
-30.0,-4.0,main,sin^(8/3)(θ_c/2),54.17843037629326,73.18242219076174,2819,440,15,largest_lambda_within_one_standard_error_then_fewer_terms_then_larger_lambda
-30.0,-4.0,main,V*sin²(θ_c/2),0.011488465197697707,73.18242219076174,2819,440,15,largest_lambda_within_one_standard_error_then_fewer_terms_then_larger_lambda
-30.0,-4.0,main,Newell_d_Φ,-0.00022402852316859647,73.18242219076174,2819,440,15,largest_lambda_within_one_standard_error_then_fewer_terms_then_larger_lambda
-30.0,-4.0,recovery,1,1.1652673684087367,73.18242219076174,20434,480,13,largest_lambda_within_one_standard_error_then_fewer_terms_then_larger_lambda
-30.0,-4.0,recovery,V,-0.006390448278302471,73.18242219076174,20434,480,13,largest_lambda_within_one_standard_error_then_fewer_terms_then_larger_lambda
-30.0,-4.0,recovery,Bs,-0.5282858385198244,73.18242219076174,20434,480,13,largest_lambda_within_one_standard_error_then_fewer_terms_then_larger_lambda
-30.0,-4.0,recovery,n,0.0,73.18242219076174,20434,480,13,largest_lambda_within_one_standard_error_then_fewer_terms_then_larger_lambda
-30.0,-4.0,recovery,Pdyn,-0.2502803025118859,73.18242219076174,20434,480,13,largest_lambda_within_one_standard_error_then_fewer_terms_then_larger_lambda
-30.0,-4.0,recovery,Dst_star,-0.06304681423103495,73.18242219076174,20434,480,13,largest_lambda_within_one_standard_error_then_fewer_terms_then_larger_lambda
-30.0,-4.0,recovery,V^2,3.505766188029667e-6,73.18242219076174,20434,480,13,largest_lambda_within_one_standard_error_then_fewer_terms_then_larger_lambda
-30.0,-4.0,recovery,Bs^2,0.0,73.18242219076174,20434,480,13,largest_lambda_within_one_standard_error_then_fewer_terms_then_larger_lambda
-30.0,-4.0,recovery,n^2,0.0,73.18242219076174,20434,480,13,largest_lambda_within_one_standard_error_then_fewer_terms_then_larger_lambda
-30.0,-4.0,recovery,V*Bs,0.00039959039443866604,73.18242219076174,20434,480,13,largest_lambda_within_one_standard_error_then_fewer_terms_then_larger_lambda
-30.0,-4.0,recovery,n*V,0.00020549602750093575,73.18242219076174,20434,480,13,largest_lambda_within_one_standard_error_then_fewer_terms_then_larger_lambda
-30.0,-4.0,recovery,n*Bs,0.0215527690949031,73.18242219076174,20434,480,13,largest_lambda_within_one_standard_error_then_fewer_terms_then_larger_lambda
-30.0,-4.0,recovery,Pdyn*Bs,0.0,73.18242219076174,20434,480,13,largest_lambda_within_one_standard_error_then_fewer_terms_then_larger_lambda
-30.0,-4.0,recovery,n*V*Bs,-6.255212007171706e-5,73.18242219076174,20434,480,13,largest_lambda_within_one_standard_error_then_fewer_terms_then_larger_lambda
-30.0,-4.0,recovery,sin(θ_c/2),2.299136032638039,73.18242219076174,20434,480,13,largest_lambda_within_one_standard_error_then_fewer_terms_then_larger_lambda
-30.0,-4.0,recovery,sin²(θ_c/2),-7.2811421679375705,73.18242219076174,20434,480,13,largest_lambda_within_one_standard_error_then_fewer_terms_then_larger_lambda
-30.0,-4.0,recovery,sin⁴(θ_c/2),0.0,73.18242219076174,20434,480,13,largest_lambda_within_one_standard_error_then_fewer_terms_then_larger_lambda
-30.0,-4.0,recovery,sin^(8/3)(θ_c/2),4.679616601262119,73.18242219076174,20434,480,13,largest_lambda_within_one_standard_error_then_fewer_terms_then_larger_lambda
-30.0,-4.0,recovery,V*sin²(θ_c/2),0.0,73.18242219076174,20434,480,13,largest_lambda_within_one_standard_error_then_fewer_terms_then_larger_lambda
-30.0,-4.0,recovery,Newell_d_Φ,0.0,73.18242219076174,20434,480,13,largest_lambda_within_one_standard_error_then_fewer_terms_then_larger_lambda
-30.0,-3.0,quiet,1,1.1927234105398483,57.90443980602486,23682,482,14,largest_lambda_within_one_standard_error_then_fewer_terms_then_larger_lambda
-30.0,-3.0,quiet,V,-0.0014032662682418864,57.90443980602486,23682,482,14,largest_lambda_within_one_standard_error_then_fewer_terms_then_larger_lambda
-30.0,-3.0,quiet,Bs,-0.5699298739206797,57.90443980602486,23682,482,14,largest_lambda_within_one_standard_error_then_fewer_terms_then_larger_lambda
-30.0,-3.0,quiet,n,-0.14208557381425074,57.90443980602486,23682,482,14,largest_lambda_within_one_standard_error_then_fewer_terms_then_larger_lambda
-30.0,-3.0,quiet,Pdyn,-1.0701086412059826,57.90443980602486,23682,482,14,largest_lambda_within_one_standard_error_then_fewer_terms_then_larger_lambda
-30.0,-3.0,quiet,Dst_star,0.0,57.90443980602486,23682,482,14,largest_lambda_within_one_standard_error_then_fewer_terms_then_larger_lambda
-30.0,-3.0,quiet,V^2,3.3398587079540914e-6,57.90443980602486,23682,482,14,largest_lambda_within_one_standard_error_then_fewer_terms_then_larger_lambda
-30.0,-3.0,quiet,Bs^2,0.0,57.90443980602486,23682,482,14,largest_lambda_within_one_standard_error_then_fewer_terms_then_larger_lambda
-30.0,-3.0,quiet,n^2,0.0,57.90443980602486,23682,482,14,largest_lambda_within_one_standard_error_then_fewer_terms_then_larger_lambda
-30.0,-3.0,quiet,V*Bs,0.0,57.90443980602486,23682,482,14,largest_lambda_within_one_standard_error_then_fewer_terms_then_larger_lambda
-30.0,-3.0,quiet,n*V,0.000938552168393728,57.90443980602486,23682,482,14,largest_lambda_within_one_standard_error_then_fewer_terms_then_larger_lambda
-30.0,-3.0,quiet,n*Bs,0.046091645983538675,57.90443980602486,23682,482,14,largest_lambda_within_one_standard_error_then_fewer_terms_then_larger_lambda
-30.0,-3.0,quiet,Pdyn*Bs,0.1827699789690196,57.90443980602486,23682,482,14,largest_lambda_within_one_standard_error_then_fewer_terms_then_larger_lambda
-30.0,-3.0,quiet,n*V*Bs,-0.0002573383226181693,57.90443980602486,23682,482,14,largest_lambda_within_one_standard_error_then_fewer_terms_then_larger_lambda
-30.0,-3.0,quiet,sin(θ_c/2),0.9122810651877312,57.90443980602486,23682,482,14,largest_lambda_within_one_standard_error_then_fewer_terms_then_larger_lambda
-30.0,-3.0,quiet,sin²(θ_c/2),-6.525455019212517,57.90443980602486,23682,482,14,largest_lambda_within_one_standard_error_then_fewer_terms_then_larger_lambda
-30.0,-3.0,quiet,sin⁴(θ_c/2),0.0,57.90443980602486,23682,482,14,largest_lambda_within_one_standard_error_then_fewer_terms_then_larger_lambda
-30.0,-3.0,quiet,sin^(8/3)(θ_c/2),6.749664511825201,57.90443980602486,23682,482,14,largest_lambda_within_one_standard_error_then_fewer_terms_then_larger_lambda
-30.0,-3.0,quiet,V*sin²(θ_c/2),0.0,57.90443980602486,23682,482,14,largest_lambda_within_one_standard_error_then_fewer_terms_then_larger_lambda
-30.0,-3.0,quiet,Newell_d_Φ,-0.00012270375882620003,57.90443980602486,23682,482,14,largest_lambda_within_one_standard_error_then_fewer_terms_then_larger_lambda
-30.0,-3.0,main,1,-1.455330006304551,57.90443980602486,3701,464,19,largest_lambda_within_one_standard_error_then_fewer_terms_then_larger_lambda
-30.0,-3.0,main,V,0.004728375435575917,57.90443980602486,3701,464,19,largest_lambda_within_one_standard_error_then_fewer_terms_then_larger_lambda
-30.0,-3.0,main,Bs,-0.4981974299374904,57.90443980602486,3701,464,19,largest_lambda_within_one_standard_error_then_fewer_terms_then_larger_lambda
-30.0,-3.0,main,n,-0.1300283216194435,57.90443980602486,3701,464,19,largest_lambda_within_one_standard_error_then_fewer_terms_then_larger_lambda
-30.0,-3.0,main,Pdyn,-0.2840609466311553,57.90443980602486,3701,464,19,largest_lambda_within_one_standard_error_then_fewer_terms_then_larger_lambda
-30.0,-3.0,main,Dst_star,-0.023987736810525497,57.90443980602486,3701,464,19,largest_lambda_within_one_standard_error_then_fewer_terms_then_larger_lambda
-30.0,-3.0,main,V^2,-1.0339911196565584e-5,57.90443980602486,3701,464,19,largest_lambda_within_one_standard_error_then_fewer_terms_then_larger_lambda
-30.0,-3.0,main,Bs^2,-0.0132925351537694,57.90443980602486,3701,464,19,largest_lambda_within_one_standard_error_then_fewer_terms_then_larger_lambda
-30.0,-3.0,main,n^2,0.0025318723542726747,57.90443980602486,3701,464,19,largest_lambda_within_one_standard_error_then_fewer_terms_then_larger_lambda
-30.0,-3.0,main,V*Bs,0.0007790369232380524,57.90443980602486,3701,464,19,largest_lambda_within_one_standard_error_then_fewer_terms_then_larger_lambda
-30.0,-3.0,main,n*V,0.0,57.90443980602486,3701,464,19,largest_lambda_within_one_standard_error_then_fewer_terms_then_larger_lambda
-30.0,-3.0,main,n*Bs,0.06455409919308107,57.90443980602486,3701,464,19,largest_lambda_within_one_standard_error_then_fewer_terms_then_larger_lambda
-30.0,-3.0,main,Pdyn*Bs,0.0947618190196102,57.90443980602486,3701,464,19,largest_lambda_within_one_standard_error_then_fewer_terms_then_larger_lambda
-30.0,-3.0,main,n*V*Bs,-0.00023038549792822987,57.90443980602486,3701,464,19,largest_lambda_within_one_standard_error_then_fewer_terms_then_larger_lambda
-30.0,-3.0,main,sin(θ_c/2),-13.028798696448963,57.90443980602486,3701,464,19,largest_lambda_within_one_standard_error_then_fewer_terms_then_larger_lambda
-30.0,-3.0,main,sin²(θ_c/2),16.851005187667415,57.90443980602486,3701,464,19,largest_lambda_within_one_standard_error_then_fewer_terms_then_larger_lambda
-30.0,-3.0,main,sin⁴(θ_c/2),-7.043077463517823,57.90443980602486,3701,464,19,largest_lambda_within_one_standard_error_then_fewer_terms_then_larger_lambda
-30.0,-3.0,main,sin^(8/3)(θ_c/2),2.2878036816185743,57.90443980602486,3701,464,19,largest_lambda_within_one_standard_error_then_fewer_terms_then_larger_lambda
-30.0,-3.0,main,V*sin²(θ_c/2),0.005402767506211305,57.90443980602486,3701,464,19,largest_lambda_within_one_standard_error_then_fewer_terms_then_larger_lambda
-30.0,-3.0,main,Newell_d_Φ,-0.00023767920822257452,57.90443980602486,3701,464,19,largest_lambda_within_one_standard_error_then_fewer_terms_then_larger_lambda
-30.0,-3.0,recovery,1,1.01574975239459,57.90443980602486,19552,480,10,largest_lambda_within_one_standard_error_then_fewer_terms_then_larger_lambda
-30.0,-3.0,recovery,V,-0.006057131736546112,57.90443980602486,19552,480,10,largest_lambda_within_one_standard_error_then_fewer_terms_then_larger_lambda
-30.0,-3.0,recovery,Bs,-0.3455786008920109,57.90443980602486,19552,480,10,largest_lambda_within_one_standard_error_then_fewer_terms_then_larger_lambda
-30.0,-3.0,recovery,n,0.0,57.90443980602486,19552,480,10,largest_lambda_within_one_standard_error_then_fewer_terms_then_larger_lambda
-30.0,-3.0,recovery,Pdyn,-0.24335638992020933,57.90443980602486,19552,480,10,largest_lambda_within_one_standard_error_then_fewer_terms_then_larger_lambda
-30.0,-3.0,recovery,Dst_star,-0.06232707126688605,57.90443980602486,19552,480,10,largest_lambda_within_one_standard_error_then_fewer_terms_then_larger_lambda
-30.0,-3.0,recovery,V^2,3.6605646721064592e-6,57.90443980602486,19552,480,10,largest_lambda_within_one_standard_error_then_fewer_terms_then_larger_lambda
-30.0,-3.0,recovery,Bs^2,0.0,57.90443980602486,19552,480,10,largest_lambda_within_one_standard_error_then_fewer_terms_then_larger_lambda
-30.0,-3.0,recovery,n^2,0.0,57.90443980602486,19552,480,10,largest_lambda_within_one_standard_error_then_fewer_terms_then_larger_lambda
-30.0,-3.0,recovery,V*Bs,0.0,57.90443980602486,19552,480,10,largest_lambda_within_one_standard_error_then_fewer_terms_then_larger_lambda
-30.0,-3.0,recovery,n*V,0.00020596260114255527,57.90443980602486,19552,480,10,largest_lambda_within_one_standard_error_then_fewer_terms_then_larger_lambda
-30.0,-3.0,recovery,n*Bs,0.0,57.90443980602486,19552,480,10,largest_lambda_within_one_standard_error_then_fewer_terms_then_larger_lambda
-30.0,-3.0,recovery,Pdyn*Bs,0.0,57.90443980602486,19552,480,10,largest_lambda_within_one_standard_error_then_fewer_terms_then_larger_lambda
-30.0,-3.0,recovery,n*V*Bs,0.0,57.90443980602486,19552,480,10,largest_lambda_within_one_standard_error_then_fewer_terms_then_larger_lambda
-30.0,-3.0,recovery,sin(θ_c/2),1.7907518817316725,57.90443980602486,19552,480,10,largest_lambda_within_one_standard_error_then_fewer_terms_then_larger_lambda
-30.0,-3.0,recovery,sin²(θ_c/2),-3.6444676235518427,57.90443980602486,19552,480,10,largest_lambda_within_one_standard_error_then_fewer_terms_then_larger_lambda
-30.0,-3.0,recovery,sin⁴(θ_c/2),1.645982873979115,57.90443980602486,19552,480,10,largest_lambda_within_one_standard_error_then_fewer_terms_then_larger_lambda
-30.0,-3.0,recovery,sin^(8/3)(θ_c/2),0.0,57.90443980602486,19552,480,10,largest_lambda_within_one_standard_error_then_fewer_terms_then_larger_lambda
-30.0,-3.0,recovery,V*sin²(θ_c/2),0.0,57.90443980602486,19552,480,10,largest_lambda_within_one_standard_error_then_fewer_terms_then_larger_lambda
-30.0,-3.0,recovery,Newell_d_Φ,0.0,57.90443980602486,19552,480,10,largest_lambda_within_one_standard_error_then_fewer_terms_then_larger_lambda
-30.0,-2.0,quiet,1,1.271031296987565,92.49147277217335,23682,482,13,largest_lambda_within_one_standard_error_then_fewer_terms_then_larger_lambda
-30.0,-2.0,quiet,V,-0.001362372375927188,92.49147277217335,23682,482,13,largest_lambda_within_one_standard_error_then_fewer_terms_then_larger_lambda
-30.0,-2.0,quiet,Bs,-0.5626274726102065,92.49147277217335,23682,482,13,largest_lambda_within_one_standard_error_then_fewer_terms_then_larger_lambda
-30.0,-2.0,quiet,n,-0.14139664973932486,92.49147277217335,23682,482,13,largest_lambda_within_one_standard_error_then_fewer_terms_then_larger_lambda
-30.0,-2.0,quiet,Pdyn,-1.0683218537123944,92.49147277217335,23682,482,13,largest_lambda_within_one_standard_error_then_fewer_terms_then_larger_lambda
-30.0,-2.0,quiet,Dst_star,0.0,92.49147277217335,23682,482,13,largest_lambda_within_one_standard_error_then_fewer_terms_then_larger_lambda
-30.0,-2.0,quiet,V^2,3.3327864761462324e-6,92.49147277217335,23682,482,13,largest_lambda_within_one_standard_error_then_fewer_terms_then_larger_lambda
-30.0,-2.0,quiet,Bs^2,0.0,92.49147277217335,23682,482,13,largest_lambda_within_one_standard_error_then_fewer_terms_then_larger_lambda
-30.0,-2.0,quiet,n^2,0.0,92.49147277217335,23682,482,13,largest_lambda_within_one_standard_error_then_fewer_terms_then_larger_lambda
-30.0,-2.0,quiet,V*Bs,0.0,92.49147277217335,23682,482,13,largest_lambda_within_one_standard_error_then_fewer_terms_then_larger_lambda
-30.0,-2.0,quiet,n*V,0.0009360349547175459,92.49147277217335,23682,482,13,largest_lambda_within_one_standard_error_then_fewer_terms_then_larger_lambda
-30.0,-2.0,quiet,n*Bs,0.045994317322124174,92.49147277217335,23682,482,13,largest_lambda_within_one_standard_error_then_fewer_terms_then_larger_lambda
-30.0,-2.0,quiet,Pdyn*Bs,0.18341268960897658,92.49147277217335,23682,482,13,largest_lambda_within_one_standard_error_then_fewer_terms_then_larger_lambda
-30.0,-2.0,quiet,n*V*Bs,-0.0002577348793418803,92.49147277217335,23682,482,13,largest_lambda_within_one_standard_error_then_fewer_terms_then_larger_lambda
-30.0,-2.0,quiet,sin(θ_c/2),0.0,92.49147277217335,23682,482,13,largest_lambda_within_one_standard_error_then_fewer_terms_then_larger_lambda
-30.0,-2.0,quiet,sin²(θ_c/2),-4.074138925118456,92.49147277217335,23682,482,13,largest_lambda_within_one_standard_error_then_fewer_terms_then_larger_lambda
-30.0,-2.0,quiet,sin⁴(θ_c/2),0.0,92.49147277217335,23682,482,13,largest_lambda_within_one_standard_error_then_fewer_terms_then_larger_lambda
-30.0,-2.0,quiet,sin^(8/3)(θ_c/2),5.095662602464071,92.49147277217335,23682,482,13,largest_lambda_within_one_standard_error_then_fewer_terms_then_larger_lambda
-30.0,-2.0,quiet,V*sin²(θ_c/2),0.0,92.49147277217335,23682,482,13,largest_lambda_within_one_standard_error_then_fewer_terms_then_larger_lambda
-30.0,-2.0,quiet,Newell_d_Φ,-0.00012630898199819096,92.49147277217335,23682,482,13,largest_lambda_within_one_standard_error_then_fewer_terms_then_larger_lambda
-30.0,-2.0,main,1,-3.564125043423353,92.49147277217335,5015,471,16,largest_lambda_within_one_standard_error_then_fewer_terms_then_larger_lambda
-30.0,-2.0,main,V,0.007437274877147059,92.49147277217335,5015,471,16,largest_lambda_within_one_standard_error_then_fewer_terms_then_larger_lambda
-30.0,-2.0,main,Bs,-0.4065993208752432,92.49147277217335,5015,471,16,largest_lambda_within_one_standard_error_then_fewer_terms_then_larger_lambda
-30.0,-2.0,main,n,0.0,92.49147277217335,5015,471,16,largest_lambda_within_one_standard_error_then_fewer_terms_then_larger_lambda
-30.0,-2.0,main,Pdyn,-0.36256832034612885,92.49147277217335,5015,471,16,largest_lambda_within_one_standard_error_then_fewer_terms_then_larger_lambda
-30.0,-2.0,main,Dst_star,-0.0243619307346137,92.49147277217335,5015,471,16,largest_lambda_within_one_standard_error_then_fewer_terms_then_larger_lambda
-30.0,-2.0,main,V^2,-1.0188801405328688e-5,92.49147277217335,5015,471,16,largest_lambda_within_one_standard_error_then_fewer_terms_then_larger_lambda
-30.0,-2.0,main,Bs^2,-0.013478999902486124,92.49147277217335,5015,471,16,largest_lambda_within_one_standard_error_then_fewer_terms_then_larger_lambda
-30.0,-2.0,main,n^2,0.0,92.49147277217335,5015,471,16,largest_lambda_within_one_standard_error_then_fewer_terms_then_larger_lambda
-30.0,-2.0,main,V*Bs,0.0007245014093556828,92.49147277217335,5015,471,16,largest_lambda_within_one_standard_error_then_fewer_terms_then_larger_lambda
-30.0,-2.0,main,n*V,0.0,92.49147277217335,5015,471,16,largest_lambda_within_one_standard_error_then_fewer_terms_then_larger_lambda
-30.0,-2.0,main,n*Bs,0.06895191437944417,92.49147277217335,5015,471,16,largest_lambda_within_one_standard_error_then_fewer_terms_then_larger_lambda
-30.0,-2.0,main,Pdyn*Bs,0.11083617400368746,92.49147277217335,5015,471,16,largest_lambda_within_one_standard_error_then_fewer_terms_then_larger_lambda
-30.0,-2.0,main,n*V*Bs,-0.00025596978479158706,92.49147277217335,5015,471,16,largest_lambda_within_one_standard_error_then_fewer_terms_then_larger_lambda
-30.0,-2.0,main,sin(θ_c/2),0.0,92.49147277217335,5015,471,16,largest_lambda_within_one_standard_error_then_fewer_terms_then_larger_lambda
-30.0,-2.0,main,sin²(θ_c/2),-33.15336024433859,92.49147277217335,5015,471,16,largest_lambda_within_one_standard_error_then_fewer_terms_then_larger_lambda
-30.0,-2.0,main,sin⁴(θ_c/2),-19.8845229705642,92.49147277217335,5015,471,16,largest_lambda_within_one_standard_error_then_fewer_terms_then_larger_lambda
-30.0,-2.0,main,sin^(8/3)(θ_c/2),52.59472373072649,92.49147277217335,5015,471,16,largest_lambda_within_one_standard_error_then_fewer_terms_then_larger_lambda
-30.0,-2.0,main,V*sin²(θ_c/2),0.006216006500459293,92.49147277217335,5015,471,16,largest_lambda_within_one_standard_error_then_fewer_terms_then_larger_lambda
-30.0,-2.0,main,Newell_d_Φ,-0.00028418887568881855,92.49147277217335,5015,471,16,largest_lambda_within_one_standard_error_then_fewer_terms_then_larger_lambda
-30.0,-2.0,recovery,1,0.8606969997507441,92.49147277217335,18238,480,7,largest_lambda_within_one_standard_error_then_fewer_terms_then_larger_lambda
-30.0,-2.0,recovery,V,-0.006978162101321403,92.49147277217335,18238,480,7,largest_lambda_within_one_standard_error_then_fewer_terms_then_larger_lambda
-30.0,-2.0,recovery,Bs,0.0,92.49147277217335,18238,480,7,largest_lambda_within_one_standard_error_then_fewer_terms_then_larger_lambda
-30.0,-2.0,recovery,n,-0.2854627307542031,92.49147277217335,18238,480,7,largest_lambda_within_one_standard_error_then_fewer_terms_then_larger_lambda
-30.0,-2.0,recovery,Pdyn,-0.7642340413331018,92.49147277217335,18238,480,7,largest_lambda_within_one_standard_error_then_fewer_terms_then_larger_lambda
-30.0,-2.0,recovery,Dst_star,-0.05021083323467196,92.49147277217335,18238,480,7,largest_lambda_within_one_standard_error_then_fewer_terms_then_larger_lambda
-30.0,-2.0,recovery,V^2,5.702949483716286e-6,92.49147277217335,18238,480,7,largest_lambda_within_one_standard_error_then_fewer_terms_then_larger_lambda
-30.0,-2.0,recovery,Bs^2,0.0,92.49147277217335,18238,480,7,largest_lambda_within_one_standard_error_then_fewer_terms_then_larger_lambda
-30.0,-2.0,recovery,n^2,0.0,92.49147277217335,18238,480,7,largest_lambda_within_one_standard_error_then_fewer_terms_then_larger_lambda
-30.0,-2.0,recovery,V*Bs,0.0,92.49147277217335,18238,480,7,largest_lambda_within_one_standard_error_then_fewer_terms_then_larger_lambda
-30.0,-2.0,recovery,n*V,0.0012900740891285064,92.49147277217335,18238,480,7,largest_lambda_within_one_standard_error_then_fewer_terms_then_larger_lambda
-30.0,-2.0,recovery,n*Bs,0.0,92.49147277217335,18238,480,7,largest_lambda_within_one_standard_error_then_fewer_terms_then_larger_lambda
-30.0,-2.0,recovery,Pdyn*Bs,0.0,92.49147277217335,18238,480,7,largest_lambda_within_one_standard_error_then_fewer_terms_then_larger_lambda
-30.0,-2.0,recovery,n*V*Bs,0.0,92.49147277217335,18238,480,7,largest_lambda_within_one_standard_error_then_fewer_terms_then_larger_lambda
-30.0,-2.0,recovery,sin(θ_c/2),0.0,92.49147277217335,18238,480,7,largest_lambda_within_one_standard_error_then_fewer_terms_then_larger_lambda
-30.0,-2.0,recovery,sin²(θ_c/2),0.0,92.49147277217335,18238,480,7,largest_lambda_within_one_standard_error_then_fewer_terms_then_larger_lambda
-30.0,-2.0,recovery,sin⁴(θ_c/2),0.0,92.49147277217335,18238,480,7,largest_lambda_within_one_standard_error_then_fewer_terms_then_larger_lambda
-30.0,-2.0,recovery,sin^(8/3)(θ_c/2),0.0,92.49147277217335,18238,480,7,largest_lambda_within_one_standard_error_then_fewer_terms_then_larger_lambda
-30.0,-2.0,recovery,V*sin²(θ_c/2),0.0,92.49147277217335,18238,480,7,largest_lambda_within_one_standard_error_then_fewer_terms_then_larger_lambda
-30.0,-2.0,recovery,Newell_d_Φ,0.0,92.49147277217335,18238,480,7,largest_lambda_within_one_standard_error_then_fewer_terms_then_larger_lambda
-30.0,-1.0,quiet,1,1.271031296987565,92.49147277217335,23682,482,13,largest_lambda_within_one_standard_error_then_fewer_terms_then_larger_lambda
-30.0,-1.0,quiet,V,-0.001362372375927188,92.49147277217335,23682,482,13,largest_lambda_within_one_standard_error_then_fewer_terms_then_larger_lambda
-30.0,-1.0,quiet,Bs,-0.5626274726102065,92.49147277217335,23682,482,13,largest_lambda_within_one_standard_error_then_fewer_terms_then_larger_lambda
-30.0,-1.0,quiet,n,-0.14139664973932486,92.49147277217335,23682,482,13,largest_lambda_within_one_standard_error_then_fewer_terms_then_larger_lambda
-30.0,-1.0,quiet,Pdyn,-1.0683218537123944,92.49147277217335,23682,482,13,largest_lambda_within_one_standard_error_then_fewer_terms_then_larger_lambda
-30.0,-1.0,quiet,Dst_star,0.0,92.49147277217335,23682,482,13,largest_lambda_within_one_standard_error_then_fewer_terms_then_larger_lambda
-30.0,-1.0,quiet,V^2,3.3327864761462324e-6,92.49147277217335,23682,482,13,largest_lambda_within_one_standard_error_then_fewer_terms_then_larger_lambda
-30.0,-1.0,quiet,Bs^2,0.0,92.49147277217335,23682,482,13,largest_lambda_within_one_standard_error_then_fewer_terms_then_larger_lambda
-30.0,-1.0,quiet,n^2,0.0,92.49147277217335,23682,482,13,largest_lambda_within_one_standard_error_then_fewer_terms_then_larger_lambda
-30.0,-1.0,quiet,V*Bs,0.0,92.49147277217335,23682,482,13,largest_lambda_within_one_standard_error_then_fewer_terms_then_larger_lambda
-30.0,-1.0,quiet,n*V,0.0009360349547175459,92.49147277217335,23682,482,13,largest_lambda_within_one_standard_error_then_fewer_terms_then_larger_lambda
-30.0,-1.0,quiet,n*Bs,0.045994317322124174,92.49147277217335,23682,482,13,largest_lambda_within_one_standard_error_then_fewer_terms_then_larger_lambda
-30.0,-1.0,quiet,Pdyn*Bs,0.18341268960897658,92.49147277217335,23682,482,13,largest_lambda_within_one_standard_error_then_fewer_terms_then_larger_lambda
-30.0,-1.0,quiet,n*V*Bs,-0.0002577348793418803,92.49147277217335,23682,482,13,largest_lambda_within_one_standard_error_then_fewer_terms_then_larger_lambda
-30.0,-1.0,quiet,sin(θ_c/2),0.0,92.49147277217335,23682,482,13,largest_lambda_within_one_standard_error_then_fewer_terms_then_larger_lambda
-30.0,-1.0,quiet,sin²(θ_c/2),-4.074138925118456,92.49147277217335,23682,482,13,largest_lambda_within_one_standard_error_then_fewer_terms_then_larger_lambda
-30.0,-1.0,quiet,sin⁴(θ_c/2),0.0,92.49147277217335,23682,482,13,largest_lambda_within_one_standard_error_then_fewer_terms_then_larger_lambda
-30.0,-1.0,quiet,sin^(8/3)(θ_c/2),5.095662602464071,92.49147277217335,23682,482,13,largest_lambda_within_one_standard_error_then_fewer_terms_then_larger_lambda
-30.0,-1.0,quiet,V*sin²(θ_c/2),0.0,92.49147277217335,23682,482,13,largest_lambda_within_one_standard_error_then_fewer_terms_then_larger_lambda
-30.0,-1.0,quiet,Newell_d_Φ,-0.00012630898199819096,92.49147277217335,23682,482,13,largest_lambda_within_one_standard_error_then_fewer_terms_then_larger_lambda
-30.0,-1.0,main,1,-3.0853981554720793,92.49147277217335,7053,474,17,largest_lambda_within_one_standard_error_then_fewer_terms_then_larger_lambda
-30.0,-1.0,main,V,0.0057776221349263995,92.49147277217335,7053,474,17,largest_lambda_within_one_standard_error_then_fewer_terms_then_larger_lambda
-30.0,-1.0,main,Bs,-0.4538637160175994,92.49147277217335,7053,474,17,largest_lambda_within_one_standard_error_then_fewer_terms_then_larger_lambda
-30.0,-1.0,main,n,0.0,92.49147277217335,7053,474,17,largest_lambda_within_one_standard_error_then_fewer_terms_then_larger_lambda
-30.0,-1.0,main,Pdyn,-0.3987098813448229,92.49147277217335,7053,474,17,largest_lambda_within_one_standard_error_then_fewer_terms_then_larger_lambda
-30.0,-1.0,main,Dst_star,-0.025084732093954423,92.49147277217335,7053,474,17,largest_lambda_within_one_standard_error_then_fewer_terms_then_larger_lambda
-30.0,-1.0,main,V^2,-7.795358773268258e-6,92.49147277217335,7053,474,17,largest_lambda_within_one_standard_error_then_fewer_terms_then_larger_lambda
-30.0,-1.0,main,Bs^2,-0.014463212879036432,92.49147277217335,7053,474,17,largest_lambda_within_one_standard_error_then_fewer_terms_then_larger_lambda
-30.0,-1.0,main,n^2,0.0,92.49147277217335,7053,474,17,largest_lambda_within_one_standard_error_then_fewer_terms_then_larger_lambda
-30.0,-1.0,main,V*Bs,0.0009138545660286899,92.49147277217335,7053,474,17,largest_lambda_within_one_standard_error_then_fewer_terms_then_larger_lambda
-30.0,-1.0,main,n*V,0.0,92.49147277217335,7053,474,17,largest_lambda_within_one_standard_error_then_fewer_terms_then_larger_lambda
-30.0,-1.0,main,n*Bs,0.06865753586496014,92.49147277217335,7053,474,17,largest_lambda_within_one_standard_error_then_fewer_terms_then_larger_lambda
-30.0,-1.0,main,Pdyn*Bs,0.10739380170582484,92.49147277217335,7053,474,17,largest_lambda_within_one_standard_error_then_fewer_terms_then_larger_lambda
-30.0,-1.0,main,n*V*Bs,-0.00025246997178945176,92.49147277217335,7053,474,17,largest_lambda_within_one_standard_error_then_fewer_terms_then_larger_lambda
-30.0,-1.0,main,sin(θ_c/2),6.086640154776813,92.49147277217335,7053,474,17,largest_lambda_within_one_standard_error_then_fewer_terms_then_larger_lambda
-30.0,-1.0,main,sin²(θ_c/2),-48.23640930225983,92.49147277217335,7053,474,17,largest_lambda_within_one_standard_error_then_fewer_terms_then_larger_lambda
-30.0,-1.0,main,sin⁴(θ_c/2),-22.14999170790474,92.49147277217335,7053,474,17,largest_lambda_within_one_standard_error_then_fewer_terms_then_larger_lambda
-30.0,-1.0,main,sin^(8/3)(θ_c/2),64.61956808352971,92.49147277217335,7053,474,17,largest_lambda_within_one_standard_error_then_fewer_terms_then_larger_lambda
-30.0,-1.0,main,V*sin²(θ_c/2),0.005245906040005822,92.49147277217335,7053,474,17,largest_lambda_within_one_standard_error_then_fewer_terms_then_larger_lambda
-30.0,-1.0,main,Newell_d_Φ,-0.0003058550312057397,92.49147277217335,7053,474,17,largest_lambda_within_one_standard_error_then_fewer_terms_then_larger_lambda
-30.0,-1.0,recovery,1,2.350908184371192,92.49147277217335,16200,479,8,largest_lambda_within_one_standard_error_then_fewer_terms_then_larger_lambda
-30.0,-1.0,recovery,V,-0.008633125896998184,92.49147277217335,16200,479,8,largest_lambda_within_one_standard_error_then_fewer_terms_then_larger_lambda
-30.0,-1.0,recovery,Bs,0.0,92.49147277217335,16200,479,8,largest_lambda_within_one_standard_error_then_fewer_terms_then_larger_lambda
-30.0,-1.0,recovery,n,-0.24761371002541632,92.49147277217335,16200,479,8,largest_lambda_within_one_standard_error_then_fewer_terms_then_larger_lambda
-30.0,-1.0,recovery,Pdyn,-0.7178646548141395,92.49147277217335,16200,479,8,largest_lambda_within_one_standard_error_then_fewer_terms_then_larger_lambda
-30.0,-1.0,recovery,Dst_star,-0.05231924059967456,92.49147277217335,16200,479,8,largest_lambda_within_one_standard_error_then_fewer_terms_then_larger_lambda
-30.0,-1.0,recovery,V^2,6.900727345586067e-6,92.49147277217335,16200,479,8,largest_lambda_within_one_standard_error_then_fewer_terms_then_larger_lambda
-30.0,-1.0,recovery,Bs^2,0.0,92.49147277217335,16200,479,8,largest_lambda_within_one_standard_error_then_fewer_terms_then_larger_lambda
-30.0,-1.0,recovery,n^2,0.0,92.49147277217335,16200,479,8,largest_lambda_within_one_standard_error_then_fewer_terms_then_larger_lambda
-30.0,-1.0,recovery,V*Bs,0.0,92.49147277217335,16200,479,8,largest_lambda_within_one_standard_error_then_fewer_terms_then_larger_lambda
-30.0,-1.0,recovery,n*V,0.0011664804593704906,92.49147277217335,16200,479,8,largest_lambda_within_one_standard_error_then_fewer_terms_then_larger_lambda
-30.0,-1.0,recovery,n*Bs,0.0,92.49147277217335,16200,479,8,largest_lambda_within_one_standard_error_then_fewer_terms_then_larger_lambda
-30.0,-1.0,recovery,Pdyn*Bs,0.0,92.49147277217335,16200,479,8,largest_lambda_within_one_standard_error_then_fewer_terms_then_larger_lambda
-30.0,-1.0,recovery,n*V*Bs,0.0,92.49147277217335,16200,479,8,largest_lambda_within_one_standard_error_then_fewer_terms_then_larger_lambda
-30.0,-1.0,recovery,sin(θ_c/2),0.0,92.49147277217335,16200,479,8,largest_lambda_within_one_standard_error_then_fewer_terms_then_larger_lambda
-30.0,-1.0,recovery,sin²(θ_c/2),0.0,92.49147277217335,16200,479,8,largest_lambda_within_one_standard_error_then_fewer_terms_then_larger_lambda
-30.0,-1.0,recovery,sin⁴(θ_c/2),0.0,92.49147277217335,16200,479,8,largest_lambda_within_one_standard_error_then_fewer_terms_then_larger_lambda
-30.0,-1.0,recovery,sin^(8/3)(θ_c/2),-1.532189405029743,92.49147277217335,16200,479,8,largest_lambda_within_one_standard_error_then_fewer_terms_then_larger_lambda
-30.0,-1.0,recovery,V*sin²(θ_c/2),0.0,92.49147277217335,16200,479,8,largest_lambda_within_one_standard_error_then_fewer_terms_then_larger_lambda
-30.0,-1.0,recovery,Newell_d_Φ,0.0,92.49147277217335,16200,479,8,largest_lambda_within_one_standard_error_then_fewer_terms_then_larger_lambda
-30.0,0.0,quiet,1,1.686230958391154,45.81597669054491,23682,482,15,largest_lambda_within_one_standard_error_then_fewer_terms_then_larger_lambda
-30.0,0.0,quiet,V,-0.004153439429084865,45.81597669054491,23682,482,15,largest_lambda_within_one_standard_error_then_fewer_terms_then_larger_lambda
-30.0,0.0,quiet,Bs,-0.5908518577671793,45.81597669054491,23682,482,15,largest_lambda_within_one_standard_error_then_fewer_terms_then_larger_lambda
-30.0,0.0,quiet,n,-0.11823536116612444,45.81597669054491,23682,482,15,largest_lambda_within_one_standard_error_then_fewer_terms_then_larger_lambda
-30.0,0.0,quiet,Pdyn,-1.0095313974737377,45.81597669054491,23682,482,15,largest_lambda_within_one_standard_error_then_fewer_terms_then_larger_lambda
-30.0,0.0,quiet,Dst_star,-0.019369892745525204,45.81597669054491,23682,482,15,largest_lambda_within_one_standard_error_then_fewer_terms_then_larger_lambda
-30.0,0.0,quiet,V^2,5.265584452051214e-6,45.81597669054491,23682,482,15,largest_lambda_within_one_standard_error_then_fewer_terms_then_larger_lambda
-30.0,0.0,quiet,Bs^2,0.0,45.81597669054491,23682,482,15,largest_lambda_within_one_standard_error_then_fewer_terms_then_larger_lambda
-30.0,0.0,quiet,n^2,0.0,45.81597669054491,23682,482,15,largest_lambda_within_one_standard_error_then_fewer_terms_then_larger_lambda
-30.0,0.0,quiet,V*Bs,0.0,45.81597669054491,23682,482,15,largest_lambda_within_one_standard_error_then_fewer_terms_then_larger_lambda
-30.0,0.0,quiet,n*V,0.0008576094119103843,45.81597669054491,23682,482,15,largest_lambda_within_one_standard_error_then_fewer_terms_then_larger_lambda
-30.0,0.0,quiet,n*Bs,0.04345103265154001,45.81597669054491,23682,482,15,largest_lambda_within_one_standard_error_then_fewer_terms_then_larger_lambda
-30.0,0.0,quiet,Pdyn*Bs,0.1754149350265512,45.81597669054491,23682,482,15,largest_lambda_within_one_standard_error_then_fewer_terms_then_larger_lambda
-30.0,0.0,quiet,n*V*Bs,-0.0002466358447020816,45.81597669054491,23682,482,15,largest_lambda_within_one_standard_error_then_fewer_terms_then_larger_lambda
-30.0,0.0,quiet,sin(θ_c/2),1.23674004080383,45.81597669054491,23682,482,15,largest_lambda_within_one_standard_error_then_fewer_terms_then_larger_lambda
-30.0,0.0,quiet,sin²(θ_c/2),-7.649299540495686,45.81597669054491,23682,482,15,largest_lambda_within_one_standard_error_then_fewer_terms_then_larger_lambda
-30.0,0.0,quiet,sin⁴(θ_c/2),0.0,45.81597669054491,23682,482,15,largest_lambda_within_one_standard_error_then_fewer_terms_then_larger_lambda
-30.0,0.0,quiet,sin^(8/3)(θ_c/2),7.476147237640017,45.81597669054491,23682,482,15,largest_lambda_within_one_standard_error_then_fewer_terms_then_larger_lambda
-30.0,0.0,quiet,V*sin²(θ_c/2),0.0,45.81597669054491,23682,482,15,largest_lambda_within_one_standard_error_then_fewer_terms_then_larger_lambda
-30.0,0.0,quiet,Newell_d_Φ,-0.00011312374602537174,45.81597669054491,23682,482,15,largest_lambda_within_one_standard_error_then_fewer_terms_then_larger_lambda
-30.0,0.0,main,1,-2.1121514029935446,45.81597669054491,9884,476,17,largest_lambda_within_one_standard_error_then_fewer_terms_then_larger_lambda
-30.0,0.0,main,V,0.0047336652012374345,45.81597669054491,9884,476,17,largest_lambda_within_one_standard_error_then_fewer_terms_then_larger_lambda
-30.0,0.0,main,Bs,-0.4093578513822373,45.81597669054491,9884,476,17,largest_lambda_within_one_standard_error_then_fewer_terms_then_larger_lambda
-30.0,0.0,main,n,0.0,45.81597669054491,9884,476,17,largest_lambda_within_one_standard_error_then_fewer_terms_then_larger_lambda
-30.0,0.0,main,Pdyn,-0.4288417471242206,45.81597669054491,9884,476,17,largest_lambda_within_one_standard_error_then_fewer_terms_then_larger_lambda
-30.0,0.0,main,Dst_star,-0.02528378223741569,45.81597669054491,9884,476,17,largest_lambda_within_one_standard_error_then_fewer_terms_then_larger_lambda
-30.0,0.0,main,V^2,-6.4334508694946874e-6,45.81597669054491,9884,476,17,largest_lambda_within_one_standard_error_then_fewer_terms_then_larger_lambda
-30.0,0.0,main,Bs^2,-0.014351633067622929,45.81597669054491,9884,476,17,largest_lambda_within_one_standard_error_then_fewer_terms_then_larger_lambda
-30.0,0.0,main,n^2,0.0,45.81597669054491,9884,476,17,largest_lambda_within_one_standard_error_then_fewer_terms_then_larger_lambda
-30.0,0.0,main,V*Bs,0.0007394346702867485,45.81597669054491,9884,476,17,largest_lambda_within_one_standard_error_then_fewer_terms_then_larger_lambda
-30.0,0.0,main,n*V,0.0,45.81597669054491,9884,476,17,largest_lambda_within_one_standard_error_then_fewer_terms_then_larger_lambda
-30.0,0.0,main,n*Bs,0.0649355571823001,45.81597669054491,9884,476,17,largest_lambda_within_one_standard_error_then_fewer_terms_then_larger_lambda
-30.0,0.0,main,Pdyn*Bs,0.10516732499531022,45.81597669054491,9884,476,17,largest_lambda_within_one_standard_error_then_fewer_terms_then_larger_lambda
-30.0,0.0,main,n*V*Bs,-0.00024278397408562954,45.81597669054491,9884,476,17,largest_lambda_within_one_standard_error_then_fewer_terms_then_larger_lambda
-30.0,0.0,main,sin(θ_c/2),9.869987284824083,45.81597669054491,9884,476,17,largest_lambda_within_one_standard_error_then_fewer_terms_then_larger_lambda
-30.0,0.0,main,sin²(θ_c/2),-65.05782443560545,45.81597669054491,9884,476,17,largest_lambda_within_one_standard_error_then_fewer_terms_then_larger_lambda
-30.0,0.0,main,sin⁴(θ_c/2),-26.086644722734302,45.81597669054491,9884,476,17,largest_lambda_within_one_standard_error_then_fewer_terms_then_larger_lambda
-30.0,0.0,main,sin^(8/3)(θ_c/2),81.29128419615718,45.81597669054491,9884,476,17,largest_lambda_within_one_standard_error_then_fewer_terms_then_larger_lambda
-30.0,0.0,main,V*sin²(θ_c/2),0.005007432985009483,45.81597669054491,9884,476,17,largest_lambda_within_one_standard_error_then_fewer_terms_then_larger_lambda
-30.0,0.0,main,Newell_d_Φ,-0.00027937782019994277,45.81597669054491,9884,476,17,largest_lambda_within_one_standard_error_then_fewer_terms_then_larger_lambda
-30.0,0.0,recovery,1,2.06449801990079,45.81597669054491,13369,479,11,largest_lambda_within_one_standard_error_then_fewer_terms_then_larger_lambda
-30.0,0.0,recovery,V,-0.00878766306137664,45.81597669054491,13369,479,11,largest_lambda_within_one_standard_error_then_fewer_terms_then_larger_lambda
-30.0,0.0,recovery,Bs,-0.21319352638569797,45.81597669054491,13369,479,11,largest_lambda_within_one_standard_error_then_fewer_terms_then_larger_lambda
-30.0,0.0,recovery,n,-0.20068348427435395,45.81597669054491,13369,479,11,largest_lambda_within_one_standard_error_then_fewer_terms_then_larger_lambda
-30.0,0.0,recovery,Pdyn,-0.5984774275249355,45.81597669054491,13369,479,11,largest_lambda_within_one_standard_error_then_fewer_terms_then_larger_lambda
-30.0,0.0,recovery,Dst_star,-0.05678202074479468,45.81597669054491,13369,479,11,largest_lambda_within_one_standard_error_then_fewer_terms_then_larger_lambda
-30.0,0.0,recovery,V^2,6.574680274872866e-6,45.81597669054491,13369,479,11,largest_lambda_within_one_standard_error_then_fewer_terms_then_larger_lambda
-30.0,0.0,recovery,Bs^2,0.0,45.81597669054491,13369,479,11,largest_lambda_within_one_standard_error_then_fewer_terms_then_larger_lambda
-30.0,0.0,recovery,n^2,0.0,45.81597669054491,13369,479,11,largest_lambda_within_one_standard_error_then_fewer_terms_then_larger_lambda
-30.0,0.0,recovery,V*Bs,0.0,45.81597669054491,13369,479,11,largest_lambda_within_one_standard_error_then_fewer_terms_then_larger_lambda
-30.0,0.0,recovery,n*V,0.000989134940020769,45.81597669054491,13369,479,11,largest_lambda_within_one_standard_error_then_fewer_terms_then_larger_lambda
-30.0,0.0,recovery,n*Bs,0.0,45.81597669054491,13369,479,11,largest_lambda_within_one_standard_error_then_fewer_terms_then_larger_lambda
-30.0,0.0,recovery,Pdyn*Bs,0.0,45.81597669054491,13369,479,11,largest_lambda_within_one_standard_error_then_fewer_terms_then_larger_lambda
-30.0,0.0,recovery,n*V*Bs,0.0,45.81597669054491,13369,479,11,largest_lambda_within_one_standard_error_then_fewer_terms_then_larger_lambda
-30.0,0.0,recovery,sin(θ_c/2),2.206032636294126,45.81597669054491,13369,479,11,largest_lambda_within_one_standard_error_then_fewer_terms_then_larger_lambda
-30.0,0.0,recovery,sin²(θ_c/2),-5.969771640664878,45.81597669054491,13369,479,11,largest_lambda_within_one_standard_error_then_fewer_terms_then_larger_lambda
-30.0,0.0,recovery,sin⁴(θ_c/2),0.0,45.81597669054491,13369,479,11,largest_lambda_within_one_standard_error_then_fewer_terms_then_larger_lambda
-30.0,0.0,recovery,sin^(8/3)(θ_c/2),3.852963088386261,45.81597669054491,13369,479,11,largest_lambda_within_one_standard_error_then_fewer_terms_then_larger_lambda
-30.0,0.0,recovery,V*sin²(θ_c/2),0.0,45.81597669054491,13369,479,11,largest_lambda_within_one_standard_error_then_fewer_terms_then_larger_lambda
-30.0,0.0,recovery,Newell_d_Φ,0.0,45.81597669054491,13369,479,11,largest_lambda_within_one_standard_error_then_fewer_terms_then_larger_lambda
-25.0,-4.0,quiet,1,1.737530635943082,36.25117049988533,18748,481,14,largest_lambda_within_one_standard_error_then_fewer_terms_then_larger_lambda
-25.0,-4.0,quiet,V,-0.00358525739494583,36.25117049988533,18748,481,14,largest_lambda_within_one_standard_error_then_fewer_terms_then_larger_lambda
-25.0,-4.0,quiet,Bs,-0.46625854932277755,36.25117049988533,18748,481,14,largest_lambda_within_one_standard_error_then_fewer_terms_then_larger_lambda
-25.0,-4.0,quiet,n,-0.20316477099279642,36.25117049988533,18748,481,14,largest_lambda_within_one_standard_error_then_fewer_terms_then_larger_lambda
-25.0,-4.0,quiet,Pdyn,-1.2809697901815318,36.25117049988533,18748,481,14,largest_lambda_within_one_standard_error_then_fewer_terms_then_larger_lambda
-25.0,-4.0,quiet,Dst_star,0.0,36.25117049988533,18748,481,14,largest_lambda_within_one_standard_error_then_fewer_terms_then_larger_lambda
-25.0,-4.0,quiet,V^2,5.419658063033349e-6,36.25117049988533,18748,481,14,largest_lambda_within_one_standard_error_then_fewer_terms_then_larger_lambda
-25.0,-4.0,quiet,Bs^2,0.0,36.25117049988533,18748,481,14,largest_lambda_within_one_standard_error_then_fewer_terms_then_larger_lambda
-25.0,-4.0,quiet,n^2,0.0,36.25117049988533,18748,481,14,largest_lambda_within_one_standard_error_then_fewer_terms_then_larger_lambda
-25.0,-4.0,quiet,V*Bs,0.0,36.25117049988533,18748,481,14,largest_lambda_within_one_standard_error_then_fewer_terms_then_larger_lambda
-25.0,-4.0,quiet,n*V,0.0012379575266543482,36.25117049988533,18748,481,14,largest_lambda_within_one_standard_error_then_fewer_terms_then_larger_lambda
-25.0,-4.0,quiet,n*Bs,0.05694566900600267,36.25117049988533,18748,481,14,largest_lambda_within_one_standard_error_then_fewer_terms_then_larger_lambda
-25.0,-4.0,quiet,Pdyn*Bs,0.2235774119870876,36.25117049988533,18748,481,14,largest_lambda_within_one_standard_error_then_fewer_terms_then_larger_lambda
-25.0,-4.0,quiet,n*V*Bs,-0.00031190430100275896,36.25117049988533,18748,481,14,largest_lambda_within_one_standard_error_then_fewer_terms_then_larger_lambda
-25.0,-4.0,quiet,sin(θ_c/2),0.0,36.25117049988533,18748,481,14,largest_lambda_within_one_standard_error_then_fewer_terms_then_larger_lambda
-25.0,-4.0,quiet,sin²(θ_c/2),-3.4652386232155847,36.25117049988533,18748,481,14,largest_lambda_within_one_standard_error_then_fewer_terms_then_larger_lambda
-25.0,-4.0,quiet,sin⁴(θ_c/2),0.0,36.25117049988533,18748,481,14,largest_lambda_within_one_standard_error_then_fewer_terms_then_larger_lambda
-25.0,-4.0,quiet,sin^(8/3)(θ_c/2),3.8976617209952944,36.25117049988533,18748,481,14,largest_lambda_within_one_standard_error_then_fewer_terms_then_larger_lambda
-25.0,-4.0,quiet,V*sin²(θ_c/2),0.00139580362840965,36.25117049988533,18748,481,14,largest_lambda_within_one_standard_error_then_fewer_terms_then_larger_lambda
-25.0,-4.0,quiet,Newell_d_Φ,-0.00017769226187541612,36.25117049988533,18748,481,14,largest_lambda_within_one_standard_error_then_fewer_terms_then_larger_lambda
-25.0,-4.0,main,1,1.063482835979306,36.25117049988533,3125,449,19,largest_lambda_within_one_standard_error_then_fewer_terms_then_larger_lambda
-25.0,-4.0,main,V,-0.0015604532241245206,36.25117049988533,3125,449,19,largest_lambda_within_one_standard_error_then_fewer_terms_then_larger_lambda
-25.0,-4.0,main,Bs,-0.5453680543418338,36.25117049988533,3125,449,19,largest_lambda_within_one_standard_error_then_fewer_terms_then_larger_lambda
-25.0,-4.0,main,n,-0.16498353712821856,36.25117049988533,3125,449,19,largest_lambda_within_one_standard_error_then_fewer_terms_then_larger_lambda
-25.0,-4.0,main,Pdyn,-0.20299844069737416,36.25117049988533,3125,449,19,largest_lambda_within_one_standard_error_then_fewer_terms_then_larger_lambda
-25.0,-4.0,main,Dst_star,-0.022913829996310184,36.25117049988533,3125,449,19,largest_lambda_within_one_standard_error_then_fewer_terms_then_larger_lambda
-25.0,-4.0,main,V^2,-9.212376888228724e-6,36.25117049988533,3125,449,19,largest_lambda_within_one_standard_error_then_fewer_terms_then_larger_lambda
-25.0,-4.0,main,Bs^2,-0.012904603417084461,36.25117049988533,3125,449,19,largest_lambda_within_one_standard_error_then_fewer_terms_then_larger_lambda
-25.0,-4.0,main,n^2,0.0025633660526325603,36.25117049988533,3125,449,19,largest_lambda_within_one_standard_error_then_fewer_terms_then_larger_lambda
-25.0,-4.0,main,V*Bs,0.0007296877072407604,36.25117049988533,3125,449,19,largest_lambda_within_one_standard_error_then_fewer_terms_then_larger_lambda
-25.0,-4.0,main,n*V,0.0,36.25117049988533,3125,449,19,largest_lambda_within_one_standard_error_then_fewer_terms_then_larger_lambda
-25.0,-4.0,main,n*Bs,0.06111596043597233,36.25117049988533,3125,449,19,largest_lambda_within_one_standard_error_then_fewer_terms_then_larger_lambda
-25.0,-4.0,main,Pdyn*Bs,0.07977390263886433,36.25117049988533,3125,449,19,largest_lambda_within_one_standard_error_then_fewer_terms_then_larger_lambda
-25.0,-4.0,main,n*V*Bs,-0.00020712433918224023,36.25117049988533,3125,449,19,largest_lambda_within_one_standard_error_then_fewer_terms_then_larger_lambda
-25.0,-4.0,main,sin(θ_c/2),-19.813146241421645,36.25117049988533,3125,449,19,largest_lambda_within_one_standard_error_then_fewer_terms_then_larger_lambda
-25.0,-4.0,main,sin²(θ_c/2),44.35396114307158,36.25117049988533,3125,449,19,largest_lambda_within_one_standard_error_then_fewer_terms_then_larger_lambda
-25.0,-4.0,main,sin⁴(θ_c/2),1.2084683943288712,36.25117049988533,3125,449,19,largest_lambda_within_one_standard_error_then_fewer_terms_then_larger_lambda
-25.0,-4.0,main,sin^(8/3)(θ_c/2),-28.484417337745096,36.25117049988533,3125,449,19,largest_lambda_within_one_standard_error_then_fewer_terms_then_larger_lambda
-25.0,-4.0,main,V*sin²(θ_c/2),0.007821725881852726,36.25117049988533,3125,449,19,largest_lambda_within_one_standard_error_then_fewer_terms_then_larger_lambda
-25.0,-4.0,main,Newell_d_Φ,-0.0001851552846592544,36.25117049988533,3125,449,19,largest_lambda_within_one_standard_error_then_fewer_terms_then_larger_lambda
-25.0,-4.0,recovery,1,1.1845934270423146,36.25117049988533,25062,481,15,largest_lambda_within_one_standard_error_then_fewer_terms_then_larger_lambda
-25.0,-4.0,recovery,V,-0.006299447830116154,36.25117049988533,25062,481,15,largest_lambda_within_one_standard_error_then_fewer_terms_then_larger_lambda
-25.0,-4.0,recovery,Bs,-0.587461490885931,36.25117049988533,25062,481,15,largest_lambda_within_one_standard_error_then_fewer_terms_then_larger_lambda
-25.0,-4.0,recovery,n,0.0,36.25117049988533,25062,481,15,largest_lambda_within_one_standard_error_then_fewer_terms_then_larger_lambda
-25.0,-4.0,recovery,Pdyn,-0.23129910685197264,36.25117049988533,25062,481,15,largest_lambda_within_one_standard_error_then_fewer_terms_then_larger_lambda
-25.0,-4.0,recovery,Dst_star,-0.061470603504996016,36.25117049988533,25062,481,15,largest_lambda_within_one_standard_error_then_fewer_terms_then_larger_lambda
-25.0,-4.0,recovery,V^2,3.8098426828297124e-6,36.25117049988533,25062,481,15,largest_lambda_within_one_standard_error_then_fewer_terms_then_larger_lambda
-25.0,-4.0,recovery,Bs^2,0.0,36.25117049988533,25062,481,15,largest_lambda_within_one_standard_error_then_fewer_terms_then_larger_lambda
-25.0,-4.0,recovery,n^2,0.0,36.25117049988533,25062,481,15,largest_lambda_within_one_standard_error_then_fewer_terms_then_larger_lambda
-25.0,-4.0,recovery,V*Bs,0.0006537415227517446,36.25117049988533,25062,481,15,largest_lambda_within_one_standard_error_then_fewer_terms_then_larger_lambda
-25.0,-4.0,recovery,n*V,0.0001879876582229948,36.25117049988533,25062,481,15,largest_lambda_within_one_standard_error_then_fewer_terms_then_larger_lambda
-25.0,-4.0,recovery,n*Bs,0.022141300539219866,36.25117049988533,25062,481,15,largest_lambda_within_one_standard_error_then_fewer_terms_then_larger_lambda
-25.0,-4.0,recovery,Pdyn*Bs,0.0,36.25117049988533,25062,481,15,largest_lambda_within_one_standard_error_then_fewer_terms_then_larger_lambda
-25.0,-4.0,recovery,n*V*Bs,-6.193844940907247e-5,36.25117049988533,25062,481,15,largest_lambda_within_one_standard_error_then_fewer_terms_then_larger_lambda
-25.0,-4.0,recovery,sin(θ_c/2),2.1090530769138516,36.25117049988533,25062,481,15,largest_lambda_within_one_standard_error_then_fewer_terms_then_larger_lambda
-25.0,-4.0,recovery,sin²(θ_c/2),-6.545680890421528,36.25117049988533,25062,481,15,largest_lambda_within_one_standard_error_then_fewer_terms_then_larger_lambda
-25.0,-4.0,recovery,sin⁴(θ_c/2),-0.5730570440276298,36.25117049988533,25062,481,15,largest_lambda_within_one_standard_error_then_fewer_terms_then_larger_lambda
-25.0,-4.0,recovery,sin^(8/3)(θ_c/2),4.8922836682265025,36.25117049988533,25062,481,15,largest_lambda_within_one_standard_error_then_fewer_terms_then_larger_lambda
-25.0,-4.0,recovery,V*sin²(θ_c/2),0.0,36.25117049988533,25062,481,15,largest_lambda_within_one_standard_error_then_fewer_terms_then_larger_lambda
-25.0,-4.0,recovery,Newell_d_Φ,-4.978456836465199e-5,36.25117049988533,25062,481,15,largest_lambda_within_one_standard_error_then_fewer_terms_then_larger_lambda
-25.0,-3.0,quiet,1,1.4505315286542217,73.18242219076174,18748,481,11,largest_lambda_within_one_standard_error_then_fewer_terms_then_larger_lambda
-25.0,-3.0,quiet,V,-0.002862216979860225,73.18242219076174,18748,481,11,largest_lambda_within_one_standard_error_then_fewer_terms_then_larger_lambda
-25.0,-3.0,quiet,Bs,-0.3395212794764703,73.18242219076174,18748,481,11,largest_lambda_within_one_standard_error_then_fewer_terms_then_larger_lambda
-25.0,-3.0,quiet,n,-0.19253375152618257,73.18242219076174,18748,481,11,largest_lambda_within_one_standard_error_then_fewer_terms_then_larger_lambda
-25.0,-3.0,quiet,Pdyn,-1.3105671376762957,73.18242219076174,18748,481,11,largest_lambda_within_one_standard_error_then_fewer_terms_then_larger_lambda
-25.0,-3.0,quiet,Dst_star,0.0,73.18242219076174,18748,481,11,largest_lambda_within_one_standard_error_then_fewer_terms_then_larger_lambda
-25.0,-3.0,quiet,V^2,5.294466549330612e-6,73.18242219076174,18748,481,11,largest_lambda_within_one_standard_error_then_fewer_terms_then_larger_lambda
-25.0,-3.0,quiet,Bs^2,0.0,73.18242219076174,18748,481,11,largest_lambda_within_one_standard_error_then_fewer_terms_then_larger_lambda
-25.0,-3.0,quiet,n^2,0.0,73.18242219076174,18748,481,11,largest_lambda_within_one_standard_error_then_fewer_terms_then_larger_lambda
-25.0,-3.0,quiet,V*Bs,0.0,73.18242219076174,18748,481,11,largest_lambda_within_one_standard_error_then_fewer_terms_then_larger_lambda
-25.0,-3.0,quiet,n*V,0.0012260695849610876,73.18242219076174,18748,481,11,largest_lambda_within_one_standard_error_then_fewer_terms_then_larger_lambda
-25.0,-3.0,quiet,n*Bs,0.06091154426334494,73.18242219076174,18748,481,11,largest_lambda_within_one_standard_error_then_fewer_terms_then_larger_lambda
-25.0,-3.0,quiet,Pdyn*Bs,0.2296062588802366,73.18242219076174,18748,481,11,largest_lambda_within_one_standard_error_then_fewer_terms_then_larger_lambda
-25.0,-3.0,quiet,n*V*Bs,-0.0003330895904386183,73.18242219076174,18748,481,11,largest_lambda_within_one_standard_error_then_fewer_terms_then_larger_lambda
-25.0,-3.0,quiet,sin(θ_c/2),0.0,73.18242219076174,18748,481,11,largest_lambda_within_one_standard_error_then_fewer_terms_then_larger_lambda
-25.0,-3.0,quiet,sin²(θ_c/2),0.0,73.18242219076174,18748,481,11,largest_lambda_within_one_standard_error_then_fewer_terms_then_larger_lambda
-25.0,-3.0,quiet,sin⁴(θ_c/2),0.0,73.18242219076174,18748,481,11,largest_lambda_within_one_standard_error_then_fewer_terms_then_larger_lambda
-25.0,-3.0,quiet,sin^(8/3)(θ_c/2),0.0,73.18242219076174,18748,481,11,largest_lambda_within_one_standard_error_then_fewer_terms_then_larger_lambda
-25.0,-3.0,quiet,V*sin²(θ_c/2),0.0,73.18242219076174,18748,481,11,largest_lambda_within_one_standard_error_then_fewer_terms_then_larger_lambda
-25.0,-3.0,quiet,Newell_d_Φ,-0.00013597828501426965,73.18242219076174,18748,481,11,largest_lambda_within_one_standard_error_then_fewer_terms_then_larger_lambda
-25.0,-3.0,main,1,0.0,73.18242219076174,4141,469,14,largest_lambda_within_one_standard_error_then_fewer_terms_then_larger_lambda
-25.0,-3.0,main,V,0.0,73.18242219076174,4141,469,14,largest_lambda_within_one_standard_error_then_fewer_terms_then_larger_lambda
-25.0,-3.0,main,Bs,-0.446758445124775,73.18242219076174,4141,469,14,largest_lambda_within_one_standard_error_then_fewer_terms_then_larger_lambda
-25.0,-3.0,main,n,0.0,73.18242219076174,4141,469,14,largest_lambda_within_one_standard_error_then_fewer_terms_then_larger_lambda
-25.0,-3.0,main,Pdyn,-0.3090622371242776,73.18242219076174,4141,469,14,largest_lambda_within_one_standard_error_then_fewer_terms_then_larger_lambda
-25.0,-3.0,main,Dst_star,-0.022617685767846517,73.18242219076174,4141,469,14,largest_lambda_within_one_standard_error_then_fewer_terms_then_larger_lambda
-25.0,-3.0,main,V^2,-7.317505937567827e-6,73.18242219076174,4141,469,14,largest_lambda_within_one_standard_error_then_fewer_terms_then_larger_lambda
-25.0,-3.0,main,Bs^2,-0.012861845501419588,73.18242219076174,4141,469,14,largest_lambda_within_one_standard_error_then_fewer_terms_then_larger_lambda
-25.0,-3.0,main,n^2,0.0,73.18242219076174,4141,469,14,largest_lambda_within_one_standard_error_then_fewer_terms_then_larger_lambda
-25.0,-3.0,main,V*Bs,0.0006917416551750887,73.18242219076174,4141,469,14,largest_lambda_within_one_standard_error_then_fewer_terms_then_larger_lambda
-25.0,-3.0,main,n*V,0.0,73.18242219076174,4141,469,14,largest_lambda_within_one_standard_error_then_fewer_terms_then_larger_lambda
-25.0,-3.0,main,n*Bs,0.05908709965339693,73.18242219076174,4141,469,14,largest_lambda_within_one_standard_error_then_fewer_terms_then_larger_lambda
-25.0,-3.0,main,Pdyn*Bs,0.08940846080767217,73.18242219076174,4141,469,14,largest_lambda_within_one_standard_error_then_fewer_terms_then_larger_lambda
-25.0,-3.0,main,n*V*Bs,-0.00021722444815850542,73.18242219076174,4141,469,14,largest_lambda_within_one_standard_error_then_fewer_terms_then_larger_lambda
-25.0,-3.0,main,sin(θ_c/2),-20.13168968244384,73.18242219076174,4141,469,14,largest_lambda_within_one_standard_error_then_fewer_terms_then_larger_lambda
-25.0,-3.0,main,sin²(θ_c/2),43.16636432830457,73.18242219076174,4141,469,14,largest_lambda_within_one_standard_error_then_fewer_terms_then_larger_lambda
-25.0,-3.0,main,sin⁴(θ_c/2),0.0,73.18242219076174,4141,469,14,largest_lambda_within_one_standard_error_then_fewer_terms_then_larger_lambda
-25.0,-3.0,main,sin^(8/3)(θ_c/2),-26.556004535229473,73.18242219076174,4141,469,14,largest_lambda_within_one_standard_error_then_fewer_terms_then_larger_lambda
-25.0,-3.0,main,V*sin²(θ_c/2),0.009651012906848923,73.18242219076174,4141,469,14,largest_lambda_within_one_standard_error_then_fewer_terms_then_larger_lambda
-25.0,-3.0,main,Newell_d_Φ,-0.00024452283663363943,73.18242219076174,4141,469,14,largest_lambda_within_one_standard_error_then_fewer_terms_then_larger_lambda
-25.0,-3.0,recovery,1,0.9812243237489079,73.18242219076174,24046,481,11,largest_lambda_within_one_standard_error_then_fewer_terms_then_larger_lambda
-25.0,-3.0,recovery,V,-0.005635522794461704,73.18242219076174,24046,481,11,largest_lambda_within_one_standard_error_then_fewer_terms_then_larger_lambda
-25.0,-3.0,recovery,Bs,-0.3468138658359353,73.18242219076174,24046,481,11,largest_lambda_within_one_standard_error_then_fewer_terms_then_larger_lambda
-25.0,-3.0,recovery,n,0.0,73.18242219076174,24046,481,11,largest_lambda_within_one_standard_error_then_fewer_terms_then_larger_lambda
-25.0,-3.0,recovery,Pdyn,-0.2533510615165461,73.18242219076174,24046,481,11,largest_lambda_within_one_standard_error_then_fewer_terms_then_larger_lambda
-25.0,-3.0,recovery,Dst_star,-0.0604815178025805,73.18242219076174,24046,481,11,largest_lambda_within_one_standard_error_then_fewer_terms_then_larger_lambda
-25.0,-3.0,recovery,V^2,3.487431700877046e-6,73.18242219076174,24046,481,11,largest_lambda_within_one_standard_error_then_fewer_terms_then_larger_lambda
-25.0,-3.0,recovery,Bs^2,0.0,73.18242219076174,24046,481,11,largest_lambda_within_one_standard_error_then_fewer_terms_then_larger_lambda
-25.0,-3.0,recovery,n^2,0.0,73.18242219076174,24046,481,11,largest_lambda_within_one_standard_error_then_fewer_terms_then_larger_lambda
-25.0,-3.0,recovery,V*Bs,0.0,73.18242219076174,24046,481,11,largest_lambda_within_one_standard_error_then_fewer_terms_then_larger_lambda
-25.0,-3.0,recovery,n*V,0.00021293519211331149,73.18242219076174,24046,481,11,largest_lambda_within_one_standard_error_then_fewer_terms_then_larger_lambda
-25.0,-3.0,recovery,n*Bs,0.0,73.18242219076174,24046,481,11,largest_lambda_within_one_standard_error_then_fewer_terms_then_larger_lambda
-25.0,-3.0,recovery,Pdyn*Bs,0.0,73.18242219076174,24046,481,11,largest_lambda_within_one_standard_error_then_fewer_terms_then_larger_lambda
-25.0,-3.0,recovery,n*V*Bs,0.0,73.18242219076174,24046,481,11,largest_lambda_within_one_standard_error_then_fewer_terms_then_larger_lambda
-25.0,-3.0,recovery,sin(θ_c/2),2.2931455644369954,73.18242219076174,24046,481,11,largest_lambda_within_one_standard_error_then_fewer_terms_then_larger_lambda
-25.0,-3.0,recovery,sin²(θ_c/2),-6.379556515025784,73.18242219076174,24046,481,11,largest_lambda_within_one_standard_error_then_fewer_terms_then_larger_lambda
-25.0,-3.0,recovery,sin⁴(θ_c/2),0.9443342796369912,73.18242219076174,24046,481,11,largest_lambda_within_one_standard_error_then_fewer_terms_then_larger_lambda
-25.0,-3.0,recovery,sin^(8/3)(θ_c/2),2.972565293613349,73.18242219076174,24046,481,11,largest_lambda_within_one_standard_error_then_fewer_terms_then_larger_lambda
-25.0,-3.0,recovery,V*sin²(θ_c/2),0.0,73.18242219076174,24046,481,11,largest_lambda_within_one_standard_error_then_fewer_terms_then_larger_lambda
-25.0,-3.0,recovery,Newell_d_Φ,0.0,73.18242219076174,24046,481,11,largest_lambda_within_one_standard_error_then_fewer_terms_then_larger_lambda
-25.0,-2.0,quiet,1,1.4505315286542217,73.18242219076174,18748,481,11,largest_lambda_within_one_standard_error_then_fewer_terms_then_larger_lambda
-25.0,-2.0,quiet,V,-0.002862216979860225,73.18242219076174,18748,481,11,largest_lambda_within_one_standard_error_then_fewer_terms_then_larger_lambda
-25.0,-2.0,quiet,Bs,-0.3395212794764703,73.18242219076174,18748,481,11,largest_lambda_within_one_standard_error_then_fewer_terms_then_larger_lambda
-25.0,-2.0,quiet,n,-0.19253375152618257,73.18242219076174,18748,481,11,largest_lambda_within_one_standard_error_then_fewer_terms_then_larger_lambda
-25.0,-2.0,quiet,Pdyn,-1.3105671376762957,73.18242219076174,18748,481,11,largest_lambda_within_one_standard_error_then_fewer_terms_then_larger_lambda
-25.0,-2.0,quiet,Dst_star,0.0,73.18242219076174,18748,481,11,largest_lambda_within_one_standard_error_then_fewer_terms_then_larger_lambda
-25.0,-2.0,quiet,V^2,5.294466549330612e-6,73.18242219076174,18748,481,11,largest_lambda_within_one_standard_error_then_fewer_terms_then_larger_lambda
-25.0,-2.0,quiet,Bs^2,0.0,73.18242219076174,18748,481,11,largest_lambda_within_one_standard_error_then_fewer_terms_then_larger_lambda
-25.0,-2.0,quiet,n^2,0.0,73.18242219076174,18748,481,11,largest_lambda_within_one_standard_error_then_fewer_terms_then_larger_lambda
-25.0,-2.0,quiet,V*Bs,0.0,73.18242219076174,18748,481,11,largest_lambda_within_one_standard_error_then_fewer_terms_then_larger_lambda
-25.0,-2.0,quiet,n*V,0.0012260695849610876,73.18242219076174,18748,481,11,largest_lambda_within_one_standard_error_then_fewer_terms_then_larger_lambda
-25.0,-2.0,quiet,n*Bs,0.06091154426334494,73.18242219076174,18748,481,11,largest_lambda_within_one_standard_error_then_fewer_terms_then_larger_lambda
-25.0,-2.0,quiet,Pdyn*Bs,0.2296062588802366,73.18242219076174,18748,481,11,largest_lambda_within_one_standard_error_then_fewer_terms_then_larger_lambda
-25.0,-2.0,quiet,n*V*Bs,-0.0003330895904386183,73.18242219076174,18748,481,11,largest_lambda_within_one_standard_error_then_fewer_terms_then_larger_lambda
-25.0,-2.0,quiet,sin(θ_c/2),0.0,73.18242219076174,18748,481,11,largest_lambda_within_one_standard_error_then_fewer_terms_then_larger_lambda
-25.0,-2.0,quiet,sin²(θ_c/2),0.0,73.18242219076174,18748,481,11,largest_lambda_within_one_standard_error_then_fewer_terms_then_larger_lambda
-25.0,-2.0,quiet,sin⁴(θ_c/2),0.0,73.18242219076174,18748,481,11,largest_lambda_within_one_standard_error_then_fewer_terms_then_larger_lambda
-25.0,-2.0,quiet,sin^(8/3)(θ_c/2),0.0,73.18242219076174,18748,481,11,largest_lambda_within_one_standard_error_then_fewer_terms_then_larger_lambda
-25.0,-2.0,quiet,V*sin²(θ_c/2),0.0,73.18242219076174,18748,481,11,largest_lambda_within_one_standard_error_then_fewer_terms_then_larger_lambda
-25.0,-2.0,quiet,Newell_d_Φ,-0.00013597828501426965,73.18242219076174,18748,481,11,largest_lambda_within_one_standard_error_then_fewer_terms_then_larger_lambda
-25.0,-2.0,main,1,-3.765912186381248,73.18242219076174,5731,475,16,largest_lambda_within_one_standard_error_then_fewer_terms_then_larger_lambda
-25.0,-2.0,main,V,0.007816709465254009,73.18242219076174,5731,475,16,largest_lambda_within_one_standard_error_then_fewer_terms_then_larger_lambda
-25.0,-2.0,main,Bs,-0.40362880195352047,73.18242219076174,5731,475,16,largest_lambda_within_one_standard_error_then_fewer_terms_then_larger_lambda
-25.0,-2.0,main,n,0.0,73.18242219076174,5731,475,16,largest_lambda_within_one_standard_error_then_fewer_terms_then_larger_lambda
-25.0,-2.0,main,Pdyn,-0.3598178016981823,73.18242219076174,5731,475,16,largest_lambda_within_one_standard_error_then_fewer_terms_then_larger_lambda
-25.0,-2.0,main,Dst_star,-0.023806291985057727,73.18242219076174,5731,475,16,largest_lambda_within_one_standard_error_then_fewer_terms_then_larger_lambda
-25.0,-2.0,main,V^2,-1.0223661936359929e-5,73.18242219076174,5731,475,16,largest_lambda_within_one_standard_error_then_fewer_terms_then_larger_lambda
-25.0,-2.0,main,Bs^2,-0.01323332586331064,73.18242219076174,5731,475,16,largest_lambda_within_one_standard_error_then_fewer_terms_then_larger_lambda
-25.0,-2.0,main,n^2,0.0,73.18242219076174,5731,475,16,largest_lambda_within_one_standard_error_then_fewer_terms_then_larger_lambda
-25.0,-2.0,main,V*Bs,0.0006477451193369822,73.18242219076174,5731,475,16,largest_lambda_within_one_standard_error_then_fewer_terms_then_larger_lambda
-25.0,-2.0,main,n*V,0.0,73.18242219076174,5731,475,16,largest_lambda_within_one_standard_error_then_fewer_terms_then_larger_lambda
-25.0,-2.0,main,n*Bs,0.06348505336818351,73.18242219076174,5731,475,16,largest_lambda_within_one_standard_error_then_fewer_terms_then_larger_lambda
-25.0,-2.0,main,Pdyn*Bs,0.10175983662039048,73.18242219076174,5731,475,16,largest_lambda_within_one_standard_error_then_fewer_terms_then_larger_lambda
-25.0,-2.0,main,n*V*Bs,-0.00023615383591543674,73.18242219076174,5731,475,16,largest_lambda_within_one_standard_error_then_fewer_terms_then_larger_lambda
-25.0,-2.0,main,sin(θ_c/2),0.0,73.18242219076174,5731,475,16,largest_lambda_within_one_standard_error_then_fewer_terms_then_larger_lambda
-25.0,-2.0,main,sin²(θ_c/2),-29.923556540915918,73.18242219076174,5731,475,16,largest_lambda_within_one_standard_error_then_fewer_terms_then_larger_lambda
-25.0,-2.0,main,sin⁴(θ_c/2),-17.77208506345631,73.18242219076174,5731,475,16,largest_lambda_within_one_standard_error_then_fewer_terms_then_larger_lambda
-25.0,-2.0,main,sin^(8/3)(θ_c/2),47.413388747435064,73.18242219076174,5731,475,16,largest_lambda_within_one_standard_error_then_fewer_terms_then_larger_lambda
-25.0,-2.0,main,V*sin²(θ_c/2),0.005797310247225805,73.18242219076174,5731,475,16,largest_lambda_within_one_standard_error_then_fewer_terms_then_larger_lambda
-25.0,-2.0,main,Newell_d_Φ,-0.0002640156714143411,73.18242219076174,5731,475,16,largest_lambda_within_one_standard_error_then_fewer_terms_then_larger_lambda
-25.0,-2.0,recovery,1,1.4001911894979937,73.18242219076174,22456,481,11,largest_lambda_within_one_standard_error_then_fewer_terms_then_larger_lambda
-25.0,-2.0,recovery,V,-0.006974966843062958,73.18242219076174,22456,481,11,largest_lambda_within_one_standard_error_then_fewer_terms_then_larger_lambda
-25.0,-2.0,recovery,Bs,-0.29179686741293753,73.18242219076174,22456,481,11,largest_lambda_within_one_standard_error_then_fewer_terms_then_larger_lambda
-25.0,-2.0,recovery,n,-0.09937178090832013,73.18242219076174,22456,481,11,largest_lambda_within_one_standard_error_then_fewer_terms_then_larger_lambda
-25.0,-2.0,recovery,Pdyn,-0.44074174447887354,73.18242219076174,22456,481,11,largest_lambda_within_one_standard_error_then_fewer_terms_then_larger_lambda
-25.0,-2.0,recovery,Dst_star,-0.058943215064411504,73.18242219076174,22456,481,11,largest_lambda_within_one_standard_error_then_fewer_terms_then_larger_lambda
-25.0,-2.0,recovery,V^2,4.834710196276421e-6,73.18242219076174,22456,481,11,largest_lambda_within_one_standard_error_then_fewer_terms_then_larger_lambda
-25.0,-2.0,recovery,Bs^2,0.0,73.18242219076174,22456,481,11,largest_lambda_within_one_standard_error_then_fewer_terms_then_larger_lambda
-25.0,-2.0,recovery,n^2,0.0,73.18242219076174,22456,481,11,largest_lambda_within_one_standard_error_then_fewer_terms_then_larger_lambda
-25.0,-2.0,recovery,V*Bs,0.0,73.18242219076174,22456,481,11,largest_lambda_within_one_standard_error_then_fewer_terms_then_larger_lambda
-25.0,-2.0,recovery,n*V,0.0006110093718490706,73.18242219076174,22456,481,11,largest_lambda_within_one_standard_error_then_fewer_terms_then_larger_lambda
-25.0,-2.0,recovery,n*Bs,0.0,73.18242219076174,22456,481,11,largest_lambda_within_one_standard_error_then_fewer_terms_then_larger_lambda
-25.0,-2.0,recovery,Pdyn*Bs,0.0,73.18242219076174,22456,481,11,largest_lambda_within_one_standard_error_then_fewer_terms_then_larger_lambda
-25.0,-2.0,recovery,n*V*Bs,0.0,73.18242219076174,22456,481,11,largest_lambda_within_one_standard_error_then_fewer_terms_then_larger_lambda
-25.0,-2.0,recovery,sin(θ_c/2),1.5354877491839685,73.18242219076174,22456,481,11,largest_lambda_within_one_standard_error_then_fewer_terms_then_larger_lambda
-25.0,-2.0,recovery,sin²(θ_c/2),-3.2926953067673144,73.18242219076174,22456,481,11,largest_lambda_within_one_standard_error_then_fewer_terms_then_larger_lambda
-25.0,-2.0,recovery,sin⁴(θ_c/2),1.5614776389824094,73.18242219076174,22456,481,11,largest_lambda_within_one_standard_error_then_fewer_terms_then_larger_lambda
-25.0,-2.0,recovery,sin^(8/3)(θ_c/2),0.0,73.18242219076174,22456,481,11,largest_lambda_within_one_standard_error_then_fewer_terms_then_larger_lambda
-25.0,-2.0,recovery,V*sin²(θ_c/2),0.0,73.18242219076174,22456,481,11,largest_lambda_within_one_standard_error_then_fewer_terms_then_larger_lambda
-25.0,-2.0,recovery,Newell_d_Φ,0.0,73.18242219076174,22456,481,11,largest_lambda_within_one_standard_error_then_fewer_terms_then_larger_lambda
-25.0,-1.0,quiet,1,1.4505315286542217,73.18242219076174,18748,481,11,largest_lambda_within_one_standard_error_then_fewer_terms_then_larger_lambda
-25.0,-1.0,quiet,V,-0.002862216979860225,73.18242219076174,18748,481,11,largest_lambda_within_one_standard_error_then_fewer_terms_then_larger_lambda
-25.0,-1.0,quiet,Bs,-0.3395212794764703,73.18242219076174,18748,481,11,largest_lambda_within_one_standard_error_then_fewer_terms_then_larger_lambda
-25.0,-1.0,quiet,n,-0.19253375152618257,73.18242219076174,18748,481,11,largest_lambda_within_one_standard_error_then_fewer_terms_then_larger_lambda
-25.0,-1.0,quiet,Pdyn,-1.3105671376762957,73.18242219076174,18748,481,11,largest_lambda_within_one_standard_error_then_fewer_terms_then_larger_lambda
-25.0,-1.0,quiet,Dst_star,0.0,73.18242219076174,18748,481,11,largest_lambda_within_one_standard_error_then_fewer_terms_then_larger_lambda
-25.0,-1.0,quiet,V^2,5.294466549330612e-6,73.18242219076174,18748,481,11,largest_lambda_within_one_standard_error_then_fewer_terms_then_larger_lambda
-25.0,-1.0,quiet,Bs^2,0.0,73.18242219076174,18748,481,11,largest_lambda_within_one_standard_error_then_fewer_terms_then_larger_lambda
-25.0,-1.0,quiet,n^2,0.0,73.18242219076174,18748,481,11,largest_lambda_within_one_standard_error_then_fewer_terms_then_larger_lambda
-25.0,-1.0,quiet,V*Bs,0.0,73.18242219076174,18748,481,11,largest_lambda_within_one_standard_error_then_fewer_terms_then_larger_lambda
-25.0,-1.0,quiet,n*V,0.0012260695849610876,73.18242219076174,18748,481,11,largest_lambda_within_one_standard_error_then_fewer_terms_then_larger_lambda
-25.0,-1.0,quiet,n*Bs,0.06091154426334494,73.18242219076174,18748,481,11,largest_lambda_within_one_standard_error_then_fewer_terms_then_larger_lambda
-25.0,-1.0,quiet,Pdyn*Bs,0.2296062588802366,73.18242219076174,18748,481,11,largest_lambda_within_one_standard_error_then_fewer_terms_then_larger_lambda
-25.0,-1.0,quiet,n*V*Bs,-0.0003330895904386183,73.18242219076174,18748,481,11,largest_lambda_within_one_standard_error_then_fewer_terms_then_larger_lambda
-25.0,-1.0,quiet,sin(θ_c/2),0.0,73.18242219076174,18748,481,11,largest_lambda_within_one_standard_error_then_fewer_terms_then_larger_lambda
-25.0,-1.0,quiet,sin²(θ_c/2),0.0,73.18242219076174,18748,481,11,largest_lambda_within_one_standard_error_then_fewer_terms_then_larger_lambda
-25.0,-1.0,quiet,sin⁴(θ_c/2),0.0,73.18242219076174,18748,481,11,largest_lambda_within_one_standard_error_then_fewer_terms_then_larger_lambda
-25.0,-1.0,quiet,sin^(8/3)(θ_c/2),0.0,73.18242219076174,18748,481,11,largest_lambda_within_one_standard_error_then_fewer_terms_then_larger_lambda
-25.0,-1.0,quiet,V*sin²(θ_c/2),0.0,73.18242219076174,18748,481,11,largest_lambda_within_one_standard_error_then_fewer_terms_then_larger_lambda
-25.0,-1.0,quiet,Newell_d_Φ,-0.00013597828501426965,73.18242219076174,18748,481,11,largest_lambda_within_one_standard_error_then_fewer_terms_then_larger_lambda
-25.0,-1.0,main,1,-3.003781717316634,73.18242219076174,8282,476,17,largest_lambda_within_one_standard_error_then_fewer_terms_then_larger_lambda
-25.0,-1.0,main,V,0.005814503358248063,73.18242219076174,8282,476,17,largest_lambda_within_one_standard_error_then_fewer_terms_then_larger_lambda
-25.0,-1.0,main,Bs,-0.4590247824286857,73.18242219076174,8282,476,17,largest_lambda_within_one_standard_error_then_fewer_terms_then_larger_lambda
-25.0,-1.0,main,n,0.0,73.18242219076174,8282,476,17,largest_lambda_within_one_standard_error_then_fewer_terms_then_larger_lambda
-25.0,-1.0,main,Pdyn,-0.3987395335036278,73.18242219076174,8282,476,17,largest_lambda_within_one_standard_error_then_fewer_terms_then_larger_lambda
-25.0,-1.0,main,Dst_star,-0.024320053679819285,73.18242219076174,8282,476,17,largest_lambda_within_one_standard_error_then_fewer_terms_then_larger_lambda
-25.0,-1.0,main,V^2,-7.3777339252480805e-6,73.18242219076174,8282,476,17,largest_lambda_within_one_standard_error_then_fewer_terms_then_larger_lambda
-25.0,-1.0,main,Bs^2,-0.014464149776945982,73.18242219076174,8282,476,17,largest_lambda_within_one_standard_error_then_fewer_terms_then_larger_lambda
-25.0,-1.0,main,n^2,0.0,73.18242219076174,8282,476,17,largest_lambda_within_one_standard_error_then_fewer_terms_then_larger_lambda
-25.0,-1.0,main,V*Bs,0.0008770599368162045,73.18242219076174,8282,476,17,largest_lambda_within_one_standard_error_then_fewer_terms_then_larger_lambda
-25.0,-1.0,main,n*V,0.0,73.18242219076174,8282,476,17,largest_lambda_within_one_standard_error_then_fewer_terms_then_larger_lambda
-25.0,-1.0,main,n*Bs,0.061463854530752905,73.18242219076174,8282,476,17,largest_lambda_within_one_standard_error_then_fewer_terms_then_larger_lambda
-25.0,-1.0,main,Pdyn*Bs,0.09540174466177989,73.18242219076174,8282,476,17,largest_lambda_within_one_standard_error_then_fewer_terms_then_larger_lambda
-25.0,-1.0,main,n*V*Bs,-0.0002264481676511096,73.18242219076174,8282,476,17,largest_lambda_within_one_standard_error_then_fewer_terms_then_larger_lambda
-25.0,-1.0,main,sin(θ_c/2),4.201182061222256,73.18242219076174,8282,476,17,largest_lambda_within_one_standard_error_then_fewer_terms_then_larger_lambda
-25.0,-1.0,main,sin²(θ_c/2),-37.48191571256022,73.18242219076174,8282,476,17,largest_lambda_within_one_standard_error_then_fewer_terms_then_larger_lambda
-25.0,-1.0,main,sin⁴(θ_c/2),-18.138692432297184,73.18242219076174,8282,476,17,largest_lambda_within_one_standard_error_then_fewer_terms_then_larger_lambda
-25.0,-1.0,main,sin^(8/3)(θ_c/2),51.8561757285744,73.18242219076174,8282,476,17,largest_lambda_within_one_standard_error_then_fewer_terms_then_larger_lambda
-25.0,-1.0,main,V*sin²(θ_c/2),0.004547546172707201,73.18242219076174,8282,476,17,largest_lambda_within_one_standard_error_then_fewer_terms_then_larger_lambda
-25.0,-1.0,main,Newell_d_Φ,-0.0002914049850788729,73.18242219076174,8282,476,17,largest_lambda_within_one_standard_error_then_fewer_terms_then_larger_lambda
-25.0,-1.0,recovery,1,1.838450194519643,73.18242219076174,19905,480,11,largest_lambda_within_one_standard_error_then_fewer_terms_then_larger_lambda
-25.0,-1.0,recovery,V,-0.008344592322963829,73.18242219076174,19905,480,11,largest_lambda_within_one_standard_error_then_fewer_terms_then_larger_lambda
-25.0,-1.0,recovery,Bs,-0.2361621136189266,73.18242219076174,19905,480,11,largest_lambda_within_one_standard_error_then_fewer_terms_then_larger_lambda
-25.0,-1.0,recovery,n,-0.1551164786034313,73.18242219076174,19905,480,11,largest_lambda_within_one_standard_error_then_fewer_terms_then_larger_lambda
-25.0,-1.0,recovery,Pdyn,-0.5404072759592614,73.18242219076174,19905,480,11,largest_lambda_within_one_standard_error_then_fewer_terms_then_larger_lambda
-25.0,-1.0,recovery,Dst_star,-0.057059887365380105,73.18242219076174,19905,480,11,largest_lambda_within_one_standard_error_then_fewer_terms_then_larger_lambda
-25.0,-1.0,recovery,V^2,6.246792595322304e-6,73.18242219076174,19905,480,11,largest_lambda_within_one_standard_error_then_fewer_terms_then_larger_lambda
-25.0,-1.0,recovery,Bs^2,0.0,73.18242219076174,19905,480,11,largest_lambda_within_one_standard_error_then_fewer_terms_then_larger_lambda
-25.0,-1.0,recovery,n^2,0.0,73.18242219076174,19905,480,11,largest_lambda_within_one_standard_error_then_fewer_terms_then_larger_lambda
-25.0,-1.0,recovery,V*Bs,0.0,73.18242219076174,19905,480,11,largest_lambda_within_one_standard_error_then_fewer_terms_then_larger_lambda
-25.0,-1.0,recovery,n*V,0.0008317656069422586,73.18242219076174,19905,480,11,largest_lambda_within_one_standard_error_then_fewer_terms_then_larger_lambda
-25.0,-1.0,recovery,n*Bs,0.0,73.18242219076174,19905,480,11,largest_lambda_within_one_standard_error_then_fewer_terms_then_larger_lambda
-25.0,-1.0,recovery,Pdyn*Bs,0.0,73.18242219076174,19905,480,11,largest_lambda_within_one_standard_error_then_fewer_terms_then_larger_lambda
-25.0,-1.0,recovery,n*V*Bs,0.0,73.18242219076174,19905,480,11,largest_lambda_within_one_standard_error_then_fewer_terms_then_larger_lambda
-25.0,-1.0,recovery,sin(θ_c/2),1.6070512077225225,73.18242219076174,19905,480,11,largest_lambda_within_one_standard_error_then_fewer_terms_then_larger_lambda
-25.0,-1.0,recovery,sin²(θ_c/2),-3.1187088256349385,73.18242219076174,19905,480,11,largest_lambda_within_one_standard_error_then_fewer_terms_then_larger_lambda
-25.0,-1.0,recovery,sin⁴(θ_c/2),1.411812819737311,73.18242219076174,19905,480,11,largest_lambda_within_one_standard_error_then_fewer_terms_then_larger_lambda
-25.0,-1.0,recovery,sin^(8/3)(θ_c/2),0.0,73.18242219076174,19905,480,11,largest_lambda_within_one_standard_error_then_fewer_terms_then_larger_lambda
-25.0,-1.0,recovery,V*sin²(θ_c/2),0.0,73.18242219076174,19905,480,11,largest_lambda_within_one_standard_error_then_fewer_terms_then_larger_lambda
-25.0,-1.0,recovery,Newell_d_Φ,0.0,73.18242219076174,19905,480,11,largest_lambda_within_one_standard_error_then_fewer_terms_then_larger_lambda
-25.0,0.0,quiet,1,1.9957851167894254,22.695105366946684,18748,481,16,largest_lambda_within_one_standard_error_then_fewer_terms_then_larger_lambda
-25.0,0.0,quiet,V,-0.005167332963882392,22.695105366946684,18748,481,16,largest_lambda_within_one_standard_error_then_fewer_terms_then_larger_lambda
-25.0,0.0,quiet,Bs,-0.3616123312361119,22.695105366946684,18748,481,16,largest_lambda_within_one_standard_error_then_fewer_terms_then_larger_lambda
-25.0,0.0,quiet,n,-0.19315110445356604,22.695105366946684,18748,481,16,largest_lambda_within_one_standard_error_then_fewer_terms_then_larger_lambda
-25.0,0.0,quiet,Pdyn,-1.2705263433156928,22.695105366946684,18748,481,16,largest_lambda_within_one_standard_error_then_fewer_terms_then_larger_lambda
-25.0,0.0,quiet,Dst_star,-0.013017180966607513,22.695105366946684,18748,481,16,largest_lambda_within_one_standard_error_then_fewer_terms_then_larger_lambda
-25.0,0.0,quiet,V^2,6.589234509077035e-6,22.695105366946684,18748,481,16,largest_lambda_within_one_standard_error_then_fewer_terms_then_larger_lambda
-25.0,0.0,quiet,Bs^2,-0.013000812914464737,22.695105366946684,18748,481,16,largest_lambda_within_one_standard_error_then_fewer_terms_then_larger_lambda
-25.0,0.0,quiet,n^2,0.0,22.695105366946684,18748,481,16,largest_lambda_within_one_standard_error_then_fewer_terms_then_larger_lambda
-25.0,0.0,quiet,V*Bs,0.0,22.695105366946684,18748,481,16,largest_lambda_within_one_standard_error_then_fewer_terms_then_larger_lambda
-25.0,0.0,quiet,n*V,0.0012160364571322808,22.695105366946684,18748,481,16,largest_lambda_within_one_standard_error_then_fewer_terms_then_larger_lambda
-25.0,0.0,quiet,n*Bs,0.054264822591159105,22.695105366946684,18748,481,16,largest_lambda_within_one_standard_error_then_fewer_terms_then_larger_lambda
-25.0,0.0,quiet,Pdyn*Bs,0.22631733198099135,22.695105366946684,18748,481,16,largest_lambda_within_one_standard_error_then_fewer_terms_then_larger_lambda
-25.0,0.0,quiet,n*V*Bs,-0.00030512285907114935,22.695105366946684,18748,481,16,largest_lambda_within_one_standard_error_then_fewer_terms_then_larger_lambda
-25.0,0.0,quiet,sin(θ_c/2),0.0,22.695105366946684,18748,481,16,largest_lambda_within_one_standard_error_then_fewer_terms_then_larger_lambda
-25.0,0.0,quiet,sin²(θ_c/2),-1.1845357577096494,22.695105366946684,18748,481,16,largest_lambda_within_one_standard_error_then_fewer_terms_then_larger_lambda
-25.0,0.0,quiet,sin⁴(θ_c/2),1.3667421208048054,22.695105366946684,18748,481,16,largest_lambda_within_one_standard_error_then_fewer_terms_then_larger_lambda
-25.0,0.0,quiet,sin^(8/3)(θ_c/2),0.0,22.695105366946684,18748,481,16,largest_lambda_within_one_standard_error_then_fewer_terms_then_larger_lambda
-25.0,0.0,quiet,V*sin²(θ_c/2),0.0015117178635075073,22.695105366946684,18748,481,16,largest_lambda_within_one_standard_error_then_fewer_terms_then_larger_lambda
-25.0,0.0,quiet,Newell_d_Φ,-0.0001790897462999993,22.695105366946684,18748,481,16,largest_lambda_within_one_standard_error_then_fewer_terms_then_larger_lambda
-25.0,0.0,main,1,-1.74207353772893,22.695105366946684,11976,478,20,largest_lambda_within_one_standard_error_then_fewer_terms_then_larger_lambda
-25.0,0.0,main,V,0.004155179781919534,22.695105366946684,11976,478,20,largest_lambda_within_one_standard_error_then_fewer_terms_then_larger_lambda
-25.0,0.0,main,Bs,-0.3535701123757949,22.695105366946684,11976,478,20,largest_lambda_within_one_standard_error_then_fewer_terms_then_larger_lambda
-25.0,0.0,main,n,-0.032994769960505085,22.695105366946684,11976,478,20,largest_lambda_within_one_standard_error_then_fewer_terms_then_larger_lambda
-25.0,0.0,main,Pdyn,-0.5145077366872362,22.695105366946684,11976,478,20,largest_lambda_within_one_standard_error_then_fewer_terms_then_larger_lambda
-25.0,0.0,main,Dst_star,-0.024875393516751908,22.695105366946684,11976,478,20,largest_lambda_within_one_standard_error_then_fewer_terms_then_larger_lambda
-25.0,0.0,main,V^2,-4.784839240487784e-6,22.695105366946684,11976,478,20,largest_lambda_within_one_standard_error_then_fewer_terms_then_larger_lambda
-25.0,0.0,main,Bs^2,-0.014373173216578045,22.695105366946684,11976,478,20,largest_lambda_within_one_standard_error_then_fewer_terms_then_larger_lambda
-25.0,0.0,main,n^2,0.0016664381207548936,22.695105366946684,11976,478,20,largest_lambda_within_one_standard_error_then_fewer_terms_then_larger_lambda
-25.0,0.0,main,V*Bs,0.000579677916383441,22.695105366946684,11976,478,20,largest_lambda_within_one_standard_error_then_fewer_terms_then_larger_lambda
-25.0,0.0,main,n*V,4.8256225412106014e-5,22.695105366946684,11976,478,20,largest_lambda_within_one_standard_error_then_fewer_terms_then_larger_lambda
-25.0,0.0,main,n*Bs,0.04701943333471557,22.695105366946684,11976,478,20,largest_lambda_within_one_standard_error_then_fewer_terms_then_larger_lambda
-25.0,0.0,main,Pdyn*Bs,0.08732335186574872,22.695105366946684,11976,478,20,largest_lambda_within_one_standard_error_then_fewer_terms_then_larger_lambda
-25.0,0.0,main,n*V*Bs,-0.00019288410843750674,22.695105366946684,11976,478,20,largest_lambda_within_one_standard_error_then_fewer_terms_then_larger_lambda
-25.0,0.0,main,sin(θ_c/2),6.079943713596084,22.695105366946684,11976,478,20,largest_lambda_within_one_standard_error_then_fewer_terms_then_larger_lambda
-25.0,0.0,main,sin²(θ_c/2),-46.4903771100171,22.695105366946684,11976,478,20,largest_lambda_within_one_standard_error_then_fewer_terms_then_larger_lambda
-25.0,0.0,main,sin⁴(θ_c/2),-20.15448881977291,22.695105366946684,11976,478,20,largest_lambda_within_one_standard_error_then_fewer_terms_then_larger_lambda
-25.0,0.0,main,sin^(8/3)(θ_c/2),60.905461984825386,22.695105366946684,11976,478,20,largest_lambda_within_one_standard_error_then_fewer_terms_then_larger_lambda
-25.0,0.0,main,V*sin²(θ_c/2),0.003443497533792,22.695105366946684,11976,478,20,largest_lambda_within_one_standard_error_then_fewer_terms_then_larger_lambda
-25.0,0.0,main,Newell_d_Φ,-0.00025143527730083626,22.695105366946684,11976,478,20,largest_lambda_within_one_standard_error_then_fewer_terms_then_larger_lambda
-25.0,0.0,recovery,1,1.1777023744760826,22.695105366946684,16211,480,15,largest_lambda_within_one_standard_error_then_fewer_terms_then_larger_lambda
-25.0,0.0,recovery,V,-0.005870258777731528,22.695105366946684,16211,480,15,largest_lambda_within_one_standard_error_then_fewer_terms_then_larger_lambda
-25.0,0.0,recovery,Bs,-0.33123111201358524,22.695105366946684,16211,480,15,largest_lambda_within_one_standard_error_then_fewer_terms_then_larger_lambda
-25.0,0.0,recovery,n,-0.09436618645789216,22.695105366946684,16211,480,15,largest_lambda_within_one_standard_error_then_fewer_terms_then_larger_lambda
-25.0,0.0,recovery,Pdyn,-0.40248605060083625,22.695105366946684,16211,480,15,largest_lambda_within_one_standard_error_then_fewer_terms_then_larger_lambda
-25.0,0.0,recovery,Dst_star,-0.054646745284519765,22.695105366946684,16211,480,15,largest_lambda_within_one_standard_error_then_fewer_terms_then_larger_lambda
-25.0,0.0,recovery,V^2,4.5360173662508886e-6,22.695105366946684,16211,480,15,largest_lambda_within_one_standard_error_then_fewer_terms_then_larger_lambda
-25.0,0.0,recovery,Bs^2,0.0,22.695105366946684,16211,480,15,largest_lambda_within_one_standard_error_then_fewer_terms_then_larger_lambda
-25.0,0.0,recovery,n^2,0.0,22.695105366946684,16211,480,15,largest_lambda_within_one_standard_error_then_fewer_terms_then_larger_lambda
-25.0,0.0,recovery,V*Bs,0.00040763388682101443,22.695105366946684,16211,480,15,largest_lambda_within_one_standard_error_then_fewer_terms_then_larger_lambda
-25.0,0.0,recovery,n*V,0.0006358117007190636,22.695105366946684,16211,480,15,largest_lambda_within_one_standard_error_then_fewer_terms_then_larger_lambda
-25.0,0.0,recovery,n*Bs,0.0,22.695105366946684,16211,480,15,largest_lambda_within_one_standard_error_then_fewer_terms_then_larger_lambda
-25.0,0.0,recovery,Pdyn*Bs,-0.02802004763945699,22.695105366946684,16211,480,15,largest_lambda_within_one_standard_error_then_fewer_terms_then_larger_lambda
-25.0,0.0,recovery,n*V*Bs,0.0,22.695105366946684,16211,480,15,largest_lambda_within_one_standard_error_then_fewer_terms_then_larger_lambda
-25.0,0.0,recovery,sin(θ_c/2),2.6509588689736727,22.695105366946684,16211,480,15,largest_lambda_within_one_standard_error_then_fewer_terms_then_larger_lambda
-25.0,0.0,recovery,sin²(θ_c/2),-7.782394785333847,22.695105366946684,16211,480,15,largest_lambda_within_one_standard_error_then_fewer_terms_then_larger_lambda
-25.0,0.0,recovery,sin⁴(θ_c/2),-0.7926265671508604,22.695105366946684,16211,480,15,largest_lambda_within_one_standard_error_then_fewer_terms_then_larger_lambda
-25.0,0.0,recovery,sin^(8/3)(θ_c/2),6.58945115569312,22.695105366946684,16211,480,15,largest_lambda_within_one_standard_error_then_fewer_terms_then_larger_lambda
-25.0,0.0,recovery,V*sin²(θ_c/2),-0.0011975142038136376,22.695105366946684,16211,480,15,largest_lambda_within_one_standard_error_then_fewer_terms_then_larger_lambda
-25.0,0.0,recovery,Newell_d_Φ,0.0,22.695105366946684,16211,480,15,largest_lambda_within_one_standard_error_then_fewer_terms_then_larger_lambda
-20.0,-4.0,quiet,1,0.0,298.2471286216891,13846,474,0,largest_lambda_within_one_standard_error_then_fewer_terms_then_larger_lambda
-20.0,-4.0,quiet,V,0.0,298.2471286216891,13846,474,0,largest_lambda_within_one_standard_error_then_fewer_terms_then_larger_lambda
-20.0,-4.0,quiet,Bs,0.0,298.2471286216891,13846,474,0,largest_lambda_within_one_standard_error_then_fewer_terms_then_larger_lambda
-20.0,-4.0,quiet,n,0.0,298.2471286216891,13846,474,0,largest_lambda_within_one_standard_error_then_fewer_terms_then_larger_lambda
-20.0,-4.0,quiet,Pdyn,0.0,298.2471286216891,13846,474,0,largest_lambda_within_one_standard_error_then_fewer_terms_then_larger_lambda
-20.0,-4.0,quiet,Dst_star,0.0,298.2471286216891,13846,474,0,largest_lambda_within_one_standard_error_then_fewer_terms_then_larger_lambda
-20.0,-4.0,quiet,V^2,0.0,298.2471286216891,13846,474,0,largest_lambda_within_one_standard_error_then_fewer_terms_then_larger_lambda
-20.0,-4.0,quiet,Bs^2,0.0,298.2471286216891,13846,474,0,largest_lambda_within_one_standard_error_then_fewer_terms_then_larger_lambda
-20.0,-4.0,quiet,n^2,0.0,298.2471286216891,13846,474,0,largest_lambda_within_one_standard_error_then_fewer_terms_then_larger_lambda
-20.0,-4.0,quiet,V*Bs,0.0,298.2471286216891,13846,474,0,largest_lambda_within_one_standard_error_then_fewer_terms_then_larger_lambda
-20.0,-4.0,quiet,n*V,0.0,298.2471286216891,13846,474,0,largest_lambda_within_one_standard_error_then_fewer_terms_then_larger_lambda
-20.0,-4.0,quiet,n*Bs,0.0,298.2471286216891,13846,474,0,largest_lambda_within_one_standard_error_then_fewer_terms_then_larger_lambda
-20.0,-4.0,quiet,Pdyn*Bs,0.0,298.2471286216891,13846,474,0,largest_lambda_within_one_standard_error_then_fewer_terms_then_larger_lambda
-20.0,-4.0,quiet,n*V*Bs,0.0,298.2471286216891,13846,474,0,largest_lambda_within_one_standard_error_then_fewer_terms_then_larger_lambda
-20.0,-4.0,quiet,sin(θ_c/2),0.0,298.2471286216891,13846,474,0,largest_lambda_within_one_standard_error_then_fewer_terms_then_larger_lambda
-20.0,-4.0,quiet,sin²(θ_c/2),0.0,298.2471286216891,13846,474,0,largest_lambda_within_one_standard_error_then_fewer_terms_then_larger_lambda
-20.0,-4.0,quiet,sin⁴(θ_c/2),0.0,298.2471286216891,13846,474,0,largest_lambda_within_one_standard_error_then_fewer_terms_then_larger_lambda
-20.0,-4.0,quiet,sin^(8/3)(θ_c/2),0.0,298.2471286216891,13846,474,0,largest_lambda_within_one_standard_error_then_fewer_terms_then_larger_lambda
-20.0,-4.0,quiet,V*sin²(θ_c/2),0.0,298.2471286216891,13846,474,0,largest_lambda_within_one_standard_error_then_fewer_terms_then_larger_lambda
-20.0,-4.0,quiet,Newell_d_Φ,0.0,298.2471286216891,13846,474,0,largest_lambda_within_one_standard_error_then_fewer_terms_then_larger_lambda
-20.0,-4.0,main,1,0.0,298.2471286216891,3382,453,6,largest_lambda_within_one_standard_error_then_fewer_terms_then_larger_lambda
-20.0,-4.0,main,V,0.0,298.2471286216891,3382,453,6,largest_lambda_within_one_standard_error_then_fewer_terms_then_larger_lambda
-20.0,-4.0,main,Bs,0.0,298.2471286216891,3382,453,6,largest_lambda_within_one_standard_error_then_fewer_terms_then_larger_lambda
-20.0,-4.0,main,n,0.0,298.2471286216891,3382,453,6,largest_lambda_within_one_standard_error_then_fewer_terms_then_larger_lambda
-20.0,-4.0,main,Pdyn,0.0,298.2471286216891,3382,453,6,largest_lambda_within_one_standard_error_then_fewer_terms_then_larger_lambda
-20.0,-4.0,main,Dst_star,0.0,298.2471286216891,3382,453,6,largest_lambda_within_one_standard_error_then_fewer_terms_then_larger_lambda
-20.0,-4.0,main,V^2,0.0,298.2471286216891,3382,453,6,largest_lambda_within_one_standard_error_then_fewer_terms_then_larger_lambda
-20.0,-4.0,main,Bs^2,0.0,298.2471286216891,3382,453,6,largest_lambda_within_one_standard_error_then_fewer_terms_then_larger_lambda
-20.0,-4.0,main,n^2,0.0,298.2471286216891,3382,453,6,largest_lambda_within_one_standard_error_then_fewer_terms_then_larger_lambda
-20.0,-4.0,main,V*Bs,0.0,298.2471286216891,3382,453,6,largest_lambda_within_one_standard_error_then_fewer_terms_then_larger_lambda
-20.0,-4.0,main,n*V,0.0,298.2471286216891,3382,453,6,largest_lambda_within_one_standard_error_then_fewer_terms_then_larger_lambda
-20.0,-4.0,main,n*Bs,0.08178295912594921,298.2471286216891,3382,453,6,largest_lambda_within_one_standard_error_then_fewer_terms_then_larger_lambda
-20.0,-4.0,main,Pdyn*Bs,0.0934644572279586,298.2471286216891,3382,453,6,largest_lambda_within_one_standard_error_then_fewer_terms_then_larger_lambda
-20.0,-4.0,main,n*V*Bs,-0.0003144070782574253,298.2471286216891,3382,453,6,largest_lambda_within_one_standard_error_then_fewer_terms_then_larger_lambda
-20.0,-4.0,main,sin(θ_c/2),-58.883751955789954,298.2471286216891,3382,453,6,largest_lambda_within_one_standard_error_then_fewer_terms_then_larger_lambda
-20.0,-4.0,main,sin²(θ_c/2),137.37000222810883,298.2471286216891,3382,453,6,largest_lambda_within_one_standard_error_then_fewer_terms_then_larger_lambda
-20.0,-4.0,main,sin⁴(θ_c/2),0.0,298.2471286216891,3382,453,6,largest_lambda_within_one_standard_error_then_fewer_terms_then_larger_lambda
-20.0,-4.0,main,sin^(8/3)(θ_c/2),-84.0849426704685,298.2471286216891,3382,453,6,largest_lambda_within_one_standard_error_then_fewer_terms_then_larger_lambda
-20.0,-4.0,main,V*sin²(θ_c/2),0.0,298.2471286216891,3382,453,6,largest_lambda_within_one_standard_error_then_fewer_terms_then_larger_lambda
-20.0,-4.0,main,Newell_d_Φ,0.0,298.2471286216891,3382,453,6,largest_lambda_within_one_standard_error_then_fewer_terms_then_larger_lambda
-20.0,-4.0,recovery,1,0.0,298.2471286216891,29707,483,0,largest_lambda_within_one_standard_error_then_fewer_terms_then_larger_lambda
-20.0,-4.0,recovery,V,0.0,298.2471286216891,29707,483,0,largest_lambda_within_one_standard_error_then_fewer_terms_then_larger_lambda
-20.0,-4.0,recovery,Bs,0.0,298.2471286216891,29707,483,0,largest_lambda_within_one_standard_error_then_fewer_terms_then_larger_lambda
-20.0,-4.0,recovery,n,0.0,298.2471286216891,29707,483,0,largest_lambda_within_one_standard_error_then_fewer_terms_then_larger_lambda
-20.0,-4.0,recovery,Pdyn,0.0,298.2471286216891,29707,483,0,largest_lambda_within_one_standard_error_then_fewer_terms_then_larger_lambda
-20.0,-4.0,recovery,Dst_star,0.0,298.2471286216891,29707,483,0,largest_lambda_within_one_standard_error_then_fewer_terms_then_larger_lambda
-20.0,-4.0,recovery,V^2,0.0,298.2471286216891,29707,483,0,largest_lambda_within_one_standard_error_then_fewer_terms_then_larger_lambda
-20.0,-4.0,recovery,Bs^2,0.0,298.2471286216891,29707,483,0,largest_lambda_within_one_standard_error_then_fewer_terms_then_larger_lambda
-20.0,-4.0,recovery,n^2,0.0,298.2471286216891,29707,483,0,largest_lambda_within_one_standard_error_then_fewer_terms_then_larger_lambda
-20.0,-4.0,recovery,V*Bs,0.0,298.2471286216891,29707,483,0,largest_lambda_within_one_standard_error_then_fewer_terms_then_larger_lambda
-20.0,-4.0,recovery,n*V,0.0,298.2471286216891,29707,483,0,largest_lambda_within_one_standard_error_then_fewer_terms_then_larger_lambda
-20.0,-4.0,recovery,n*Bs,0.0,298.2471286216891,29707,483,0,largest_lambda_within_one_standard_error_then_fewer_terms_then_larger_lambda
-20.0,-4.0,recovery,Pdyn*Bs,0.0,298.2471286216891,29707,483,0,largest_lambda_within_one_standard_error_then_fewer_terms_then_larger_lambda
-20.0,-4.0,recovery,n*V*Bs,0.0,298.2471286216891,29707,483,0,largest_lambda_within_one_standard_error_then_fewer_terms_then_larger_lambda
-20.0,-4.0,recovery,sin(θ_c/2),0.0,298.2471286216891,29707,483,0,largest_lambda_within_one_standard_error_then_fewer_terms_then_larger_lambda
-20.0,-4.0,recovery,sin²(θ_c/2),0.0,298.2471286216891,29707,483,0,largest_lambda_within_one_standard_error_then_fewer_terms_then_larger_lambda
-20.0,-4.0,recovery,sin⁴(θ_c/2),0.0,298.2471286216891,29707,483,0,largest_lambda_within_one_standard_error_then_fewer_terms_then_larger_lambda
-20.0,-4.0,recovery,sin^(8/3)(θ_c/2),0.0,298.2471286216891,29707,483,0,largest_lambda_within_one_standard_error_then_fewer_terms_then_larger_lambda
-20.0,-4.0,recovery,V*sin²(θ_c/2),0.0,298.2471286216891,29707,483,0,largest_lambda_within_one_standard_error_then_fewer_terms_then_larger_lambda
-20.0,-4.0,recovery,Newell_d_Φ,0.0,298.2471286216891,29707,483,0,largest_lambda_within_one_standard_error_then_fewer_terms_then_larger_lambda
-20.0,-3.0,quiet,1,0.8332784907407342,73.18242219076174,13846,474,12,largest_lambda_within_one_standard_error_then_fewer_terms_then_larger_lambda
-20.0,-3.0,quiet,V,-0.0025148997940837897,73.18242219076174,13846,474,12,largest_lambda_within_one_standard_error_then_fewer_terms_then_larger_lambda
-20.0,-3.0,quiet,Bs,0.0,73.18242219076174,13846,474,12,largest_lambda_within_one_standard_error_then_fewer_terms_then_larger_lambda
-20.0,-3.0,quiet,n,-0.1821434008743163,73.18242219076174,13846,474,12,largest_lambda_within_one_standard_error_then_fewer_terms_then_larger_lambda
-20.0,-3.0,quiet,Pdyn,-1.2692861339184407,73.18242219076174,13846,474,12,largest_lambda_within_one_standard_error_then_fewer_terms_then_larger_lambda
-20.0,-3.0,quiet,Dst_star,0.0,73.18242219076174,13846,474,12,largest_lambda_within_one_standard_error_then_fewer_terms_then_larger_lambda
-20.0,-3.0,quiet,V^2,6.591550339732936e-6,73.18242219076174,13846,474,12,largest_lambda_within_one_standard_error_then_fewer_terms_then_larger_lambda
-20.0,-3.0,quiet,Bs^2,0.0,73.18242219076174,13846,474,12,largest_lambda_within_one_standard_error_then_fewer_terms_then_larger_lambda
-20.0,-3.0,quiet,n^2,0.0,73.18242219076174,13846,474,12,largest_lambda_within_one_standard_error_then_fewer_terms_then_larger_lambda
-20.0,-3.0,quiet,V*Bs,0.0,73.18242219076174,13846,474,12,largest_lambda_within_one_standard_error_then_fewer_terms_then_larger_lambda
-20.0,-3.0,quiet,n*V,0.0012025792206220303,73.18242219076174,13846,474,12,largest_lambda_within_one_standard_error_then_fewer_terms_then_larger_lambda
-20.0,-3.0,quiet,n*Bs,0.024752733357814874,73.18242219076174,13846,474,12,largest_lambda_within_one_standard_error_then_fewer_terms_then_larger_lambda
-20.0,-3.0,quiet,Pdyn*Bs,0.20529878536822843,73.18242219076174,13846,474,12,largest_lambda_within_one_standard_error_then_fewer_terms_then_larger_lambda
-20.0,-3.0,quiet,n*V*Bs,-0.0002388061893115887,73.18242219076174,13846,474,12,largest_lambda_within_one_standard_error_then_fewer_terms_then_larger_lambda
-20.0,-3.0,quiet,sin(θ_c/2),0.0,73.18242219076174,13846,474,12,largest_lambda_within_one_standard_error_then_fewer_terms_then_larger_lambda
-20.0,-3.0,quiet,sin²(θ_c/2),0.0,73.18242219076174,13846,474,12,largest_lambda_within_one_standard_error_then_fewer_terms_then_larger_lambda
-20.0,-3.0,quiet,sin⁴(θ_c/2),-1.9820551383470377,73.18242219076174,13846,474,12,largest_lambda_within_one_standard_error_then_fewer_terms_then_larger_lambda
-20.0,-3.0,quiet,sin^(8/3)(θ_c/2),2.809705986943928,73.18242219076174,13846,474,12,largest_lambda_within_one_standard_error_then_fewer_terms_then_larger_lambda
-20.0,-3.0,quiet,V*sin²(θ_c/2),0.0,73.18242219076174,13846,474,12,largest_lambda_within_one_standard_error_then_fewer_terms_then_larger_lambda
-20.0,-3.0,quiet,Newell_d_Φ,-0.00035555293224301095,73.18242219076174,13846,474,12,largest_lambda_within_one_standard_error_then_fewer_terms_then_larger_lambda
-20.0,-3.0,main,1,-3.6268500620672897,73.18242219076174,4526,469,16,largest_lambda_within_one_standard_error_then_fewer_terms_then_larger_lambda
-20.0,-3.0,main,V,0.007802034541265319,73.18242219076174,4526,469,16,largest_lambda_within_one_standard_error_then_fewer_terms_then_larger_lambda
-20.0,-3.0,main,Bs,-0.4718447344176684,73.18242219076174,4526,469,16,largest_lambda_within_one_standard_error_then_fewer_terms_then_larger_lambda
-20.0,-3.0,main,n,0.0,73.18242219076174,4526,469,16,largest_lambda_within_one_standard_error_then_fewer_terms_then_larger_lambda
-20.0,-3.0,main,Pdyn,-0.3009853083074104,73.18242219076174,4526,469,16,largest_lambda_within_one_standard_error_then_fewer_terms_then_larger_lambda
-20.0,-3.0,main,Dst_star,-0.022082822816785894,73.18242219076174,4526,469,16,largest_lambda_within_one_standard_error_then_fewer_terms_then_larger_lambda
-20.0,-3.0,main,V^2,-1.1618330196057787e-5,73.18242219076174,4526,469,16,largest_lambda_within_one_standard_error_then_fewer_terms_then_larger_lambda
-20.0,-3.0,main,Bs^2,-0.013182412542769313,73.18242219076174,4526,469,16,largest_lambda_within_one_standard_error_then_fewer_terms_then_larger_lambda
-20.0,-3.0,main,n^2,0.0,73.18242219076174,4526,469,16,largest_lambda_within_one_standard_error_then_fewer_terms_then_larger_lambda
-20.0,-3.0,main,V*Bs,0.0007802699815296126,73.18242219076174,4526,469,16,largest_lambda_within_one_standard_error_then_fewer_terms_then_larger_lambda
-20.0,-3.0,main,n*V,0.0,73.18242219076174,4526,469,16,largest_lambda_within_one_standard_error_then_fewer_terms_then_larger_lambda
-20.0,-3.0,main,n*Bs,0.06331845881236367,73.18242219076174,4526,469,16,largest_lambda_within_one_standard_error_then_fewer_terms_then_larger_lambda
-20.0,-3.0,main,Pdyn*Bs,0.09461395308209312,73.18242219076174,4526,469,16,largest_lambda_within_one_standard_error_then_fewer_terms_then_larger_lambda
-20.0,-3.0,main,n*V*Bs,-0.00022997551941951477,73.18242219076174,4526,469,16,largest_lambda_within_one_standard_error_then_fewer_terms_then_larger_lambda
-20.0,-3.0,main,sin(θ_c/2),-17.090388965364,73.18242219076174,4526,469,16,largest_lambda_within_one_standard_error_then_fewer_terms_then_larger_lambda
-20.0,-3.0,main,sin²(θ_c/2),40.18635499143384,73.18242219076174,4526,469,16,largest_lambda_within_one_standard_error_then_fewer_terms_then_larger_lambda
-20.0,-3.0,main,sin⁴(θ_c/2),0.0,73.18242219076174,4526,469,16,largest_lambda_within_one_standard_error_then_fewer_terms_then_larger_lambda
-20.0,-3.0,main,sin^(8/3)(θ_c/2),-24.103597216340606,73.18242219076174,4526,469,16,largest_lambda_within_one_standard_error_then_fewer_terms_then_larger_lambda
-20.0,-3.0,main,V*sin²(θ_c/2),0.006302464357839297,73.18242219076174,4526,469,16,largest_lambda_within_one_standard_error_then_fewer_terms_then_larger_lambda
-20.0,-3.0,main,Newell_d_Φ,-0.00025203303187746684,73.18242219076174,4526,469,16,largest_lambda_within_one_standard_error_then_fewer_terms_then_larger_lambda
-20.0,-3.0,recovery,1,0.935708261589395,73.18242219076174,28563,483,10,largest_lambda_within_one_standard_error_then_fewer_terms_then_larger_lambda
-20.0,-3.0,recovery,V,-0.004918745285569221,73.18242219076174,28563,483,10,largest_lambda_within_one_standard_error_then_fewer_terms_then_larger_lambda
-20.0,-3.0,recovery,Bs,-0.34584742522929485,73.18242219076174,28563,483,10,largest_lambda_within_one_standard_error_then_fewer_terms_then_larger_lambda
-20.0,-3.0,recovery,n,0.0,73.18242219076174,28563,483,10,largest_lambda_within_one_standard_error_then_fewer_terms_then_larger_lambda
-20.0,-3.0,recovery,Pdyn,-0.24051163585111116,73.18242219076174,28563,483,10,largest_lambda_within_one_standard_error_then_fewer_terms_then_larger_lambda
-20.0,-3.0,recovery,Dst_star,-0.05868357050786623,73.18242219076174,28563,483,10,largest_lambda_within_one_standard_error_then_fewer_terms_then_larger_lambda
-20.0,-3.0,recovery,V^2,2.9313009156563254e-6,73.18242219076174,28563,483,10,largest_lambda_within_one_standard_error_then_fewer_terms_then_larger_lambda
-20.0,-3.0,recovery,Bs^2,0.0,73.18242219076174,28563,483,10,largest_lambda_within_one_standard_error_then_fewer_terms_then_larger_lambda
-20.0,-3.0,recovery,n^2,0.0,73.18242219076174,28563,483,10,largest_lambda_within_one_standard_error_then_fewer_terms_then_larger_lambda
-20.0,-3.0,recovery,V*Bs,0.0,73.18242219076174,28563,483,10,largest_lambda_within_one_standard_error_then_fewer_terms_then_larger_lambda
-20.0,-3.0,recovery,n*V,0.0002002713919788665,73.18242219076174,28563,483,10,largest_lambda_within_one_standard_error_then_fewer_terms_then_larger_lambda
-20.0,-3.0,recovery,n*Bs,0.0,73.18242219076174,28563,483,10,largest_lambda_within_one_standard_error_then_fewer_terms_then_larger_lambda
-20.0,-3.0,recovery,Pdyn*Bs,0.0,73.18242219076174,28563,483,10,largest_lambda_within_one_standard_error_then_fewer_terms_then_larger_lambda
-20.0,-3.0,recovery,n*V*Bs,0.0,73.18242219076174,28563,483,10,largest_lambda_within_one_standard_error_then_fewer_terms_then_larger_lambda
-20.0,-3.0,recovery,sin(θ_c/2),1.6443779620795014,73.18242219076174,28563,483,10,largest_lambda_within_one_standard_error_then_fewer_terms_then_larger_lambda
-20.0,-3.0,recovery,sin²(θ_c/2),-3.5929235069191034,73.18242219076174,28563,483,10,largest_lambda_within_one_standard_error_then_fewer_terms_then_larger_lambda
-20.0,-3.0,recovery,sin⁴(θ_c/2),1.7534129237680072,73.18242219076174,28563,483,10,largest_lambda_within_one_standard_error_then_fewer_terms_then_larger_lambda
-20.0,-3.0,recovery,sin^(8/3)(θ_c/2),0.0,73.18242219076174,28563,483,10,largest_lambda_within_one_standard_error_then_fewer_terms_then_larger_lambda
-20.0,-3.0,recovery,V*sin²(θ_c/2),0.0,73.18242219076174,28563,483,10,largest_lambda_within_one_standard_error_then_fewer_terms_then_larger_lambda
-20.0,-3.0,recovery,Newell_d_Φ,0.0,73.18242219076174,28563,483,10,largest_lambda_within_one_standard_error_then_fewer_terms_then_larger_lambda
-20.0,-2.0,quiet,1,0.8587322846527445,57.90443980602486,13846,474,13,largest_lambda_within_one_standard_error_then_fewer_terms_then_larger_lambda
-20.0,-2.0,quiet,V,-0.002502852004266835,57.90443980602486,13846,474,13,largest_lambda_within_one_standard_error_then_fewer_terms_then_larger_lambda
-20.0,-2.0,quiet,Bs,0.0,57.90443980602486,13846,474,13,largest_lambda_within_one_standard_error_then_fewer_terms_then_larger_lambda
-20.0,-2.0,quiet,n,-0.18147991469166794,57.90443980602486,13846,474,13,largest_lambda_within_one_standard_error_then_fewer_terms_then_larger_lambda
-20.0,-2.0,quiet,Pdyn,-1.267415713473199,57.90443980602486,13846,474,13,largest_lambda_within_one_standard_error_then_fewer_terms_then_larger_lambda
-20.0,-2.0,quiet,Dst_star,0.0,57.90443980602486,13846,474,13,largest_lambda_within_one_standard_error_then_fewer_terms_then_larger_lambda
-20.0,-2.0,quiet,V^2,6.584564808867109e-6,57.90443980602486,13846,474,13,largest_lambda_within_one_standard_error_then_fewer_terms_then_larger_lambda
-20.0,-2.0,quiet,Bs^2,0.0,57.90443980602486,13846,474,13,largest_lambda_within_one_standard_error_then_fewer_terms_then_larger_lambda
-20.0,-2.0,quiet,n^2,0.0,57.90443980602486,13846,474,13,largest_lambda_within_one_standard_error_then_fewer_terms_then_larger_lambda
-20.0,-2.0,quiet,V*Bs,0.0,57.90443980602486,13846,474,13,largest_lambda_within_one_standard_error_then_fewer_terms_then_larger_lambda
-20.0,-2.0,quiet,n*V,0.0011995559566542135,57.90443980602486,13846,474,13,largest_lambda_within_one_standard_error_then_fewer_terms_then_larger_lambda
-20.0,-2.0,quiet,n*Bs,0.024819668893348995,57.90443980602486,13846,474,13,largest_lambda_within_one_standard_error_then_fewer_terms_then_larger_lambda
-20.0,-2.0,quiet,Pdyn*Bs,0.2054282309824963,57.90443980602486,13846,474,13,largest_lambda_within_one_standard_error_then_fewer_terms_then_larger_lambda
-20.0,-2.0,quiet,n*V*Bs,-0.000239016995137403,57.90443980602486,13846,474,13,largest_lambda_within_one_standard_error_then_fewer_terms_then_larger_lambda
-20.0,-2.0,quiet,sin(θ_c/2),0.0,57.90443980602486,13846,474,13,largest_lambda_within_one_standard_error_then_fewer_terms_then_larger_lambda
-20.0,-2.0,quiet,sin²(θ_c/2),-1.135424849384924,57.90443980602486,13846,474,13,largest_lambda_within_one_standard_error_then_fewer_terms_then_larger_lambda
-20.0,-2.0,quiet,sin⁴(θ_c/2),-2.7246810907249137,57.90443980602486,13846,474,13,largest_lambda_within_one_standard_error_then_fewer_terms_then_larger_lambda
-20.0,-2.0,quiet,sin^(8/3)(θ_c/2),4.645259652636069,57.90443980602486,13846,474,13,largest_lambda_within_one_standard_error_then_fewer_terms_then_larger_lambda
-20.0,-2.0,quiet,V*sin²(θ_c/2),0.0,57.90443980602486,13846,474,13,largest_lambda_within_one_standard_error_then_fewer_terms_then_larger_lambda
-20.0,-2.0,quiet,Newell_d_Φ,-0.0003558858654175371,57.90443980602486,13846,474,13,largest_lambda_within_one_standard_error_then_fewer_terms_then_larger_lambda
-20.0,-2.0,main,1,-4.012250878226485,57.90443980602486,6361,477,17,largest_lambda_within_one_standard_error_then_fewer_terms_then_larger_lambda
-20.0,-2.0,main,V,0.008223840360515577,57.90443980602486,6361,477,17,largest_lambda_within_one_standard_error_then_fewer_terms_then_larger_lambda
-20.0,-2.0,main,Bs,-0.413578181671967,57.90443980602486,6361,477,17,largest_lambda_within_one_standard_error_then_fewer_terms_then_larger_lambda
-20.0,-2.0,main,n,0.0,57.90443980602486,6361,477,17,largest_lambda_within_one_standard_error_then_fewer_terms_then_larger_lambda
-20.0,-2.0,main,Pdyn,-0.35539603082017446,57.90443980602486,6361,477,17,largest_lambda_within_one_standard_error_then_fewer_terms_then_larger_lambda
-20.0,-2.0,main,Dst_star,-0.023084004519168446,57.90443980602486,6361,477,17,largest_lambda_within_one_standard_error_then_fewer_terms_then_larger_lambda
-20.0,-2.0,main,V^2,-1.0024359743697345e-5,57.90443980602486,6361,477,17,largest_lambda_within_one_standard_error_then_fewer_terms_then_larger_lambda
-20.0,-2.0,main,Bs^2,-0.013639151368906628,57.90443980602486,6361,477,17,largest_lambda_within_one_standard_error_then_fewer_terms_then_larger_lambda
-20.0,-2.0,main,n^2,0.0,57.90443980602486,6361,477,17,largest_lambda_within_one_standard_error_then_fewer_terms_then_larger_lambda
-20.0,-2.0,main,V*Bs,0.0007165616395600302,57.90443980602486,6361,477,17,largest_lambda_within_one_standard_error_then_fewer_terms_then_larger_lambda
-20.0,-2.0,main,n*V,0.0,57.90443980602486,6361,477,17,largest_lambda_within_one_standard_error_then_fewer_terms_then_larger_lambda
-20.0,-2.0,main,n*Bs,0.0630561653281246,57.90443980602486,6361,477,17,largest_lambda_within_one_standard_error_then_fewer_terms_then_larger_lambda
-20.0,-2.0,main,Pdyn*Bs,0.09907315140891332,57.90443980602486,6361,477,17,largest_lambda_within_one_standard_error_then_fewer_terms_then_larger_lambda
-20.0,-2.0,main,n*V*Bs,-0.00023231043509776937,57.90443980602486,6361,477,17,largest_lambda_within_one_standard_error_then_fewer_terms_then_larger_lambda
-20.0,-2.0,main,sin(θ_c/2),-1.377745038567517,57.90443980602486,6361,477,17,largest_lambda_within_one_standard_error_then_fewer_terms_then_larger_lambda
-20.0,-2.0,main,sin²(θ_c/2),-21.909328300243157,57.90443980602486,6361,477,17,largest_lambda_within_one_standard_error_then_fewer_terms_then_larger_lambda
-20.0,-2.0,main,sin⁴(θ_c/2),-15.496597934842717,57.90443980602486,6361,477,17,largest_lambda_within_one_standard_error_then_fewer_terms_then_larger_lambda
-20.0,-2.0,main,sin^(8/3)(θ_c/2),38.75916052369951,57.90443980602486,6361,477,17,largest_lambda_within_one_standard_error_then_fewer_terms_then_larger_lambda
-20.0,-2.0,main,V*sin²(θ_c/2),0.00528200199297352,57.90443980602486,6361,477,17,largest_lambda_within_one_standard_error_then_fewer_terms_then_larger_lambda
-20.0,-2.0,main,Newell_d_Φ,-0.00027450288026797536,57.90443980602486,6361,477,17,largest_lambda_within_one_standard_error_then_fewer_terms_then_larger_lambda
-20.0,-2.0,recovery,1,1.4547268123966735,57.90443980602486,26728,483,14,largest_lambda_within_one_standard_error_then_fewer_terms_then_larger_lambda
-20.0,-2.0,recovery,V,-0.006686701179847004,57.90443980602486,26728,483,14,largest_lambda_within_one_standard_error_then_fewer_terms_then_larger_lambda
-20.0,-2.0,recovery,Bs,-0.42652789430476895,57.90443980602486,26728,483,14,largest_lambda_within_one_standard_error_then_fewer_terms_then_larger_lambda
-20.0,-2.0,recovery,n,-0.10844329989422602,57.90443980602486,26728,483,14,largest_lambda_within_one_standard_error_then_fewer_terms_then_larger_lambda
-20.0,-2.0,recovery,Pdyn,-0.3851664804083345,57.90443980602486,26728,483,14,largest_lambda_within_one_standard_error_then_fewer_terms_then_larger_lambda
-20.0,-2.0,recovery,Dst_star,-0.05713710648682386,57.90443980602486,26728,483,14,largest_lambda_within_one_standard_error_then_fewer_terms_then_larger_lambda
-20.0,-2.0,recovery,V^2,4.31780870422554e-6,57.90443980602486,26728,483,14,largest_lambda_within_one_standard_error_then_fewer_terms_then_larger_lambda
-20.0,-2.0,recovery,Bs^2,0.0,57.90443980602486,26728,483,14,largest_lambda_within_one_standard_error_then_fewer_terms_then_larger_lambda
-20.0,-2.0,recovery,n^2,0.0,57.90443980602486,26728,483,14,largest_lambda_within_one_standard_error_then_fewer_terms_then_larger_lambda
-20.0,-2.0,recovery,V*Bs,0.0003996962172770813,57.90443980602486,26728,483,14,largest_lambda_within_one_standard_error_then_fewer_terms_then_larger_lambda
-20.0,-2.0,recovery,n*V,0.0006051129707023631,57.90443980602486,26728,483,14,largest_lambda_within_one_standard_error_then_fewer_terms_then_larger_lambda
-20.0,-2.0,recovery,n*Bs,0.0,57.90443980602486,26728,483,14,largest_lambda_within_one_standard_error_then_fewer_terms_then_larger_lambda
-20.0,-2.0,recovery,Pdyn*Bs,-0.0677234569255239,57.90443980602486,26728,483,14,largest_lambda_within_one_standard_error_then_fewer_terms_then_larger_lambda
-20.0,-2.0,recovery,n*V*Bs,3.840845055376791e-5,57.90443980602486,26728,483,14,largest_lambda_within_one_standard_error_then_fewer_terms_then_larger_lambda
-20.0,-2.0,recovery,sin(θ_c/2),1.4657398680986498,57.90443980602486,26728,483,14,largest_lambda_within_one_standard_error_then_fewer_terms_then_larger_lambda
-20.0,-2.0,recovery,sin²(θ_c/2),-3.1496445065460517,57.90443980602486,26728,483,14,largest_lambda_within_one_standard_error_then_fewer_terms_then_larger_lambda
-20.0,-2.0,recovery,sin⁴(θ_c/2),1.4311359271910535,57.90443980602486,26728,483,14,largest_lambda_within_one_standard_error_then_fewer_terms_then_larger_lambda
-20.0,-2.0,recovery,sin^(8/3)(θ_c/2),0.0,57.90443980602486,26728,483,14,largest_lambda_within_one_standard_error_then_fewer_terms_then_larger_lambda
-20.0,-2.0,recovery,V*sin²(θ_c/2),0.0,57.90443980602486,26728,483,14,largest_lambda_within_one_standard_error_then_fewer_terms_then_larger_lambda
-20.0,-2.0,recovery,Newell_d_Φ,0.0,57.90443980602486,26728,483,14,largest_lambda_within_one_standard_error_then_fewer_terms_then_larger_lambda
-20.0,-1.0,quiet,1,0.0,92.49147277217335,13846,474,8,largest_lambda_within_one_standard_error_then_fewer_terms_then_larger_lambda
-20.0,-1.0,quiet,V,0.0,92.49147277217335,13846,474,8,largest_lambda_within_one_standard_error_then_fewer_terms_then_larger_lambda
-20.0,-1.0,quiet,Bs,0.0,92.49147277217335,13846,474,8,largest_lambda_within_one_standard_error_then_fewer_terms_then_larger_lambda
-20.0,-1.0,quiet,n,-0.07143203894884945,92.49147277217335,13846,474,8,largest_lambda_within_one_standard_error_then_fewer_terms_then_larger_lambda
-20.0,-1.0,quiet,Pdyn,-0.5104604943601612,92.49147277217335,13846,474,8,largest_lambda_within_one_standard_error_then_fewer_terms_then_larger_lambda
-20.0,-1.0,quiet,Dst_star,0.0,92.49147277217335,13846,474,8,largest_lambda_within_one_standard_error_then_fewer_terms_then_larger_lambda
-20.0,-1.0,quiet,V^2,0.0,92.49147277217335,13846,474,8,largest_lambda_within_one_standard_error_then_fewer_terms_then_larger_lambda
-20.0,-1.0,quiet,Bs^2,0.0,92.49147277217335,13846,474,8,largest_lambda_within_one_standard_error_then_fewer_terms_then_larger_lambda
-20.0,-1.0,quiet,n^2,0.0,92.49147277217335,13846,474,8,largest_lambda_within_one_standard_error_then_fewer_terms_then_larger_lambda
-20.0,-1.0,quiet,V*Bs,0.0,92.49147277217335,13846,474,8,largest_lambda_within_one_standard_error_then_fewer_terms_then_larger_lambda
-20.0,-1.0,quiet,n*V,0.00044887800711360164,92.49147277217335,13846,474,8,largest_lambda_within_one_standard_error_then_fewer_terms_then_larger_lambda
-20.0,-1.0,quiet,n*Bs,0.0,92.49147277217335,13846,474,8,largest_lambda_within_one_standard_error_then_fewer_terms_then_larger_lambda
-20.0,-1.0,quiet,Pdyn*Bs,0.11387898722121906,92.49147277217335,13846,474,8,largest_lambda_within_one_standard_error_then_fewer_terms_then_larger_lambda
-20.0,-1.0,quiet,n*V*Bs,-0.00012007442497243679,92.49147277217335,13846,474,8,largest_lambda_within_one_standard_error_then_fewer_terms_then_larger_lambda
-20.0,-1.0,quiet,sin(θ_c/2),0.0,92.49147277217335,13846,474,8,largest_lambda_within_one_standard_error_then_fewer_terms_then_larger_lambda
-20.0,-1.0,quiet,sin²(θ_c/2),9.2930528957373,92.49147277217335,13846,474,8,largest_lambda_within_one_standard_error_then_fewer_terms_then_larger_lambda
-20.0,-1.0,quiet,sin⁴(θ_c/2),0.0,92.49147277217335,13846,474,8,largest_lambda_within_one_standard_error_then_fewer_terms_then_larger_lambda
-20.0,-1.0,quiet,sin^(8/3)(θ_c/2),-7.790745375640272,92.49147277217335,13846,474,8,largest_lambda_within_one_standard_error_then_fewer_terms_then_larger_lambda
-20.0,-1.0,quiet,V*sin²(θ_c/2),0.0,92.49147277217335,13846,474,8,largest_lambda_within_one_standard_error_then_fewer_terms_then_larger_lambda
-20.0,-1.0,quiet,Newell_d_Φ,-0.0003446701408819152,92.49147277217335,13846,474,8,largest_lambda_within_one_standard_error_then_fewer_terms_then_larger_lambda
-20.0,-1.0,main,1,-3.039492726814787,92.49147277217335,9409,480,17,largest_lambda_within_one_standard_error_then_fewer_terms_then_larger_lambda
-20.0,-1.0,main,V,0.005906304509747866,92.49147277217335,9409,480,17,largest_lambda_within_one_standard_error_then_fewer_terms_then_larger_lambda
-20.0,-1.0,main,Bs,-0.4646600459039656,92.49147277217335,9409,480,17,largest_lambda_within_one_standard_error_then_fewer_terms_then_larger_lambda
-20.0,-1.0,main,n,0.0,92.49147277217335,9409,480,17,largest_lambda_within_one_standard_error_then_fewer_terms_then_larger_lambda
-20.0,-1.0,main,Pdyn,-0.3958143329969681,92.49147277217335,9409,480,17,largest_lambda_within_one_standard_error_then_fewer_terms_then_larger_lambda
-20.0,-1.0,main,Dst_star,-0.02359754318912072,92.49147277217335,9409,480,17,largest_lambda_within_one_standard_error_then_fewer_terms_then_larger_lambda
-20.0,-1.0,main,V^2,-7.066217924541943e-6,92.49147277217335,9409,480,17,largest_lambda_within_one_standard_error_then_fewer_terms_then_larger_lambda
-20.0,-1.0,main,Bs^2,-0.014650943621136265,92.49147277217335,9409,480,17,largest_lambda_within_one_standard_error_then_fewer_terms_then_larger_lambda
-20.0,-1.0,main,n^2,0.0,92.49147277217335,9409,480,17,largest_lambda_within_one_standard_error_then_fewer_terms_then_larger_lambda
-20.0,-1.0,main,V*Bs,0.0008953640293158183,92.49147277217335,9409,480,17,largest_lambda_within_one_standard_error_then_fewer_terms_then_larger_lambda
-20.0,-1.0,main,n*V,0.0,92.49147277217335,9409,480,17,largest_lambda_within_one_standard_error_then_fewer_terms_then_larger_lambda
-20.0,-1.0,main,n*Bs,0.06032816129342262,92.49147277217335,9409,480,17,largest_lambda_within_one_standard_error_then_fewer_terms_then_larger_lambda
-20.0,-1.0,main,Pdyn*Bs,0.09193105444294347,92.49147277217335,9409,480,17,largest_lambda_within_one_standard_error_then_fewer_terms_then_larger_lambda
-20.0,-1.0,main,n*V*Bs,-0.00022049901864419058,92.49147277217335,9409,480,17,largest_lambda_within_one_standard_error_then_fewer_terms_then_larger_lambda
-20.0,-1.0,main,sin(θ_c/2),3.1644051366333983,92.49147277217335,9409,480,17,largest_lambda_within_one_standard_error_then_fewer_terms_then_larger_lambda
-20.0,-1.0,main,sin²(θ_c/2),-31.35339873154231,92.49147277217335,9409,480,17,largest_lambda_within_one_standard_error_then_fewer_terms_then_larger_lambda
-20.0,-1.0,main,sin⁴(θ_c/2),-15.885764409620215,92.49147277217335,9409,480,17,largest_lambda_within_one_standard_error_then_fewer_terms_then_larger_lambda
-20.0,-1.0,main,sin^(8/3)(θ_c/2),44.604112994431134,92.49147277217335,9409,480,17,largest_lambda_within_one_standard_error_then_fewer_terms_then_larger_lambda
-20.0,-1.0,main,V*sin²(θ_c/2),0.0041499513901986146,92.49147277217335,9409,480,17,largest_lambda_within_one_standard_error_then_fewer_terms_then_larger_lambda
-20.0,-1.0,main,Newell_d_Φ,-0.00028992173614153673,92.49147277217335,9409,480,17,largest_lambda_within_one_standard_error_then_fewer_terms_then_larger_lambda
-20.0,-1.0,recovery,1,1.5487538246496602,92.49147277217335,23680,483,9,largest_lambda_within_one_standard_error_then_fewer_terms_then_larger_lambda
-20.0,-1.0,recovery,V,-0.006569484978277235,92.49147277217335,23680,483,9,largest_lambda_within_one_standard_error_then_fewer_terms_then_larger_lambda
-20.0,-1.0,recovery,Bs,0.0,92.49147277217335,23680,483,9,largest_lambda_within_one_standard_error_then_fewer_terms_then_larger_lambda
-20.0,-1.0,recovery,n,-0.16649778823172173,92.49147277217335,23680,483,9,largest_lambda_within_one_standard_error_then_fewer_terms_then_larger_lambda
-20.0,-1.0,recovery,Pdyn,-0.5337111038039406,92.49147277217335,23680,483,9,largest_lambda_within_one_standard_error_then_fewer_terms_then_larger_lambda
-20.0,-1.0,recovery,Dst_star,-0.04954905623350255,92.49147277217335,23680,483,9,largest_lambda_within_one_standard_error_then_fewer_terms_then_larger_lambda
-20.0,-1.0,recovery,V^2,5.2559031779228415e-6,92.49147277217335,23680,483,9,largest_lambda_within_one_standard_error_then_fewer_terms_then_larger_lambda
-20.0,-1.0,recovery,Bs^2,0.0,92.49147277217335,23680,483,9,largest_lambda_within_one_standard_error_then_fewer_terms_then_larger_lambda
-20.0,-1.0,recovery,n^2,0.0,92.49147277217335,23680,483,9,largest_lambda_within_one_standard_error_then_fewer_terms_then_larger_lambda
-20.0,-1.0,recovery,V*Bs,0.0,92.49147277217335,23680,483,9,largest_lambda_within_one_standard_error_then_fewer_terms_then_larger_lambda
-20.0,-1.0,recovery,n*V,0.0008416326505206151,92.49147277217335,23680,483,9,largest_lambda_within_one_standard_error_then_fewer_terms_then_larger_lambda
-20.0,-1.0,recovery,n*Bs,0.0,92.49147277217335,23680,483,9,largest_lambda_within_one_standard_error_then_fewer_terms_then_larger_lambda
-20.0,-1.0,recovery,Pdyn*Bs,0.0,92.49147277217335,23680,483,9,largest_lambda_within_one_standard_error_then_fewer_terms_then_larger_lambda
-20.0,-1.0,recovery,n*V*Bs,0.0,92.49147277217335,23680,483,9,largest_lambda_within_one_standard_error_then_fewer_terms_then_larger_lambda
-20.0,-1.0,recovery,sin(θ_c/2),1.6765553503463417,92.49147277217335,23680,483,9,largest_lambda_within_one_standard_error_then_fewer_terms_then_larger_lambda
-20.0,-1.0,recovery,sin²(θ_c/2),-2.7363182984845764,92.49147277217335,23680,483,9,largest_lambda_within_one_standard_error_then_fewer_terms_then_larger_lambda
-20.0,-1.0,recovery,sin⁴(θ_c/2),0.0,92.49147277217335,23680,483,9,largest_lambda_within_one_standard_error_then_fewer_terms_then_larger_lambda
-20.0,-1.0,recovery,sin^(8/3)(θ_c/2),0.0,92.49147277217335,23680,483,9,largest_lambda_within_one_standard_error_then_fewer_terms_then_larger_lambda
-20.0,-1.0,recovery,V*sin²(θ_c/2),0.0,92.49147277217335,23680,483,9,largest_lambda_within_one_standard_error_then_fewer_terms_then_larger_lambda
-20.0,-1.0,recovery,Newell_d_Φ,0.0,92.49147277217335,23680,483,9,largest_lambda_within_one_standard_error_then_fewer_terms_then_larger_lambda
-20.0,0.0,quiet,1,0.0,116.89518164985776,13846,474,3,largest_lambda_within_one_standard_error_then_fewer_terms_then_larger_lambda
-20.0,0.0,quiet,V,0.0,116.89518164985776,13846,474,3,largest_lambda_within_one_standard_error_then_fewer_terms_then_larger_lambda
-20.0,0.0,quiet,Bs,0.0,116.89518164985776,13846,474,3,largest_lambda_within_one_standard_error_then_fewer_terms_then_larger_lambda
-20.0,0.0,quiet,n,0.0,116.89518164985776,13846,474,3,largest_lambda_within_one_standard_error_then_fewer_terms_then_larger_lambda
-20.0,0.0,quiet,Pdyn,-0.5339492215173154,116.89518164985776,13846,474,3,largest_lambda_within_one_standard_error_then_fewer_terms_then_larger_lambda
-20.0,0.0,quiet,Dst_star,0.0,116.89518164985776,13846,474,3,largest_lambda_within_one_standard_error_then_fewer_terms_then_larger_lambda
-20.0,0.0,quiet,V^2,0.0,116.89518164985776,13846,474,3,largest_lambda_within_one_standard_error_then_fewer_terms_then_larger_lambda
-20.0,0.0,quiet,Bs^2,0.0,116.89518164985776,13846,474,3,largest_lambda_within_one_standard_error_then_fewer_terms_then_larger_lambda
-20.0,0.0,quiet,n^2,0.0,116.89518164985776,13846,474,3,largest_lambda_within_one_standard_error_then_fewer_terms_then_larger_lambda
-20.0,0.0,quiet,V*Bs,0.0,116.89518164985776,13846,474,3,largest_lambda_within_one_standard_error_then_fewer_terms_then_larger_lambda
-20.0,0.0,quiet,n*V,0.0003400464848992721,116.89518164985776,13846,474,3,largest_lambda_within_one_standard_error_then_fewer_terms_then_larger_lambda
-20.0,0.0,quiet,n*Bs,0.0,116.89518164985776,13846,474,3,largest_lambda_within_one_standard_error_then_fewer_terms_then_larger_lambda
-20.0,0.0,quiet,Pdyn*Bs,0.0,116.89518164985776,13846,474,3,largest_lambda_within_one_standard_error_then_fewer_terms_then_larger_lambda
-20.0,0.0,quiet,n*V*Bs,-8.672272006780915e-5,116.89518164985776,13846,474,3,largest_lambda_within_one_standard_error_then_fewer_terms_then_larger_lambda
-20.0,0.0,quiet,sin(θ_c/2),0.0,116.89518164985776,13846,474,3,largest_lambda_within_one_standard_error_then_fewer_terms_then_larger_lambda
-20.0,0.0,quiet,sin²(θ_c/2),0.0,116.89518164985776,13846,474,3,largest_lambda_within_one_standard_error_then_fewer_terms_then_larger_lambda
-20.0,0.0,quiet,sin⁴(θ_c/2),0.0,116.89518164985776,13846,474,3,largest_lambda_within_one_standard_error_then_fewer_terms_then_larger_lambda
-20.0,0.0,quiet,sin^(8/3)(θ_c/2),0.0,116.89518164985776,13846,474,3,largest_lambda_within_one_standard_error_then_fewer_terms_then_larger_lambda
-20.0,0.0,quiet,V*sin²(θ_c/2),0.0,116.89518164985776,13846,474,3,largest_lambda_within_one_standard_error_then_fewer_terms_then_larger_lambda
-20.0,0.0,quiet,Newell_d_Φ,0.0,116.89518164985776,13846,474,3,largest_lambda_within_one_standard_error_then_fewer_terms_then_larger_lambda
-20.0,0.0,main,1,-1.3484248295844987,116.89518164985776,14043,482,17,largest_lambda_within_one_standard_error_then_fewer_terms_then_larger_lambda
-20.0,0.0,main,V,0.0037415812867714194,116.89518164985776,14043,482,17,largest_lambda_within_one_standard_error_then_fewer_terms_then_larger_lambda
-20.0,0.0,main,Bs,-0.4273960990636398,116.89518164985776,14043,482,17,largest_lambda_within_one_standard_error_then_fewer_terms_then_larger_lambda
-20.0,0.0,main,n,0.0,116.89518164985776,14043,482,17,largest_lambda_within_one_standard_error_then_fewer_terms_then_larger_lambda
-20.0,0.0,main,Pdyn,-0.42292236562977636,116.89518164985776,14043,482,17,largest_lambda_within_one_standard_error_then_fewer_terms_then_larger_lambda
-20.0,0.0,main,Dst_star,-0.023732479450128855,116.89518164985776,14043,482,17,largest_lambda_within_one_standard_error_then_fewer_terms_then_larger_lambda
-20.0,0.0,main,V^2,-5.330504507247271e-6,116.89518164985776,14043,482,17,largest_lambda_within_one_standard_error_then_fewer_terms_then_larger_lambda
-20.0,0.0,main,Bs^2,-0.014450320354495534,116.89518164985776,14043,482,17,largest_lambda_within_one_standard_error_then_fewer_terms_then_larger_lambda
-20.0,0.0,main,n^2,0.0,116.89518164985776,14043,482,17,largest_lambda_within_one_standard_error_then_fewer_terms_then_larger_lambda
-20.0,0.0,main,V*Bs,0.0007277353912813456,116.89518164985776,14043,482,17,largest_lambda_within_one_standard_error_then_fewer_terms_then_larger_lambda
-20.0,0.0,main,n*V,0.0,116.89518164985776,14043,482,17,largest_lambda_within_one_standard_error_then_fewer_terms_then_larger_lambda
-20.0,0.0,main,n*Bs,0.05658793491281975,116.89518164985776,14043,482,17,largest_lambda_within_one_standard_error_then_fewer_terms_then_larger_lambda
-20.0,0.0,main,Pdyn*Bs,0.08941349793708774,116.89518164985776,14043,482,17,largest_lambda_within_one_standard_error_then_fewer_terms_then_larger_lambda
-20.0,0.0,main,n*V*Bs,-0.00021078994734385716,116.89518164985776,14043,482,17,largest_lambda_within_one_standard_error_then_fewer_terms_then_larger_lambda
-20.0,0.0,main,sin(θ_c/2),4.174600059623969,116.89518164985776,14043,482,17,largest_lambda_within_one_standard_error_then_fewer_terms_then_larger_lambda
-20.0,0.0,main,sin²(θ_c/2),-37.23534821294852,116.89518164985776,14043,482,17,largest_lambda_within_one_standard_error_then_fewer_terms_then_larger_lambda
-20.0,0.0,main,sin⁴(θ_c/2),-16.97407191032312,116.89518164985776,14043,482,17,largest_lambda_within_one_standard_error_then_fewer_terms_then_larger_lambda
-20.0,0.0,main,sin^(8/3)(θ_c/2),49.68159028872803,116.89518164985776,14043,482,17,largest_lambda_within_one_standard_error_then_fewer_terms_then_larger_lambda
-20.0,0.0,main,V*sin²(θ_c/2),0.004603055783662149,116.89518164985776,14043,482,17,largest_lambda_within_one_standard_error_then_fewer_terms_then_larger_lambda
-20.0,0.0,main,Newell_d_Φ,-0.00026303825277313673,116.89518164985776,14043,482,17,largest_lambda_within_one_standard_error_then_fewer_terms_then_larger_lambda
-20.0,0.0,recovery,1,0.0,116.89518164985776,19046,483,3,largest_lambda_within_one_standard_error_then_fewer_terms_then_larger_lambda
-20.0,0.0,recovery,V,0.0,116.89518164985776,19046,483,3,largest_lambda_within_one_standard_error_then_fewer_terms_then_larger_lambda
-20.0,0.0,recovery,Bs,0.0,116.89518164985776,19046,483,3,largest_lambda_within_one_standard_error_then_fewer_terms_then_larger_lambda
-20.0,0.0,recovery,n,0.0,116.89518164985776,19046,483,3,largest_lambda_within_one_standard_error_then_fewer_terms_then_larger_lambda
-20.0,0.0,recovery,Pdyn,0.0,116.89518164985776,19046,483,3,largest_lambda_within_one_standard_error_then_fewer_terms_then_larger_lambda
-20.0,0.0,recovery,Dst_star,-0.04850028224181726,116.89518164985776,19046,483,3,largest_lambda_within_one_standard_error_then_fewer_terms_then_larger_lambda
-20.0,0.0,recovery,V^2,0.0,116.89518164985776,19046,483,3,largest_lambda_within_one_standard_error_then_fewer_terms_then_larger_lambda
-20.0,0.0,recovery,Bs^2,0.0,116.89518164985776,19046,483,3,largest_lambda_within_one_standard_error_then_fewer_terms_then_larger_lambda
-20.0,0.0,recovery,n^2,0.0,116.89518164985776,19046,483,3,largest_lambda_within_one_standard_error_then_fewer_terms_then_larger_lambda
-20.0,0.0,recovery,V*Bs,0.0,116.89518164985776,19046,483,3,largest_lambda_within_one_standard_error_then_fewer_terms_then_larger_lambda
-20.0,0.0,recovery,n*V,0.0,116.89518164985776,19046,483,3,largest_lambda_within_one_standard_error_then_fewer_terms_then_larger_lambda
-20.0,0.0,recovery,n*Bs,0.0,116.89518164985776,19046,483,3,largest_lambda_within_one_standard_error_then_fewer_terms_then_larger_lambda
-20.0,0.0,recovery,Pdyn*Bs,0.0,116.89518164985776,19046,483,3,largest_lambda_within_one_standard_error_then_fewer_terms_then_larger_lambda
-20.0,0.0,recovery,n*V*Bs,0.0,116.89518164985776,19046,483,3,largest_lambda_within_one_standard_error_then_fewer_terms_then_larger_lambda
-20.0,0.0,recovery,sin(θ_c/2),1.7128823511603462,116.89518164985776,19046,483,3,largest_lambda_within_one_standard_error_then_fewer_terms_then_larger_lambda
-20.0,0.0,recovery,sin²(θ_c/2),-2.4690898016914615,116.89518164985776,19046,483,3,largest_lambda_within_one_standard_error_then_fewer_terms_then_larger_lambda
-20.0,0.0,recovery,sin⁴(θ_c/2),0.0,116.89518164985776,19046,483,3,largest_lambda_within_one_standard_error_then_fewer_terms_then_larger_lambda
-20.0,0.0,recovery,sin^(8/3)(θ_c/2),0.0,116.89518164985776,19046,483,3,largest_lambda_within_one_standard_error_then_fewer_terms_then_larger_lambda
-20.0,0.0,recovery,V*sin²(θ_c/2),0.0,116.89518164985776,19046,483,3,largest_lambda_within_one_standard_error_then_fewer_terms_then_larger_lambda
-20.0,0.0,recovery,Newell_d_Φ,0.0,116.89518164985776,19046,483,3,largest_lambda_within_one_standard_error_then_fewer_terms_then_larger_lambda
-15.0,-4.0,quiet,1,0.7894629147376625,57.90443980602486,9702,446,12,largest_lambda_within_one_standard_error_then_fewer_terms_then_larger_lambda
-15.0,-4.0,quiet,V,-0.002524472207015958,57.90443980602486,9702,446,12,largest_lambda_within_one_standard_error_then_fewer_terms_then_larger_lambda
-15.0,-4.0,quiet,Bs,0.0,57.90443980602486,9702,446,12,largest_lambda_within_one_standard_error_then_fewer_terms_then_larger_lambda
-15.0,-4.0,quiet,n,-0.195742770999824,57.90443980602486,9702,446,12,largest_lambda_within_one_standard_error_then_fewer_terms_then_larger_lambda
-15.0,-4.0,quiet,Pdyn,-1.245592904309551,57.90443980602486,9702,446,12,largest_lambda_within_one_standard_error_then_fewer_terms_then_larger_lambda
-15.0,-4.0,quiet,Dst_star,0.0,57.90443980602486,9702,446,12,largest_lambda_within_one_standard_error_then_fewer_terms_then_larger_lambda
-15.0,-4.0,quiet,V^2,6.248133037750034e-6,57.90443980602486,9702,446,12,largest_lambda_within_one_standard_error_then_fewer_terms_then_larger_lambda
-15.0,-4.0,quiet,Bs^2,0.0,57.90443980602486,9702,446,12,largest_lambda_within_one_standard_error_then_fewer_terms_then_larger_lambda
-15.0,-4.0,quiet,n^2,0.0,57.90443980602486,9702,446,12,largest_lambda_within_one_standard_error_then_fewer_terms_then_larger_lambda
-15.0,-4.0,quiet,V*Bs,0.0,57.90443980602486,9702,446,12,largest_lambda_within_one_standard_error_then_fewer_terms_then_larger_lambda
-15.0,-4.0,quiet,n*V,0.0012246334584671606,57.90443980602486,9702,446,12,largest_lambda_within_one_standard_error_then_fewer_terms_then_larger_lambda
-15.0,-4.0,quiet,n*Bs,0.03148611413097942,57.90443980602486,9702,446,12,largest_lambda_within_one_standard_error_then_fewer_terms_then_larger_lambda
-15.0,-4.0,quiet,Pdyn*Bs,0.22331708333313738,57.90443980602486,9702,446,12,largest_lambda_within_one_standard_error_then_fewer_terms_then_larger_lambda
-15.0,-4.0,quiet,n*V*Bs,-0.0002632102461994982,57.90443980602486,9702,446,12,largest_lambda_within_one_standard_error_then_fewer_terms_then_larger_lambda
-15.0,-4.0,quiet,sin(θ_c/2),0.0,57.90443980602486,9702,446,12,largest_lambda_within_one_standard_error_then_fewer_terms_then_larger_lambda
-15.0,-4.0,quiet,sin²(θ_c/2),2.82262131247531,57.90443980602486,9702,446,12,largest_lambda_within_one_standard_error_then_fewer_terms_then_larger_lambda
-15.0,-4.0,quiet,sin⁴(θ_c/2),0.0,57.90443980602486,9702,446,12,largest_lambda_within_one_standard_error_then_fewer_terms_then_larger_lambda
-15.0,-4.0,quiet,sin^(8/3)(θ_c/2),-1.8584052460879508,57.90443980602486,9702,446,12,largest_lambda_within_one_standard_error_then_fewer_terms_then_larger_lambda
-15.0,-4.0,quiet,V*sin²(θ_c/2),0.0,57.90443980602486,9702,446,12,largest_lambda_within_one_standard_error_then_fewer_terms_then_larger_lambda
-15.0,-4.0,quiet,Newell_d_Φ,-0.0003707562310039444,57.90443980602486,9702,446,12,largest_lambda_within_one_standard_error_then_fewer_terms_then_larger_lambda
-15.0,-4.0,main,1,0.0,57.90443980602486,3606,457,17,largest_lambda_within_one_standard_error_then_fewer_terms_then_larger_lambda
-15.0,-4.0,main,V,0.0,57.90443980602486,3606,457,17,largest_lambda_within_one_standard_error_then_fewer_terms_then_larger_lambda
-15.0,-4.0,main,Bs,-0.499282670327806,57.90443980602486,3606,457,17,largest_lambda_within_one_standard_error_then_fewer_terms_then_larger_lambda
-15.0,-4.0,main,n,-0.14187952640713347,57.90443980602486,3606,457,17,largest_lambda_within_one_standard_error_then_fewer_terms_then_larger_lambda
-15.0,-4.0,main,Pdyn,-0.19939219362597654,57.90443980602486,3606,457,17,largest_lambda_within_one_standard_error_then_fewer_terms_then_larger_lambda
-15.0,-4.0,main,Dst_star,-0.0202691428441685,57.90443980602486,3606,457,17,largest_lambda_within_one_standard_error_then_fewer_terms_then_larger_lambda
-15.0,-4.0,main,V^2,-9.465961020091739e-6,57.90443980602486,3606,457,17,largest_lambda_within_one_standard_error_then_fewer_terms_then_larger_lambda
-15.0,-4.0,main,Bs^2,-0.013531949250969769,57.90443980602486,3606,457,17,largest_lambda_within_one_standard_error_then_fewer_terms_then_larger_lambda
-15.0,-4.0,main,n^2,0.002215149229936659,57.90443980602486,3606,457,17,largest_lambda_within_one_standard_error_then_fewer_terms_then_larger_lambda
-15.0,-4.0,main,V*Bs,0.0007557756097771913,57.90443980602486,3606,457,17,largest_lambda_within_one_standard_error_then_fewer_terms_then_larger_lambda
-15.0,-4.0,main,n*V,0.0,57.90443980602486,3606,457,17,largest_lambda_within_one_standard_error_then_fewer_terms_then_larger_lambda
-15.0,-4.0,main,n*Bs,0.060366427924270785,57.90443980602486,3606,457,17,largest_lambda_within_one_standard_error_then_fewer_terms_then_larger_lambda
-15.0,-4.0,main,Pdyn*Bs,0.07954206311835449,57.90443980602486,3606,457,17,largest_lambda_within_one_standard_error_then_fewer_terms_then_larger_lambda
-15.0,-4.0,main,n*V*Bs,-0.00020607198286610214,57.90443980602486,3606,457,17,largest_lambda_within_one_standard_error_then_fewer_terms_then_larger_lambda
-15.0,-4.0,main,sin(θ_c/2),-19.84877027163089,57.90443980602486,3606,457,17,largest_lambda_within_one_standard_error_then_fewer_terms_then_larger_lambda
-15.0,-4.0,main,sin²(θ_c/2),46.69412176698677,57.90443980602486,3606,457,17,largest_lambda_within_one_standard_error_then_fewer_terms_then_larger_lambda
-15.0,-4.0,main,sin⁴(θ_c/2),1.5007550294387364,57.90443980602486,3606,457,17,largest_lambda_within_one_standard_error_then_fewer_terms_then_larger_lambda
-15.0,-4.0,main,sin^(8/3)(θ_c/2),-30.934479139529973,57.90443980602486,3606,457,17,largest_lambda_within_one_standard_error_then_fewer_terms_then_larger_lambda
-15.0,-4.0,main,V*sin²(θ_c/2),0.007910314492354754,57.90443980602486,3606,457,17,largest_lambda_within_one_standard_error_then_fewer_terms_then_larger_lambda
-15.0,-4.0,main,Newell_d_Φ,-0.0002019939911082214,57.90443980602486,3606,457,17,largest_lambda_within_one_standard_error_then_fewer_terms_then_larger_lambda
-15.0,-4.0,recovery,1,1.2449102704927264,57.90443980602486,33627,483,14,largest_lambda_within_one_standard_error_then_fewer_terms_then_larger_lambda
-15.0,-4.0,recovery,V,-0.005105534104976475,57.90443980602486,33627,483,14,largest_lambda_within_one_standard_error_then_fewer_terms_then_larger_lambda
-15.0,-4.0,recovery,Bs,-0.5364060598240614,57.90443980602486,33627,483,14,largest_lambda_within_one_standard_error_then_fewer_terms_then_larger_lambda
-15.0,-4.0,recovery,n,0.0,57.90443980602486,33627,483,14,largest_lambda_within_one_standard_error_then_fewer_terms_then_larger_lambda
-15.0,-4.0,recovery,Pdyn,-0.21655148576189698,57.90443980602486,33627,483,14,largest_lambda_within_one_standard_error_then_fewer_terms_then_larger_lambda
-15.0,-4.0,recovery,Dst_star,-0.05769531686887644,57.90443980602486,33627,483,14,largest_lambda_within_one_standard_error_then_fewer_terms_then_larger_lambda
-15.0,-4.0,recovery,V^2,2.6292975619114607e-6,57.90443980602486,33627,483,14,largest_lambda_within_one_standard_error_then_fewer_terms_then_larger_lambda
-15.0,-4.0,recovery,Bs^2,0.0,57.90443980602486,33627,483,14,largest_lambda_within_one_standard_error_then_fewer_terms_then_larger_lambda
-15.0,-4.0,recovery,n^2,0.0,57.90443980602486,33627,483,14,largest_lambda_within_one_standard_error_then_fewer_terms_then_larger_lambda
-15.0,-4.0,recovery,V*Bs,0.0003885827357038409,57.90443980602486,33627,483,14,largest_lambda_within_one_standard_error_then_fewer_terms_then_larger_lambda
-15.0,-4.0,recovery,n*V,0.00015823999664084918,57.90443980602486,33627,483,14,largest_lambda_within_one_standard_error_then_fewer_terms_then_larger_lambda
-15.0,-4.0,recovery,n*Bs,0.018851296546638405,57.90443980602486,33627,483,14,largest_lambda_within_one_standard_error_then_fewer_terms_then_larger_lambda
-15.0,-4.0,recovery,Pdyn*Bs,0.0,57.90443980602486,33627,483,14,largest_lambda_within_one_standard_error_then_fewer_terms_then_larger_lambda
-15.0,-4.0,recovery,n*V*Bs,-5.273457920711074e-5,57.90443980602486,33627,483,14,largest_lambda_within_one_standard_error_then_fewer_terms_then_larger_lambda
-15.0,-4.0,recovery,sin(θ_c/2),1.7630548610300376,57.90443980602486,33627,483,14,largest_lambda_within_one_standard_error_then_fewer_terms_then_larger_lambda
-15.0,-4.0,recovery,sin²(θ_c/2),-5.248226517950277,57.90443980602486,33627,483,14,largest_lambda_within_one_standard_error_then_fewer_terms_then_larger_lambda
-15.0,-4.0,recovery,sin⁴(θ_c/2),0.908556590282853,57.90443980602486,33627,483,14,largest_lambda_within_one_standard_error_then_fewer_terms_then_larger_lambda
-15.0,-4.0,recovery,sin^(8/3)(θ_c/2),2.2654761072870855,57.90443980602486,33627,483,14,largest_lambda_within_one_standard_error_then_fewer_terms_then_larger_lambda
-15.0,-4.0,recovery,V*sin²(θ_c/2),0.0,57.90443980602486,33627,483,14,largest_lambda_within_one_standard_error_then_fewer_terms_then_larger_lambda
-15.0,-4.0,recovery,Newell_d_Φ,0.0,57.90443980602486,33627,483,14,largest_lambda_within_one_standard_error_then_fewer_terms_then_larger_lambda
-15.0,-3.0,quiet,1,0.7894629147376625,73.18242219076174,9702,446,12,largest_lambda_within_one_standard_error_then_fewer_terms_then_larger_lambda
-15.0,-3.0,quiet,V,-0.002524472207015958,73.18242219076174,9702,446,12,largest_lambda_within_one_standard_error_then_fewer_terms_then_larger_lambda
-15.0,-3.0,quiet,Bs,0.0,73.18242219076174,9702,446,12,largest_lambda_within_one_standard_error_then_fewer_terms_then_larger_lambda
-15.0,-3.0,quiet,n,-0.195742770999824,73.18242219076174,9702,446,12,largest_lambda_within_one_standard_error_then_fewer_terms_then_larger_lambda
-15.0,-3.0,quiet,Pdyn,-1.245592904309551,73.18242219076174,9702,446,12,largest_lambda_within_one_standard_error_then_fewer_terms_then_larger_lambda
-15.0,-3.0,quiet,Dst_star,0.0,73.18242219076174,9702,446,12,largest_lambda_within_one_standard_error_then_fewer_terms_then_larger_lambda
-15.0,-3.0,quiet,V^2,6.248133037750034e-6,73.18242219076174,9702,446,12,largest_lambda_within_one_standard_error_then_fewer_terms_then_larger_lambda
-15.0,-3.0,quiet,Bs^2,0.0,73.18242219076174,9702,446,12,largest_lambda_within_one_standard_error_then_fewer_terms_then_larger_lambda
-15.0,-3.0,quiet,n^2,0.0,73.18242219076174,9702,446,12,largest_lambda_within_one_standard_error_then_fewer_terms_then_larger_lambda
-15.0,-3.0,quiet,V*Bs,0.0,73.18242219076174,9702,446,12,largest_lambda_within_one_standard_error_then_fewer_terms_then_larger_lambda
-15.0,-3.0,quiet,n*V,0.0012246334584671606,73.18242219076174,9702,446,12,largest_lambda_within_one_standard_error_then_fewer_terms_then_larger_lambda
-15.0,-3.0,quiet,n*Bs,0.03148611413097942,73.18242219076174,9702,446,12,largest_lambda_within_one_standard_error_then_fewer_terms_then_larger_lambda
-15.0,-3.0,quiet,Pdyn*Bs,0.22331708333313738,73.18242219076174,9702,446,12,largest_lambda_within_one_standard_error_then_fewer_terms_then_larger_lambda
-15.0,-3.0,quiet,n*V*Bs,-0.0002632102461994982,73.18242219076174,9702,446,12,largest_lambda_within_one_standard_error_then_fewer_terms_then_larger_lambda
-15.0,-3.0,quiet,sin(θ_c/2),0.0,73.18242219076174,9702,446,12,largest_lambda_within_one_standard_error_then_fewer_terms_then_larger_lambda
-15.0,-3.0,quiet,sin²(θ_c/2),2.82262131247531,73.18242219076174,9702,446,12,largest_lambda_within_one_standard_error_then_fewer_terms_then_larger_lambda
-15.0,-3.0,quiet,sin⁴(θ_c/2),0.0,73.18242219076174,9702,446,12,largest_lambda_within_one_standard_error_then_fewer_terms_then_larger_lambda
-15.0,-3.0,quiet,sin^(8/3)(θ_c/2),-1.8584052460879508,73.18242219076174,9702,446,12,largest_lambda_within_one_standard_error_then_fewer_terms_then_larger_lambda
-15.0,-3.0,quiet,V*sin²(θ_c/2),0.0,73.18242219076174,9702,446,12,largest_lambda_within_one_standard_error_then_fewer_terms_then_larger_lambda
-15.0,-3.0,quiet,Newell_d_Φ,-0.0003707562310039444,73.18242219076174,9702,446,12,largest_lambda_within_one_standard_error_then_fewer_terms_then_larger_lambda
-15.0,-3.0,main,1,-3.5571940993827167,73.18242219076174,4840,470,17,largest_lambda_within_one_standard_error_then_fewer_terms_then_larger_lambda
-15.0,-3.0,main,V,0.007553164712197676,73.18242219076174,4840,470,17,largest_lambda_within_one_standard_error_then_fewer_terms_then_larger_lambda
-15.0,-3.0,main,Bs,-0.4530042572432925,73.18242219076174,4840,470,17,largest_lambda_within_one_standard_error_then_fewer_terms_then_larger_lambda
-15.0,-3.0,main,n,0.0,73.18242219076174,4840,470,17,largest_lambda_within_one_standard_error_then_fewer_terms_then_larger_lambda
-15.0,-3.0,main,Pdyn,-0.2960019518458665,73.18242219076174,4840,470,17,largest_lambda_within_one_standard_error_then_fewer_terms_then_larger_lambda
-15.0,-3.0,main,Dst_star,-0.021187887575581838,73.18242219076174,4840,470,17,largest_lambda_within_one_standard_error_then_fewer_terms_then_larger_lambda
-15.0,-3.0,main,V^2,-1.1227185900838425e-5,73.18242219076174,4840,470,17,largest_lambda_within_one_standard_error_then_fewer_terms_then_larger_lambda
-15.0,-3.0,main,Bs^2,-0.013589114490573975,73.18242219076174,4840,470,17,largest_lambda_within_one_standard_error_then_fewer_terms_then_larger_lambda
-15.0,-3.0,main,n^2,0.0,73.18242219076174,4840,470,17,largest_lambda_within_one_standard_error_then_fewer_terms_then_larger_lambda
-15.0,-3.0,main,V*Bs,0.0007919951577703743,73.18242219076174,4840,470,17,largest_lambda_within_one_standard_error_then_fewer_terms_then_larger_lambda
-15.0,-3.0,main,n*V,0.0,73.18242219076174,4840,470,17,largest_lambda_within_one_standard_error_then_fewer_terms_then_larger_lambda
-15.0,-3.0,main,n*Bs,0.06306128154668533,73.18242219076174,4840,470,17,largest_lambda_within_one_standard_error_then_fewer_terms_then_larger_lambda
-15.0,-3.0,main,Pdyn*Bs,0.09446070812757322,73.18242219076174,4840,470,17,largest_lambda_within_one_standard_error_then_fewer_terms_then_larger_lambda
-15.0,-3.0,main,n*V*Bs,-0.00022921925535802356,73.18242219076174,4840,470,17,largest_lambda_within_one_standard_error_then_fewer_terms_then_larger_lambda
-15.0,-3.0,main,sin(θ_c/2),-18.325745408283574,73.18242219076174,4840,470,17,largest_lambda_within_one_standard_error_then_fewer_terms_then_larger_lambda
-15.0,-3.0,main,sin²(θ_c/2),46.484762557487414,73.18242219076174,4840,470,17,largest_lambda_within_one_standard_error_then_fewer_terms_then_larger_lambda
-15.0,-3.0,main,sin⁴(θ_c/2),1.6825094003608916,73.18242219076174,4840,470,17,largest_lambda_within_one_standard_error_then_fewer_terms_then_larger_lambda
-15.0,-3.0,main,sin^(8/3)(θ_c/2),-31.022964735319793,73.18242219076174,4840,470,17,largest_lambda_within_one_standard_error_then_fewer_terms_then_larger_lambda
-15.0,-3.0,main,V*sin²(θ_c/2),0.006451755214816118,73.18242219076174,4840,470,17,largest_lambda_within_one_standard_error_then_fewer_terms_then_larger_lambda
-15.0,-3.0,main,Newell_d_Φ,-0.00025768866427873006,73.18242219076174,4840,470,17,largest_lambda_within_one_standard_error_then_fewer_terms_then_larger_lambda
-15.0,-3.0,recovery,1,1.08214520158224,73.18242219076174,32393,483,10,largest_lambda_within_one_standard_error_then_fewer_terms_then_larger_lambda
-15.0,-3.0,recovery,V,-0.004823432044508187,73.18242219076174,32393,483,10,largest_lambda_within_one_standard_error_then_fewer_terms_then_larger_lambda
-15.0,-3.0,recovery,Bs,-0.3421015403458618,73.18242219076174,32393,483,10,largest_lambda_within_one_standard_error_then_fewer_terms_then_larger_lambda
-15.0,-3.0,recovery,n,0.0,73.18242219076174,32393,483,10,largest_lambda_within_one_standard_error_then_fewer_terms_then_larger_lambda
-15.0,-3.0,recovery,Pdyn,-0.22400139268556646,73.18242219076174,32393,483,10,largest_lambda_within_one_standard_error_then_fewer_terms_then_larger_lambda
-15.0,-3.0,recovery,Dst_star,-0.05708124636523821,73.18242219076174,32393,483,10,largest_lambda_within_one_standard_error_then_fewer_terms_then_larger_lambda
-15.0,-3.0,recovery,V^2,2.8519540311932258e-6,73.18242219076174,32393,483,10,largest_lambda_within_one_standard_error_then_fewer_terms_then_larger_lambda
-15.0,-3.0,recovery,Bs^2,0.0,73.18242219076174,32393,483,10,largest_lambda_within_one_standard_error_then_fewer_terms_then_larger_lambda
-15.0,-3.0,recovery,n^2,0.0,73.18242219076174,32393,483,10,largest_lambda_within_one_standard_error_then_fewer_terms_then_larger_lambda
-15.0,-3.0,recovery,V*Bs,0.0,73.18242219076174,32393,483,10,largest_lambda_within_one_standard_error_then_fewer_terms_then_larger_lambda
-15.0,-3.0,recovery,n*V,0.0001832965945064132,73.18242219076174,32393,483,10,largest_lambda_within_one_standard_error_then_fewer_terms_then_larger_lambda
-15.0,-3.0,recovery,n*Bs,0.0,73.18242219076174,32393,483,10,largest_lambda_within_one_standard_error_then_fewer_terms_then_larger_lambda
-15.0,-3.0,recovery,Pdyn*Bs,0.0,73.18242219076174,32393,483,10,largest_lambda_within_one_standard_error_then_fewer_terms_then_larger_lambda
-15.0,-3.0,recovery,n*V*Bs,0.0,73.18242219076174,32393,483,10,largest_lambda_within_one_standard_error_then_fewer_terms_then_larger_lambda
-15.0,-3.0,recovery,sin(θ_c/2),0.8556216704262317,73.18242219076174,32393,483,10,largest_lambda_within_one_standard_error_then_fewer_terms_then_larger_lambda
-15.0,-3.0,recovery,sin²(θ_c/2),0.0,73.18242219076174,32393,483,10,largest_lambda_within_one_standard_error_then_fewer_terms_then_larger_lambda
-15.0,-3.0,recovery,sin⁴(θ_c/2),2.905224284925276,73.18242219076174,32393,483,10,largest_lambda_within_one_standard_error_then_fewer_terms_then_larger_lambda
-15.0,-3.0,recovery,sin^(8/3)(θ_c/2),-4.019771291522757,73.18242219076174,32393,483,10,largest_lambda_within_one_standard_error_then_fewer_terms_then_larger_lambda
-15.0,-3.0,recovery,V*sin²(θ_c/2),0.0,73.18242219076174,32393,483,10,largest_lambda_within_one_standard_error_then_fewer_terms_then_larger_lambda
-15.0,-3.0,recovery,Newell_d_Φ,0.0,73.18242219076174,32393,483,10,largest_lambda_within_one_standard_error_then_fewer_terms_then_larger_lambda
-15.0,-2.0,quiet,1,0.7894629147376625,73.18242219076174,9702,446,12,largest_lambda_within_one_standard_error_then_fewer_terms_then_larger_lambda
-15.0,-2.0,quiet,V,-0.002524472207015958,73.18242219076174,9702,446,12,largest_lambda_within_one_standard_error_then_fewer_terms_then_larger_lambda
-15.0,-2.0,quiet,Bs,0.0,73.18242219076174,9702,446,12,largest_lambda_within_one_standard_error_then_fewer_terms_then_larger_lambda
-15.0,-2.0,quiet,n,-0.195742770999824,73.18242219076174,9702,446,12,largest_lambda_within_one_standard_error_then_fewer_terms_then_larger_lambda
-15.0,-2.0,quiet,Pdyn,-1.245592904309551,73.18242219076174,9702,446,12,largest_lambda_within_one_standard_error_then_fewer_terms_then_larger_lambda
-15.0,-2.0,quiet,Dst_star,0.0,73.18242219076174,9702,446,12,largest_lambda_within_one_standard_error_then_fewer_terms_then_larger_lambda
-15.0,-2.0,quiet,V^2,6.248133037750034e-6,73.18242219076174,9702,446,12,largest_lambda_within_one_standard_error_then_fewer_terms_then_larger_lambda
-15.0,-2.0,quiet,Bs^2,0.0,73.18242219076174,9702,446,12,largest_lambda_within_one_standard_error_then_fewer_terms_then_larger_lambda
-15.0,-2.0,quiet,n^2,0.0,73.18242219076174,9702,446,12,largest_lambda_within_one_standard_error_then_fewer_terms_then_larger_lambda
-15.0,-2.0,quiet,V*Bs,0.0,73.18242219076174,9702,446,12,largest_lambda_within_one_standard_error_then_fewer_terms_then_larger_lambda
-15.0,-2.0,quiet,n*V,0.0012246334584671606,73.18242219076174,9702,446,12,largest_lambda_within_one_standard_error_then_fewer_terms_then_larger_lambda
-15.0,-2.0,quiet,n*Bs,0.03148611413097942,73.18242219076174,9702,446,12,largest_lambda_within_one_standard_error_then_fewer_terms_then_larger_lambda
-15.0,-2.0,quiet,Pdyn*Bs,0.22331708333313738,73.18242219076174,9702,446,12,largest_lambda_within_one_standard_error_then_fewer_terms_then_larger_lambda
-15.0,-2.0,quiet,n*V*Bs,-0.0002632102461994982,73.18242219076174,9702,446,12,largest_lambda_within_one_standard_error_then_fewer_terms_then_larger_lambda
-15.0,-2.0,quiet,sin(θ_c/2),0.0,73.18242219076174,9702,446,12,largest_lambda_within_one_standard_error_then_fewer_terms_then_larger_lambda
-15.0,-2.0,quiet,sin²(θ_c/2),2.82262131247531,73.18242219076174,9702,446,12,largest_lambda_within_one_standard_error_then_fewer_terms_then_larger_lambda
-15.0,-2.0,quiet,sin⁴(θ_c/2),0.0,73.18242219076174,9702,446,12,largest_lambda_within_one_standard_error_then_fewer_terms_then_larger_lambda
-15.0,-2.0,quiet,sin^(8/3)(θ_c/2),-1.8584052460879508,73.18242219076174,9702,446,12,largest_lambda_within_one_standard_error_then_fewer_terms_then_larger_lambda
-15.0,-2.0,quiet,V*sin²(θ_c/2),0.0,73.18242219076174,9702,446,12,largest_lambda_within_one_standard_error_then_fewer_terms_then_larger_lambda
-15.0,-2.0,quiet,Newell_d_Φ,-0.0003707562310039444,73.18242219076174,9702,446,12,largest_lambda_within_one_standard_error_then_fewer_terms_then_larger_lambda
-15.0,-2.0,main,1,-3.8961188090924797,73.18242219076174,6858,480,17,largest_lambda_within_one_standard_error_then_fewer_terms_then_larger_lambda
-15.0,-2.0,main,V,0.007905993708211394,73.18242219076174,6858,480,17,largest_lambda_within_one_standard_error_then_fewer_terms_then_larger_lambda
-15.0,-2.0,main,Bs,-0.4053393131160787,73.18242219076174,6858,480,17,largest_lambda_within_one_standard_error_then_fewer_terms_then_larger_lambda
-15.0,-2.0,main,n,0.0,73.18242219076174,6858,480,17,largest_lambda_within_one_standard_error_then_fewer_terms_then_larger_lambda
-15.0,-2.0,main,Pdyn,-0.3509747192833148,73.18242219076174,6858,480,17,largest_lambda_within_one_standard_error_then_fewer_terms_then_larger_lambda
-15.0,-2.0,main,Dst_star,-0.022423251609662468,73.18242219076174,6858,480,17,largest_lambda_within_one_standard_error_then_fewer_terms_then_larger_lambda
-15.0,-2.0,main,V^2,-9.645685289026543e-6,73.18242219076174,6858,480,17,largest_lambda_within_one_standard_error_then_fewer_terms_then_larger_lambda
-15.0,-2.0,main,Bs^2,-0.013991110340088413,73.18242219076174,6858,480,17,largest_lambda_within_one_standard_error_then_fewer_terms_then_larger_lambda
-15.0,-2.0,main,n^2,0.0,73.18242219076174,6858,480,17,largest_lambda_within_one_standard_error_then_fewer_terms_then_larger_lambda
-15.0,-2.0,main,V*Bs,0.0007334393816231228,73.18242219076174,6858,480,17,largest_lambda_within_one_standard_error_then_fewer_terms_then_larger_lambda
-15.0,-2.0,main,n*V,0.0,73.18242219076174,6858,480,17,largest_lambda_within_one_standard_error_then_fewer_terms_then_larger_lambda
-15.0,-2.0,main,n*Bs,0.06262291010842647,73.18242219076174,6858,480,17,largest_lambda_within_one_standard_error_then_fewer_terms_then_larger_lambda
-15.0,-2.0,main,Pdyn*Bs,0.09836769882357689,73.18242219076174,6858,480,17,largest_lambda_within_one_standard_error_then_fewer_terms_then_larger_lambda
-15.0,-2.0,main,n*V*Bs,-0.00023058968813908102,73.18242219076174,6858,480,17,largest_lambda_within_one_standard_error_then_fewer_terms_then_larger_lambda
-15.0,-2.0,main,sin(θ_c/2),-3.881973727030071,73.18242219076174,6858,480,17,largest_lambda_within_one_standard_error_then_fewer_terms_then_larger_lambda
-15.0,-2.0,main,sin²(θ_c/2),-8.178815560930179,73.18242219076174,6858,480,17,largest_lambda_within_one_standard_error_then_fewer_terms_then_larger_lambda
-15.0,-2.0,main,sin⁴(θ_c/2),-11.25657529541533,73.18242219076174,6858,480,17,largest_lambda_within_one_standard_error_then_fewer_terms_then_larger_lambda
-15.0,-2.0,main,sin^(8/3)(θ_c/2),23.16493400940312,73.18242219076174,6858,480,17,largest_lambda_within_one_standard_error_then_fewer_terms_then_larger_lambda
-15.0,-2.0,main,V*sin²(θ_c/2),0.00537568151770125,73.18242219076174,6858,480,17,largest_lambda_within_one_standard_error_then_fewer_terms_then_larger_lambda
-15.0,-2.0,main,Newell_d_Φ,-0.00027810133150853986,73.18242219076174,6858,480,17,largest_lambda_within_one_standard_error_then_fewer_terms_then_larger_lambda
-15.0,-2.0,recovery,1,1.6170379528858827,73.18242219076174,30375,483,8,largest_lambda_within_one_standard_error_then_fewer_terms_then_larger_lambda
-15.0,-2.0,recovery,V,-0.005728388328339528,73.18242219076174,30375,483,8,largest_lambda_within_one_standard_error_then_fewer_terms_then_larger_lambda
-15.0,-2.0,recovery,Bs,-0.28014315738555523,73.18242219076174,30375,483,8,largest_lambda_within_one_standard_error_then_fewer_terms_then_larger_lambda
-15.0,-2.0,recovery,n,0.0,73.18242219076174,30375,483,8,largest_lambda_within_one_standard_error_then_fewer_terms_then_larger_lambda
-15.0,-2.0,recovery,Pdyn,0.0,73.18242219076174,30375,483,8,largest_lambda_within_one_standard_error_then_fewer_terms_then_larger_lambda
-15.0,-2.0,recovery,Dst_star,-0.05597810046804747,73.18242219076174,30375,483,8,largest_lambda_within_one_standard_error_then_fewer_terms_then_larger_lambda
-15.0,-2.0,recovery,V^2,3.0027280262080257e-6,73.18242219076174,30375,483,8,largest_lambda_within_one_standard_error_then_fewer_terms_then_larger_lambda
-15.0,-2.0,recovery,Bs^2,0.0,73.18242219076174,30375,483,8,largest_lambda_within_one_standard_error_then_fewer_terms_then_larger_lambda
-15.0,-2.0,recovery,n^2,0.0,73.18242219076174,30375,483,8,largest_lambda_within_one_standard_error_then_fewer_terms_then_larger_lambda
-15.0,-2.0,recovery,V*Bs,0.0,73.18242219076174,30375,483,8,largest_lambda_within_one_standard_error_then_fewer_terms_then_larger_lambda
-15.0,-2.0,recovery,n*V,0.0,73.18242219076174,30375,483,8,largest_lambda_within_one_standard_error_then_fewer_terms_then_larger_lambda
-15.0,-2.0,recovery,n*Bs,0.0,73.18242219076174,30375,483,8,largest_lambda_within_one_standard_error_then_fewer_terms_then_larger_lambda
-15.0,-2.0,recovery,Pdyn*Bs,0.0,73.18242219076174,30375,483,8,largest_lambda_within_one_standard_error_then_fewer_terms_then_larger_lambda
-15.0,-2.0,recovery,n*V*Bs,0.0,73.18242219076174,30375,483,8,largest_lambda_within_one_standard_error_then_fewer_terms_then_larger_lambda
-15.0,-2.0,recovery,sin(θ_c/2),0.7811757857052266,73.18242219076174,30375,483,8,largest_lambda_within_one_standard_error_then_fewer_terms_then_larger_lambda
-15.0,-2.0,recovery,sin²(θ_c/2),0.0,73.18242219076174,30375,483,8,largest_lambda_within_one_standard_error_then_fewer_terms_then_larger_lambda
-15.0,-2.0,recovery,sin⁴(θ_c/2),2.6035391360158773,73.18242219076174,30375,483,8,largest_lambda_within_one_standard_error_then_fewer_terms_then_larger_lambda
-15.0,-2.0,recovery,sin^(8/3)(θ_c/2),-3.6607177065605407,73.18242219076174,30375,483,8,largest_lambda_within_one_standard_error_then_fewer_terms_then_larger_lambda
-15.0,-2.0,recovery,V*sin²(θ_c/2),0.0,73.18242219076174,30375,483,8,largest_lambda_within_one_standard_error_then_fewer_terms_then_larger_lambda
-15.0,-2.0,recovery,Newell_d_Φ,0.0,73.18242219076174,30375,483,8,largest_lambda_within_one_standard_error_then_fewer_terms_then_larger_lambda
-15.0,-1.0,quiet,1,0.0,92.49147277217335,9702,446,3,largest_lambda_within_one_standard_error_then_fewer_terms_then_larger_lambda
-15.0,-1.0,quiet,V,0.0,92.49147277217335,9702,446,3,largest_lambda_within_one_standard_error_then_fewer_terms_then_larger_lambda
-15.0,-1.0,quiet,Bs,0.0,92.49147277217335,9702,446,3,largest_lambda_within_one_standard_error_then_fewer_terms_then_larger_lambda
-15.0,-1.0,quiet,n,0.0,92.49147277217335,9702,446,3,largest_lambda_within_one_standard_error_then_fewer_terms_then_larger_lambda
-15.0,-1.0,quiet,Pdyn,-0.620905160545809,92.49147277217335,9702,446,3,largest_lambda_within_one_standard_error_then_fewer_terms_then_larger_lambda
-15.0,-1.0,quiet,Dst_star,0.0,92.49147277217335,9702,446,3,largest_lambda_within_one_standard_error_then_fewer_terms_then_larger_lambda
-15.0,-1.0,quiet,V^2,0.0,92.49147277217335,9702,446,3,largest_lambda_within_one_standard_error_then_fewer_terms_then_larger_lambda
-15.0,-1.0,quiet,Bs^2,0.0,92.49147277217335,9702,446,3,largest_lambda_within_one_standard_error_then_fewer_terms_then_larger_lambda
-15.0,-1.0,quiet,n^2,0.0,92.49147277217335,9702,446,3,largest_lambda_within_one_standard_error_then_fewer_terms_then_larger_lambda
-15.0,-1.0,quiet,V*Bs,0.0,92.49147277217335,9702,446,3,largest_lambda_within_one_standard_error_then_fewer_terms_then_larger_lambda
-15.0,-1.0,quiet,n*V,0.0003829491872393475,92.49147277217335,9702,446,3,largest_lambda_within_one_standard_error_then_fewer_terms_then_larger_lambda
-15.0,-1.0,quiet,n*Bs,0.0,92.49147277217335,9702,446,3,largest_lambda_within_one_standard_error_then_fewer_terms_then_larger_lambda
-15.0,-1.0,quiet,Pdyn*Bs,0.0,92.49147277217335,9702,446,3,largest_lambda_within_one_standard_error_then_fewer_terms_then_larger_lambda
-15.0,-1.0,quiet,n*V*Bs,-8.159967860428198e-5,92.49147277217335,9702,446,3,largest_lambda_within_one_standard_error_then_fewer_terms_then_larger_lambda
-15.0,-1.0,quiet,sin(θ_c/2),0.0,92.49147277217335,9702,446,3,largest_lambda_within_one_standard_error_then_fewer_terms_then_larger_lambda
-15.0,-1.0,quiet,sin²(θ_c/2),0.0,92.49147277217335,9702,446,3,largest_lambda_within_one_standard_error_then_fewer_terms_then_larger_lambda
-15.0,-1.0,quiet,sin⁴(θ_c/2),0.0,92.49147277217335,9702,446,3,largest_lambda_within_one_standard_error_then_fewer_terms_then_larger_lambda
-15.0,-1.0,quiet,sin^(8/3)(θ_c/2),0.0,92.49147277217335,9702,446,3,largest_lambda_within_one_standard_error_then_fewer_terms_then_larger_lambda
-15.0,-1.0,quiet,V*sin²(θ_c/2),0.0,92.49147277217335,9702,446,3,largest_lambda_within_one_standard_error_then_fewer_terms_then_larger_lambda
-15.0,-1.0,quiet,Newell_d_Φ,0.0,92.49147277217335,9702,446,3,largest_lambda_within_one_standard_error_then_fewer_terms_then_larger_lambda
-15.0,-1.0,main,1,-2.6611130112604506,92.49147277217335,10287,482,16,largest_lambda_within_one_standard_error_then_fewer_terms_then_larger_lambda
-15.0,-1.0,main,V,0.005322524413364045,92.49147277217335,10287,482,16,largest_lambda_within_one_standard_error_then_fewer_terms_then_larger_lambda
-15.0,-1.0,main,Bs,-0.45670062322165644,92.49147277217335,10287,482,16,largest_lambda_within_one_standard_error_then_fewer_terms_then_larger_lambda
-15.0,-1.0,main,n,0.0,92.49147277217335,10287,482,16,largest_lambda_within_one_standard_error_then_fewer_terms_then_larger_lambda
-15.0,-1.0,main,Pdyn,-0.39282654989989946,92.49147277217335,10287,482,16,largest_lambda_within_one_standard_error_then_fewer_terms_then_larger_lambda
-15.0,-1.0,main,Dst_star,-0.022984372179249216,92.49147277217335,10287,482,16,largest_lambda_within_one_standard_error_then_fewer_terms_then_larger_lambda
-15.0,-1.0,main,V^2,-6.560275125583315e-6,92.49147277217335,10287,482,16,largest_lambda_within_one_standard_error_then_fewer_terms_then_larger_lambda
-15.0,-1.0,main,Bs^2,-0.01499997664509149,92.49147277217335,10287,482,16,largest_lambda_within_one_standard_error_then_fewer_terms_then_larger_lambda
-15.0,-1.0,main,n^2,0.0,92.49147277217335,10287,482,16,largest_lambda_within_one_standard_error_then_fewer_terms_then_larger_lambda
-15.0,-1.0,main,V*Bs,0.0009007572213000447,92.49147277217335,10287,482,16,largest_lambda_within_one_standard_error_then_fewer_terms_then_larger_lambda
-15.0,-1.0,main,n*V,0.0,92.49147277217335,10287,482,16,largest_lambda_within_one_standard_error_then_fewer_terms_then_larger_lambda
-15.0,-1.0,main,n*Bs,0.05936942431645617,92.49147277217335,10287,482,16,largest_lambda_within_one_standard_error_then_fewer_terms_then_larger_lambda
-15.0,-1.0,main,Pdyn*Bs,0.0909062937278383,92.49147277217335,10287,482,16,largest_lambda_within_one_standard_error_then_fewer_terms_then_larger_lambda
-15.0,-1.0,main,n*V*Bs,-0.00021727929973312077,92.49147277217335,10287,482,16,largest_lambda_within_one_standard_error_then_fewer_terms_then_larger_lambda
-15.0,-1.0,main,sin(θ_c/2),0.0,92.49147277217335,10287,482,16,largest_lambda_within_one_standard_error_then_fewer_terms_then_larger_lambda
-15.0,-1.0,main,sin²(θ_c/2),-16.003558972619107,92.49147277217335,10287,482,16,largest_lambda_within_one_standard_error_then_fewer_terms_then_larger_lambda
-15.0,-1.0,main,sin⁴(θ_c/2),-11.097151928839681,92.49147277217335,10287,482,16,largest_lambda_within_one_standard_error_then_fewer_terms_then_larger_lambda
-15.0,-1.0,main,sin^(8/3)(θ_c/2),27.326178067660106,92.49147277217335,10287,482,16,largest_lambda_within_one_standard_error_then_fewer_terms_then_larger_lambda
-15.0,-1.0,main,V*sin²(θ_c/2),0.004290565000007552,92.49147277217335,10287,482,16,largest_lambda_within_one_standard_error_then_fewer_terms_then_larger_lambda
-15.0,-1.0,main,Newell_d_Φ,-0.0002904775621807713,92.49147277217335,10287,482,16,largest_lambda_within_one_standard_error_then_fewer_terms_then_larger_lambda
-15.0,-1.0,recovery,1,1.7464407087081582,92.49147277217335,26946,483,8,largest_lambda_within_one_standard_error_then_fewer_terms_then_larger_lambda
-15.0,-1.0,recovery,V,-0.0059277849303460296,92.49147277217335,26946,483,8,largest_lambda_within_one_standard_error_then_fewer_terms_then_larger_lambda
-15.0,-1.0,recovery,Bs,0.0,92.49147277217335,26946,483,8,largest_lambda_within_one_standard_error_then_fewer_terms_then_larger_lambda
-15.0,-1.0,recovery,n,-0.13822553530933868,92.49147277217335,26946,483,8,largest_lambda_within_one_standard_error_then_fewer_terms_then_larger_lambda
-15.0,-1.0,recovery,Pdyn,-0.4614703959671878,92.49147277217335,26946,483,8,largest_lambda_within_one_standard_error_then_fewer_terms_then_larger_lambda
-15.0,-1.0,recovery,Dst_star,-0.04836430150810061,92.49147277217335,26946,483,8,largest_lambda_within_one_standard_error_then_fewer_terms_then_larger_lambda
-15.0,-1.0,recovery,V^2,4.683693526425187e-6,92.49147277217335,26946,483,8,largest_lambda_within_one_standard_error_then_fewer_terms_then_larger_lambda
-15.0,-1.0,recovery,Bs^2,0.0,92.49147277217335,26946,483,8,largest_lambda_within_one_standard_error_then_fewer_terms_then_larger_lambda
-15.0,-1.0,recovery,n^2,0.0,92.49147277217335,26946,483,8,largest_lambda_within_one_standard_error_then_fewer_terms_then_larger_lambda
-15.0,-1.0,recovery,V*Bs,0.0,92.49147277217335,26946,483,8,largest_lambda_within_one_standard_error_then_fewer_terms_then_larger_lambda
-15.0,-1.0,recovery,n*V,0.0007208924911808181,92.49147277217335,26946,483,8,largest_lambda_within_one_standard_error_then_fewer_terms_then_larger_lambda
-15.0,-1.0,recovery,n*Bs,0.0,92.49147277217335,26946,483,8,largest_lambda_within_one_standard_error_then_fewer_terms_then_larger_lambda
-15.0,-1.0,recovery,Pdyn*Bs,0.0,92.49147277217335,26946,483,8,largest_lambda_within_one_standard_error_then_fewer_terms_then_larger_lambda
-15.0,-1.0,recovery,n*V*Bs,0.0,92.49147277217335,26946,483,8,largest_lambda_within_one_standard_error_then_fewer_terms_then_larger_lambda
-15.0,-1.0,recovery,sin(θ_c/2),0.0,92.49147277217335,26946,483,8,largest_lambda_within_one_standard_error_then_fewer_terms_then_larger_lambda
-15.0,-1.0,recovery,sin²(θ_c/2),0.0,92.49147277217335,26946,483,8,largest_lambda_within_one_standard_error_then_fewer_terms_then_larger_lambda
-15.0,-1.0,recovery,sin⁴(θ_c/2),0.0,92.49147277217335,26946,483,8,largest_lambda_within_one_standard_error_then_fewer_terms_then_larger_lambda
-15.0,-1.0,recovery,sin^(8/3)(θ_c/2),-1.2912840942534993,92.49147277217335,26946,483,8,largest_lambda_within_one_standard_error_then_fewer_terms_then_larger_lambda
-15.0,-1.0,recovery,V*sin²(θ_c/2),0.0,92.49147277217335,26946,483,8,largest_lambda_within_one_standard_error_then_fewer_terms_then_larger_lambda
-15.0,-1.0,recovery,Newell_d_Φ,0.0,92.49147277217335,26946,483,8,largest_lambda_within_one_standard_error_then_fewer_terms_then_larger_lambda
-15.0,0.0,quiet,1,0.0,92.49147277217335,9702,446,3,largest_lambda_within_one_standard_error_then_fewer_terms_then_larger_lambda
-15.0,0.0,quiet,V,0.0,92.49147277217335,9702,446,3,largest_lambda_within_one_standard_error_then_fewer_terms_then_larger_lambda
-15.0,0.0,quiet,Bs,0.0,92.49147277217335,9702,446,3,largest_lambda_within_one_standard_error_then_fewer_terms_then_larger_lambda
-15.0,0.0,quiet,n,0.0,92.49147277217335,9702,446,3,largest_lambda_within_one_standard_error_then_fewer_terms_then_larger_lambda
-15.0,0.0,quiet,Pdyn,-0.620905160545809,92.49147277217335,9702,446,3,largest_lambda_within_one_standard_error_then_fewer_terms_then_larger_lambda
-15.0,0.0,quiet,Dst_star,0.0,92.49147277217335,9702,446,3,largest_lambda_within_one_standard_error_then_fewer_terms_then_larger_lambda
-15.0,0.0,quiet,V^2,0.0,92.49147277217335,9702,446,3,largest_lambda_within_one_standard_error_then_fewer_terms_then_larger_lambda
-15.0,0.0,quiet,Bs^2,0.0,92.49147277217335,9702,446,3,largest_lambda_within_one_standard_error_then_fewer_terms_then_larger_lambda
-15.0,0.0,quiet,n^2,0.0,92.49147277217335,9702,446,3,largest_lambda_within_one_standard_error_then_fewer_terms_then_larger_lambda
-15.0,0.0,quiet,V*Bs,0.0,92.49147277217335,9702,446,3,largest_lambda_within_one_standard_error_then_fewer_terms_then_larger_lambda
-15.0,0.0,quiet,n*V,0.0003829491872393475,92.49147277217335,9702,446,3,largest_lambda_within_one_standard_error_then_fewer_terms_then_larger_lambda
-15.0,0.0,quiet,n*Bs,0.0,92.49147277217335,9702,446,3,largest_lambda_within_one_standard_error_then_fewer_terms_then_larger_lambda
-15.0,0.0,quiet,Pdyn*Bs,0.0,92.49147277217335,9702,446,3,largest_lambda_within_one_standard_error_then_fewer_terms_then_larger_lambda
-15.0,0.0,quiet,n*V*Bs,-8.159967860428198e-5,92.49147277217335,9702,446,3,largest_lambda_within_one_standard_error_then_fewer_terms_then_larger_lambda
-15.0,0.0,quiet,sin(θ_c/2),0.0,92.49147277217335,9702,446,3,largest_lambda_within_one_standard_error_then_fewer_terms_then_larger_lambda
-15.0,0.0,quiet,sin²(θ_c/2),0.0,92.49147277217335,9702,446,3,largest_lambda_within_one_standard_error_then_fewer_terms_then_larger_lambda
-15.0,0.0,quiet,sin⁴(θ_c/2),0.0,92.49147277217335,9702,446,3,largest_lambda_within_one_standard_error_then_fewer_terms_then_larger_lambda
-15.0,0.0,quiet,sin^(8/3)(θ_c/2),0.0,92.49147277217335,9702,446,3,largest_lambda_within_one_standard_error_then_fewer_terms_then_larger_lambda
-15.0,0.0,quiet,V*sin²(θ_c/2),0.0,92.49147277217335,9702,446,3,largest_lambda_within_one_standard_error_then_fewer_terms_then_larger_lambda
-15.0,0.0,quiet,Newell_d_Φ,0.0,92.49147277217335,9702,446,3,largest_lambda_within_one_standard_error_then_fewer_terms_then_larger_lambda
-15.0,0.0,main,1,-0.8114258483571197,92.49147277217335,15746,482,17,largest_lambda_within_one_standard_error_then_fewer_terms_then_larger_lambda
-15.0,0.0,main,V,0.0024438580905609677,92.49147277217335,15746,482,17,largest_lambda_within_one_standard_error_then_fewer_terms_then_larger_lambda
-15.0,0.0,main,Bs,-0.4248025952624342,92.49147277217335,15746,482,17,largest_lambda_within_one_standard_error_then_fewer_terms_then_larger_lambda
-15.0,0.0,main,n,0.0,92.49147277217335,15746,482,17,largest_lambda_within_one_standard_error_then_fewer_terms_then_larger_lambda
-15.0,0.0,main,Pdyn,-0.4216322299066513,92.49147277217335,15746,482,17,largest_lambda_within_one_standard_error_then_fewer_terms_then_larger_lambda
-15.0,0.0,main,Dst_star,-0.023013178529676003,92.49147277217335,15746,482,17,largest_lambda_within_one_standard_error_then_fewer_terms_then_larger_lambda
-15.0,0.0,main,V^2,-4.3625058951221905e-6,92.49147277217335,15746,482,17,largest_lambda_within_one_standard_error_then_fewer_terms_then_larger_lambda
-15.0,0.0,main,Bs^2,-0.014749318625334918,92.49147277217335,15746,482,17,largest_lambda_within_one_standard_error_then_fewer_terms_then_larger_lambda
-15.0,0.0,main,n^2,0.0,92.49147277217335,15746,482,17,largest_lambda_within_one_standard_error_then_fewer_terms_then_larger_lambda
-15.0,0.0,main,V*Bs,0.0007371845447950915,92.49147277217335,15746,482,17,largest_lambda_within_one_standard_error_then_fewer_terms_then_larger_lambda
-15.0,0.0,main,n*V,0.0,92.49147277217335,15746,482,17,largest_lambda_within_one_standard_error_then_fewer_terms_then_larger_lambda
-15.0,0.0,main,n*Bs,0.054959374121387315,92.49147277217335,15746,482,17,largest_lambda_within_one_standard_error_then_fewer_terms_then_larger_lambda
-15.0,0.0,main,Pdyn*Bs,0.08709472496246172,92.49147277217335,15746,482,17,largest_lambda_within_one_standard_error_then_fewer_terms_then_larger_lambda
-15.0,0.0,main,n*V*Bs,-0.00020498101471487357,92.49147277217335,15746,482,17,largest_lambda_within_one_standard_error_then_fewer_terms_then_larger_lambda
-15.0,0.0,main,sin(θ_c/2),2.8028715283734145,92.49147277217335,15746,482,17,largest_lambda_within_one_standard_error_then_fewer_terms_then_larger_lambda
-15.0,0.0,main,sin²(θ_c/2),-29.30606257172758,92.49147277217335,15746,482,17,largest_lambda_within_one_standard_error_then_fewer_terms_then_larger_lambda
-15.0,0.0,main,sin⁴(θ_c/2),-13.906458061231636,92.49147277217335,15746,482,17,largest_lambda_within_one_standard_error_then_fewer_terms_then_larger_lambda
-15.0,0.0,main,sin^(8/3)(θ_c/2),39.75911122112914,92.49147277217335,15746,482,17,largest_lambda_within_one_standard_error_then_fewer_terms_then_larger_lambda
-15.0,0.0,main,V*sin²(θ_c/2),0.004932200678931406,92.49147277217335,15746,482,17,largest_lambda_within_one_standard_error_then_fewer_terms_then_larger_lambda
-15.0,0.0,main,Newell_d_Φ,-0.0002632845389809504,92.49147277217335,15746,482,17,largest_lambda_within_one_standard_error_then_fewer_terms_then_larger_lambda
-15.0,0.0,recovery,1,0.701441267532745,92.49147277217335,21487,483,3,largest_lambda_within_one_standard_error_then_fewer_terms_then_larger_lambda
-15.0,0.0,recovery,V,-0.0013521355370691582,92.49147277217335,21487,483,3,largest_lambda_within_one_standard_error_then_fewer_terms_then_larger_lambda
-15.0,0.0,recovery,Bs,0.0,92.49147277217335,21487,483,3,largest_lambda_within_one_standard_error_then_fewer_terms_then_larger_lambda
-15.0,0.0,recovery,n,0.0,92.49147277217335,21487,483,3,largest_lambda_within_one_standard_error_then_fewer_terms_then_larger_lambda
-15.0,0.0,recovery,Pdyn,0.0,92.49147277217335,21487,483,3,largest_lambda_within_one_standard_error_then_fewer_terms_then_larger_lambda
-15.0,0.0,recovery,Dst_star,-0.0465237829435591,92.49147277217335,21487,483,3,largest_lambda_within_one_standard_error_then_fewer_terms_then_larger_lambda
-15.0,0.0,recovery,V^2,0.0,92.49147277217335,21487,483,3,largest_lambda_within_one_standard_error_then_fewer_terms_then_larger_lambda
-15.0,0.0,recovery,Bs^2,0.0,92.49147277217335,21487,483,3,largest_lambda_within_one_standard_error_then_fewer_terms_then_larger_lambda
-15.0,0.0,recovery,n^2,0.0,92.49147277217335,21487,483,3,largest_lambda_within_one_standard_error_then_fewer_terms_then_larger_lambda
-15.0,0.0,recovery,V*Bs,0.0,92.49147277217335,21487,483,3,largest_lambda_within_one_standard_error_then_fewer_terms_then_larger_lambda
-15.0,0.0,recovery,n*V,0.0,92.49147277217335,21487,483,3,largest_lambda_within_one_standard_error_then_fewer_terms_then_larger_lambda
-15.0,0.0,recovery,n*Bs,0.0,92.49147277217335,21487,483,3,largest_lambda_within_one_standard_error_then_fewer_terms_then_larger_lambda
-15.0,0.0,recovery,Pdyn*Bs,0.0,92.49147277217335,21487,483,3,largest_lambda_within_one_standard_error_then_fewer_terms_then_larger_lambda
-15.0,0.0,recovery,n*V*Bs,0.0,92.49147277217335,21487,483,3,largest_lambda_within_one_standard_error_then_fewer_terms_then_larger_lambda
-15.0,0.0,recovery,sin(θ_c/2),0.0,92.49147277217335,21487,483,3,largest_lambda_within_one_standard_error_then_fewer_terms_then_larger_lambda
-15.0,0.0,recovery,sin²(θ_c/2),0.0,92.49147277217335,21487,483,3,largest_lambda_within_one_standard_error_then_fewer_terms_then_larger_lambda
-15.0,0.0,recovery,sin⁴(θ_c/2),0.0,92.49147277217335,21487,483,3,largest_lambda_within_one_standard_error_then_fewer_terms_then_larger_lambda
-15.0,0.0,recovery,sin^(8/3)(θ_c/2),0.0,92.49147277217335,21487,483,3,largest_lambda_within_one_standard_error_then_fewer_terms_then_larger_lambda
-15.0,0.0,recovery,V*sin²(θ_c/2),0.0,92.49147277217335,21487,483,3,largest_lambda_within_one_standard_error_then_fewer_terms_then_larger_lambda
-15.0,0.0,recovery,Newell_d_Φ,0.0,92.49147277217335,21487,483,3,largest_lambda_within_one_standard_error_then_fewer_terms_then_larger_lambda
-10.0,-4.0,quiet,1,0.0,57.90443980602486,6579,386,7,largest_lambda_within_one_standard_error_then_fewer_terms_then_larger_lambda
-10.0,-4.0,quiet,V,0.0,57.90443980602486,6579,386,7,largest_lambda_within_one_standard_error_then_fewer_terms_then_larger_lambda
-10.0,-4.0,quiet,Bs,0.0,57.90443980602486,6579,386,7,largest_lambda_within_one_standard_error_then_fewer_terms_then_larger_lambda
-10.0,-4.0,quiet,n,-0.23177309151368258,57.90443980602486,6579,386,7,largest_lambda_within_one_standard_error_then_fewer_terms_then_larger_lambda
-10.0,-4.0,quiet,Pdyn,-1.2723885000611352,57.90443980602486,6579,386,7,largest_lambda_within_one_standard_error_then_fewer_terms_then_larger_lambda
-10.0,-4.0,quiet,Dst_star,0.0,57.90443980602486,6579,386,7,largest_lambda_within_one_standard_error_then_fewer_terms_then_larger_lambda
-10.0,-4.0,quiet,V^2,4.512177099118229e-6,57.90443980602486,6579,386,7,largest_lambda_within_one_standard_error_then_fewer_terms_then_larger_lambda
-10.0,-4.0,quiet,Bs^2,0.0,57.90443980602486,6579,386,7,largest_lambda_within_one_standard_error_then_fewer_terms_then_larger_lambda
-10.0,-4.0,quiet,n^2,0.0,57.90443980602486,6579,386,7,largest_lambda_within_one_standard_error_then_fewer_terms_then_larger_lambda
-10.0,-4.0,quiet,V*Bs,0.0,57.90443980602486,6579,386,7,largest_lambda_within_one_standard_error_then_fewer_terms_then_larger_lambda
-10.0,-4.0,quiet,n*V,0.0013148317073856874,57.90443980602486,6579,386,7,largest_lambda_within_one_standard_error_then_fewer_terms_then_larger_lambda
-10.0,-4.0,quiet,n*Bs,0.0,57.90443980602486,6579,386,7,largest_lambda_within_one_standard_error_then_fewer_terms_then_larger_lambda
-10.0,-4.0,quiet,Pdyn*Bs,0.0,57.90443980602486,6579,386,7,largest_lambda_within_one_standard_error_then_fewer_terms_then_larger_lambda
-10.0,-4.0,quiet,n*V*Bs,0.0,57.90443980602486,6579,386,7,largest_lambda_within_one_standard_error_then_fewer_terms_then_larger_lambda
-10.0,-4.0,quiet,sin(θ_c/2),0.0,57.90443980602486,6579,386,7,largest_lambda_within_one_standard_error_then_fewer_terms_then_larger_lambda
-10.0,-4.0,quiet,sin²(θ_c/2),6.081472115261909,57.90443980602486,6579,386,7,largest_lambda_within_one_standard_error_then_fewer_terms_then_larger_lambda
-10.0,-4.0,quiet,sin⁴(θ_c/2),0.0,57.90443980602486,6579,386,7,largest_lambda_within_one_standard_error_then_fewer_terms_then_larger_lambda
-10.0,-4.0,quiet,sin^(8/3)(θ_c/2),-5.23606016253938,57.90443980602486,6579,386,7,largest_lambda_within_one_standard_error_then_fewer_terms_then_larger_lambda
-10.0,-4.0,quiet,V*sin²(θ_c/2),0.0,57.90443980602486,6579,386,7,largest_lambda_within_one_standard_error_then_fewer_terms_then_larger_lambda
-10.0,-4.0,quiet,Newell_d_Φ,-0.0004407135102862191,57.90443980602486,6579,386,7,largest_lambda_within_one_standard_error_then_fewer_terms_then_larger_lambda
-10.0,-4.0,main,1,0.0,57.90443980602486,3763,457,16,largest_lambda_within_one_standard_error_then_fewer_terms_then_larger_lambda
-10.0,-4.0,main,V,0.0,57.90443980602486,3763,457,16,largest_lambda_within_one_standard_error_then_fewer_terms_then_larger_lambda
-10.0,-4.0,main,Bs,-0.48720764025350644,57.90443980602486,3763,457,16,largest_lambda_within_one_standard_error_then_fewer_terms_then_larger_lambda
-10.0,-4.0,main,n,-0.14625985020876028,57.90443980602486,3763,457,16,largest_lambda_within_one_standard_error_then_fewer_terms_then_larger_lambda
-10.0,-4.0,main,Pdyn,-0.19671674686380394,57.90443980602486,3763,457,16,largest_lambda_within_one_standard_error_then_fewer_terms_then_larger_lambda
-10.0,-4.0,main,Dst_star,-0.02015281154541306,57.90443980602486,3763,457,16,largest_lambda_within_one_standard_error_then_fewer_terms_then_larger_lambda
-10.0,-4.0,main,V^2,-9.295015131872479e-6,57.90443980602486,3763,457,16,largest_lambda_within_one_standard_error_then_fewer_terms_then_larger_lambda
-10.0,-4.0,main,Bs^2,-0.01366993965884836,57.90443980602486,3763,457,16,largest_lambda_within_one_standard_error_then_fewer_terms_then_larger_lambda
-10.0,-4.0,main,n^2,0.002293273377678701,57.90443980602486,3763,457,16,largest_lambda_within_one_standard_error_then_fewer_terms_then_larger_lambda
-10.0,-4.0,main,V*Bs,0.0007337880531106669,57.90443980602486,3763,457,16,largest_lambda_within_one_standard_error_then_fewer_terms_then_larger_lambda
-10.0,-4.0,main,n*V,0.0,57.90443980602486,3763,457,16,largest_lambda_within_one_standard_error_then_fewer_terms_then_larger_lambda
-10.0,-4.0,main,n*Bs,0.057650532546274905,57.90443980602486,3763,457,16,largest_lambda_within_one_standard_error_then_fewer_terms_then_larger_lambda
-10.0,-4.0,main,Pdyn*Bs,0.07509611894386788,57.90443980602486,3763,457,16,largest_lambda_within_one_standard_error_then_fewer_terms_then_larger_lambda
-10.0,-4.0,main,n*V*Bs,-0.0001962071246660716,57.90443980602486,3763,457,16,largest_lambda_within_one_standard_error_then_fewer_terms_then_larger_lambda
-10.0,-4.0,main,sin(θ_c/2),-21.49003678814967,57.90443980602486,3763,457,16,largest_lambda_within_one_standard_error_then_fewer_terms_then_larger_lambda
-10.0,-4.0,main,sin²(θ_c/2),48.768388529531116,57.90443980602486,3763,457,16,largest_lambda_within_one_standard_error_then_fewer_terms_then_larger_lambda
-10.0,-4.0,main,sin⁴(θ_c/2),0.0,57.90443980602486,3763,457,16,largest_lambda_within_one_standard_error_then_fewer_terms_then_larger_lambda
-10.0,-4.0,main,sin^(8/3)(θ_c/2),-29.91425454418525,57.90443980602486,3763,457,16,largest_lambda_within_one_standard_error_then_fewer_terms_then_larger_lambda
-10.0,-4.0,main,V*sin²(θ_c/2),0.007827839495946195,57.90443980602486,3763,457,16,largest_lambda_within_one_standard_error_then_fewer_terms_then_larger_lambda
-10.0,-4.0,main,Newell_d_Φ,-0.00019951133400835494,57.90443980602486,3763,457,16,largest_lambda_within_one_standard_error_then_fewer_terms_then_larger_lambda
-10.0,-4.0,recovery,1,1.4654111128593745,57.90443980602486,36593,483,14,largest_lambda_within_one_standard_error_then_fewer_terms_then_larger_lambda
-10.0,-4.0,recovery,V,-0.005483423119518452,57.90443980602486,36593,483,14,largest_lambda_within_one_standard_error_then_fewer_terms_then_larger_lambda
-10.0,-4.0,recovery,Bs,-0.5368880638617091,57.90443980602486,36593,483,14,largest_lambda_within_one_standard_error_then_fewer_terms_then_larger_lambda
-10.0,-4.0,recovery,n,0.0,57.90443980602486,36593,483,14,largest_lambda_within_one_standard_error_then_fewer_terms_then_larger_lambda
-10.0,-4.0,recovery,Pdyn,-0.18366318217285982,57.90443980602486,36593,483,14,largest_lambda_within_one_standard_error_then_fewer_terms_then_larger_lambda
-10.0,-4.0,recovery,Dst_star,-0.05661537556417171,57.90443980602486,36593,483,14,largest_lambda_within_one_standard_error_then_fewer_terms_then_larger_lambda
-10.0,-4.0,recovery,V^2,2.8474001778294817e-6,57.90443980602486,36593,483,14,largest_lambda_within_one_standard_error_then_fewer_terms_then_larger_lambda
-10.0,-4.0,recovery,Bs^2,0.0,57.90443980602486,36593,483,14,largest_lambda_within_one_standard_error_then_fewer_terms_then_larger_lambda
-10.0,-4.0,recovery,n^2,0.0,57.90443980602486,36593,483,14,largest_lambda_within_one_standard_error_then_fewer_terms_then_larger_lambda
-10.0,-4.0,recovery,V*Bs,0.00038440687093040246,57.90443980602486,36593,483,14,largest_lambda_within_one_standard_error_then_fewer_terms_then_larger_lambda
-10.0,-4.0,recovery,n*V,0.0001249770118156197,57.90443980602486,36593,483,14,largest_lambda_within_one_standard_error_then_fewer_terms_then_larger_lambda
-10.0,-4.0,recovery,n*Bs,0.01826916084808531,57.90443980602486,36593,483,14,largest_lambda_within_one_standard_error_then_fewer_terms_then_larger_lambda
-10.0,-4.0,recovery,Pdyn*Bs,0.0,57.90443980602486,36593,483,14,largest_lambda_within_one_standard_error_then_fewer_terms_then_larger_lambda
-10.0,-4.0,recovery,n*V*Bs,-5.044304346251399e-5,57.90443980602486,36593,483,14,largest_lambda_within_one_standard_error_then_fewer_terms_then_larger_lambda
-10.0,-4.0,recovery,sin(θ_c/2),1.9057616446125403,57.90443980602486,36593,483,14,largest_lambda_within_one_standard_error_then_fewer_terms_then_larger_lambda
-10.0,-4.0,recovery,sin²(θ_c/2),-6.0727685277871615,57.90443980602486,36593,483,14,largest_lambda_within_one_standard_error_then_fewer_terms_then_larger_lambda
-10.0,-4.0,recovery,sin⁴(θ_c/2),0.7343171532176651,57.90443980602486,36593,483,14,largest_lambda_within_one_standard_error_then_fewer_terms_then_larger_lambda
-10.0,-4.0,recovery,sin^(8/3)(θ_c/2),3.123493729593446,57.90443980602486,36593,483,14,largest_lambda_within_one_standard_error_then_fewer_terms_then_larger_lambda
-10.0,-4.0,recovery,V*sin²(θ_c/2),0.0,57.90443980602486,36593,483,14,largest_lambda_within_one_standard_error_then_fewer_terms_then_larger_lambda
-10.0,-4.0,recovery,Newell_d_Φ,0.0,57.90443980602486,36593,483,14,largest_lambda_within_one_standard_error_then_fewer_terms_then_larger_lambda
-10.0,-3.0,quiet,1,0.0,73.18242219076174,6579,386,6,largest_lambda_within_one_standard_error_then_fewer_terms_then_larger_lambda
-10.0,-3.0,quiet,V,0.0,73.18242219076174,6579,386,6,largest_lambda_within_one_standard_error_then_fewer_terms_then_larger_lambda
-10.0,-3.0,quiet,Bs,0.0,73.18242219076174,6579,386,6,largest_lambda_within_one_standard_error_then_fewer_terms_then_larger_lambda
-10.0,-3.0,quiet,n,-0.252832916906155,73.18242219076174,6579,386,6,largest_lambda_within_one_standard_error_then_fewer_terms_then_larger_lambda
-10.0,-3.0,quiet,Pdyn,-1.0071188779346092,73.18242219076174,6579,386,6,largest_lambda_within_one_standard_error_then_fewer_terms_then_larger_lambda
-10.0,-3.0,quiet,Dst_star,0.0,73.18242219076174,6579,386,6,largest_lambda_within_one_standard_error_then_fewer_terms_then_larger_lambda
-10.0,-3.0,quiet,V^2,0.0,73.18242219076174,6579,386,6,largest_lambda_within_one_standard_error_then_fewer_terms_then_larger_lambda
-10.0,-3.0,quiet,Bs^2,0.0,73.18242219076174,6579,386,6,largest_lambda_within_one_standard_error_then_fewer_terms_then_larger_lambda
-10.0,-3.0,quiet,n^2,0.0,73.18242219076174,6579,386,6,largest_lambda_within_one_standard_error_then_fewer_terms_then_larger_lambda
-10.0,-3.0,quiet,V*Bs,0.0,73.18242219076174,6579,386,6,largest_lambda_within_one_standard_error_then_fewer_terms_then_larger_lambda
-10.0,-3.0,quiet,n*V,0.001225628865148826,73.18242219076174,6579,386,6,largest_lambda_within_one_standard_error_then_fewer_terms_then_larger_lambda
-10.0,-3.0,quiet,n*Bs,0.0,73.18242219076174,6579,386,6,largest_lambda_within_one_standard_error_then_fewer_terms_then_larger_lambda
-10.0,-3.0,quiet,Pdyn*Bs,0.0,73.18242219076174,6579,386,6,largest_lambda_within_one_standard_error_then_fewer_terms_then_larger_lambda
-10.0,-3.0,quiet,n*V*Bs,0.0,73.18242219076174,6579,386,6,largest_lambda_within_one_standard_error_then_fewer_terms_then_larger_lambda
-10.0,-3.0,quiet,sin(θ_c/2),0.0,73.18242219076174,6579,386,6,largest_lambda_within_one_standard_error_then_fewer_terms_then_larger_lambda
-10.0,-3.0,quiet,sin²(θ_c/2),11.662929995958704,73.18242219076174,6579,386,6,largest_lambda_within_one_standard_error_then_fewer_terms_then_larger_lambda
-10.0,-3.0,quiet,sin⁴(θ_c/2),0.0,73.18242219076174,6579,386,6,largest_lambda_within_one_standard_error_then_fewer_terms_then_larger_lambda
-10.0,-3.0,quiet,sin^(8/3)(θ_c/2),-10.427723698500325,73.18242219076174,6579,386,6,largest_lambda_within_one_standard_error_then_fewer_terms_then_larger_lambda
-10.0,-3.0,quiet,V*sin²(θ_c/2),0.0,73.18242219076174,6579,386,6,largest_lambda_within_one_standard_error_then_fewer_terms_then_larger_lambda
-10.0,-3.0,quiet,Newell_d_Φ,-0.00044582936245968284,73.18242219076174,6579,386,6,largest_lambda_within_one_standard_error_then_fewer_terms_then_larger_lambda
-10.0,-3.0,main,1,0.0,73.18242219076174,5075,474,15,largest_lambda_within_one_standard_error_then_fewer_terms_then_larger_lambda
-10.0,-3.0,main,V,0.0,73.18242219076174,5075,474,15,largest_lambda_within_one_standard_error_then_fewer_terms_then_larger_lambda
-10.0,-3.0,main,Bs,-0.4192425295173284,73.18242219076174,5075,474,15,largest_lambda_within_one_standard_error_then_fewer_terms_then_larger_lambda
-10.0,-3.0,main,n,0.0,73.18242219076174,5075,474,15,largest_lambda_within_one_standard_error_then_fewer_terms_then_larger_lambda
-10.0,-3.0,main,Pdyn,-0.3019158075517518,73.18242219076174,5075,474,15,largest_lambda_within_one_standard_error_then_fewer_terms_then_larger_lambda
-10.0,-3.0,main,Dst_star,-0.021107670218407138,73.18242219076174,5075,474,15,largest_lambda_within_one_standard_error_then_fewer_terms_then_larger_lambda
-10.0,-3.0,main,V^2,-6.425756570095854e-6,73.18242219076174,5075,474,15,largest_lambda_within_one_standard_error_then_fewer_terms_then_larger_lambda
-10.0,-3.0,main,Bs^2,-0.01374609821741134,73.18242219076174,5075,474,15,largest_lambda_within_one_standard_error_then_fewer_terms_then_larger_lambda
-10.0,-3.0,main,n^2,0.0,73.18242219076174,5075,474,15,largest_lambda_within_one_standard_error_then_fewer_terms_then_larger_lambda
-10.0,-3.0,main,V*Bs,0.000731668576973518,73.18242219076174,5075,474,15,largest_lambda_within_one_standard_error_then_fewer_terms_then_larger_lambda
-10.0,-3.0,main,n*V,0.0,73.18242219076174,5075,474,15,largest_lambda_within_one_standard_error_then_fewer_terms_then_larger_lambda
-10.0,-3.0,main,n*Bs,0.055930732207472286,73.18242219076174,5075,474,15,largest_lambda_within_one_standard_error_then_fewer_terms_then_larger_lambda
-10.0,-3.0,main,Pdyn*Bs,0.08260904462179523,73.18242219076174,5075,474,15,largest_lambda_within_one_standard_error_then_fewer_terms_then_larger_lambda
-10.0,-3.0,main,n*V*Bs,-0.00020345900776630072,73.18242219076174,5075,474,15,largest_lambda_within_one_standard_error_then_fewer_terms_then_larger_lambda
-10.0,-3.0,main,sin(θ_c/2),-27.962455666208484,73.18242219076174,5075,474,15,largest_lambda_within_one_standard_error_then_fewer_terms_then_larger_lambda
-10.0,-3.0,main,sin²(θ_c/2),77.01179996560604,73.18242219076174,5075,474,15,largest_lambda_within_one_standard_error_then_fewer_terms_then_larger_lambda
-10.0,-3.0,main,sin⁴(θ_c/2),7.77234992004215,73.18242219076174,5075,474,15,largest_lambda_within_one_standard_error_then_fewer_terms_then_larger_lambda
-10.0,-3.0,main,sin^(8/3)(θ_c/2),-60.607632487399975,73.18242219076174,5075,474,15,largest_lambda_within_one_standard_error_then_fewer_terms_then_larger_lambda
-10.0,-3.0,main,V*sin²(θ_c/2),0.009532873585802144,73.18242219076174,5075,474,15,largest_lambda_within_one_standard_error_then_fewer_terms_then_larger_lambda
-10.0,-3.0,main,Newell_d_Φ,-0.00025826247130486426,73.18242219076174,5075,474,15,largest_lambda_within_one_standard_error_then_fewer_terms_then_larger_lambda
-10.0,-3.0,recovery,1,1.2744082837753812,73.18242219076174,35281,483,10,largest_lambda_within_one_standard_error_then_fewer_terms_then_larger_lambda
-10.0,-3.0,recovery,V,-0.005211786437668351,73.18242219076174,35281,483,10,largest_lambda_within_one_standard_error_then_fewer_terms_then_larger_lambda
-10.0,-3.0,recovery,Bs,-0.33961218100575885,73.18242219076174,35281,483,10,largest_lambda_within_one_standard_error_then_fewer_terms_then_larger_lambda
-10.0,-3.0,recovery,n,0.0,73.18242219076174,35281,483,10,largest_lambda_within_one_standard_error_then_fewer_terms_then_larger_lambda
-10.0,-3.0,recovery,Pdyn,-0.18725305464858416,73.18242219076174,35281,483,10,largest_lambda_within_one_standard_error_then_fewer_terms_then_larger_lambda
-10.0,-3.0,recovery,Dst_star,-0.05595562942905415,73.18242219076174,35281,483,10,largest_lambda_within_one_standard_error_then_fewer_terms_then_larger_lambda
-10.0,-3.0,recovery,V^2,3.065617808106377e-6,73.18242219076174,35281,483,10,largest_lambda_within_one_standard_error_then_fewer_terms_then_larger_lambda
-10.0,-3.0,recovery,Bs^2,0.0,73.18242219076174,35281,483,10,largest_lambda_within_one_standard_error_then_fewer_terms_then_larger_lambda
-10.0,-3.0,recovery,n^2,0.0,73.18242219076174,35281,483,10,largest_lambda_within_one_standard_error_then_fewer_terms_then_larger_lambda
-10.0,-3.0,recovery,V*Bs,0.0,73.18242219076174,35281,483,10,largest_lambda_within_one_standard_error_then_fewer_terms_then_larger_lambda
-10.0,-3.0,recovery,n*V,0.00014788920808952622,73.18242219076174,35281,483,10,largest_lambda_within_one_standard_error_then_fewer_terms_then_larger_lambda
-10.0,-3.0,recovery,n*Bs,0.0,73.18242219076174,35281,483,10,largest_lambda_within_one_standard_error_then_fewer_terms_then_larger_lambda
-10.0,-3.0,recovery,Pdyn*Bs,0.0,73.18242219076174,35281,483,10,largest_lambda_within_one_standard_error_then_fewer_terms_then_larger_lambda
-10.0,-3.0,recovery,n*V*Bs,0.0,73.18242219076174,35281,483,10,largest_lambda_within_one_standard_error_then_fewer_terms_then_larger_lambda
-10.0,-3.0,recovery,sin(θ_c/2),1.6027124982096754,73.18242219076174,35281,483,10,largest_lambda_within_one_standard_error_then_fewer_terms_then_larger_lambda
-10.0,-3.0,recovery,sin²(θ_c/2),-3.675605596867749,73.18242219076174,35281,483,10,largest_lambda_within_one_standard_error_then_fewer_terms_then_larger_lambda
-10.0,-3.0,recovery,sin⁴(θ_c/2),1.8314198481085462,73.18242219076174,35281,483,10,largest_lambda_within_one_standard_error_then_fewer_terms_then_larger_lambda
-10.0,-3.0,recovery,sin^(8/3)(θ_c/2),0.0,73.18242219076174,35281,483,10,largest_lambda_within_one_standard_error_then_fewer_terms_then_larger_lambda
-10.0,-3.0,recovery,V*sin²(θ_c/2),0.0,73.18242219076174,35281,483,10,largest_lambda_within_one_standard_error_then_fewer_terms_then_larger_lambda
-10.0,-3.0,recovery,Newell_d_Φ,0.0,73.18242219076174,35281,483,10,largest_lambda_within_one_standard_error_then_fewer_terms_then_larger_lambda
-10.0,-2.0,quiet,1,0.0,73.18242219076174,6579,386,6,largest_lambda_within_one_standard_error_then_fewer_terms_then_larger_lambda
-10.0,-2.0,quiet,V,0.0,73.18242219076174,6579,386,6,largest_lambda_within_one_standard_error_then_fewer_terms_then_larger_lambda
-10.0,-2.0,quiet,Bs,0.0,73.18242219076174,6579,386,6,largest_lambda_within_one_standard_error_then_fewer_terms_then_larger_lambda
-10.0,-2.0,quiet,n,-0.252832916906155,73.18242219076174,6579,386,6,largest_lambda_within_one_standard_error_then_fewer_terms_then_larger_lambda
-10.0,-2.0,quiet,Pdyn,-1.0071188779346092,73.18242219076174,6579,386,6,largest_lambda_within_one_standard_error_then_fewer_terms_then_larger_lambda
-10.0,-2.0,quiet,Dst_star,0.0,73.18242219076174,6579,386,6,largest_lambda_within_one_standard_error_then_fewer_terms_then_larger_lambda
-10.0,-2.0,quiet,V^2,0.0,73.18242219076174,6579,386,6,largest_lambda_within_one_standard_error_then_fewer_terms_then_larger_lambda
-10.0,-2.0,quiet,Bs^2,0.0,73.18242219076174,6579,386,6,largest_lambda_within_one_standard_error_then_fewer_terms_then_larger_lambda
-10.0,-2.0,quiet,n^2,0.0,73.18242219076174,6579,386,6,largest_lambda_within_one_standard_error_then_fewer_terms_then_larger_lambda
-10.0,-2.0,quiet,V*Bs,0.0,73.18242219076174,6579,386,6,largest_lambda_within_one_standard_error_then_fewer_terms_then_larger_lambda
-10.0,-2.0,quiet,n*V,0.001225628865148826,73.18242219076174,6579,386,6,largest_lambda_within_one_standard_error_then_fewer_terms_then_larger_lambda
-10.0,-2.0,quiet,n*Bs,0.0,73.18242219076174,6579,386,6,largest_lambda_within_one_standard_error_then_fewer_terms_then_larger_lambda
-10.0,-2.0,quiet,Pdyn*Bs,0.0,73.18242219076174,6579,386,6,largest_lambda_within_one_standard_error_then_fewer_terms_then_larger_lambda
-10.0,-2.0,quiet,n*V*Bs,0.0,73.18242219076174,6579,386,6,largest_lambda_within_one_standard_error_then_fewer_terms_then_larger_lambda
-10.0,-2.0,quiet,sin(θ_c/2),0.0,73.18242219076174,6579,386,6,largest_lambda_within_one_standard_error_then_fewer_terms_then_larger_lambda
-10.0,-2.0,quiet,sin²(θ_c/2),11.662929995958704,73.18242219076174,6579,386,6,largest_lambda_within_one_standard_error_then_fewer_terms_then_larger_lambda
-10.0,-2.0,quiet,sin⁴(θ_c/2),0.0,73.18242219076174,6579,386,6,largest_lambda_within_one_standard_error_then_fewer_terms_then_larger_lambda
-10.0,-2.0,quiet,sin^(8/3)(θ_c/2),-10.427723698500325,73.18242219076174,6579,386,6,largest_lambda_within_one_standard_error_then_fewer_terms_then_larger_lambda
-10.0,-2.0,quiet,V*sin²(θ_c/2),0.0,73.18242219076174,6579,386,6,largest_lambda_within_one_standard_error_then_fewer_terms_then_larger_lambda
-10.0,-2.0,quiet,Newell_d_Φ,-0.00044582936245968284,73.18242219076174,6579,386,6,largest_lambda_within_one_standard_error_then_fewer_terms_then_larger_lambda
-10.0,-2.0,main,1,-3.3918997982411883,73.18242219076174,7231,480,16,largest_lambda_within_one_standard_error_then_fewer_terms_then_larger_lambda
-10.0,-2.0,main,V,0.007077998494937155,73.18242219076174,7231,480,16,largest_lambda_within_one_standard_error_then_fewer_terms_then_larger_lambda
-10.0,-2.0,main,Bs,-0.3997601638190764,73.18242219076174,7231,480,16,largest_lambda_within_one_standard_error_then_fewer_terms_then_larger_lambda
-10.0,-2.0,main,n,0.0,73.18242219076174,7231,480,16,largest_lambda_within_one_standard_error_then_fewer_terms_then_larger_lambda
-10.0,-2.0,main,Pdyn,-0.3540275132641357,73.18242219076174,7231,480,16,largest_lambda_within_one_standard_error_then_fewer_terms_then_larger_lambda
-10.0,-2.0,main,Dst_star,-0.02237383989495541,73.18242219076174,7231,480,16,largest_lambda_within_one_standard_error_then_fewer_terms_then_larger_lambda
-10.0,-2.0,main,V^2,-9.077996204797036e-6,73.18242219076174,7231,480,16,largest_lambda_within_one_standard_error_then_fewer_terms_then_larger_lambda
-10.0,-2.0,main,Bs^2,-0.014175741654656916,73.18242219076174,7231,480,16,largest_lambda_within_one_standard_error_then_fewer_terms_then_larger_lambda
-10.0,-2.0,main,n^2,0.0,73.18242219076174,7231,480,16,largest_lambda_within_one_standard_error_then_fewer_terms_then_larger_lambda
-10.0,-2.0,main,V*Bs,0.0007298662757685521,73.18242219076174,7231,480,16,largest_lambda_within_one_standard_error_then_fewer_terms_then_larger_lambda
-10.0,-2.0,main,n*V,0.0,73.18242219076174,7231,480,16,largest_lambda_within_one_standard_error_then_fewer_terms_then_larger_lambda
-10.0,-2.0,main,n*Bs,0.059740652892416826,73.18242219076174,7231,480,16,largest_lambda_within_one_standard_error_then_fewer_terms_then_larger_lambda
-10.0,-2.0,main,Pdyn*Bs,0.09362482954738852,73.18242219076174,7231,480,16,largest_lambda_within_one_standard_error_then_fewer_terms_then_larger_lambda
-10.0,-2.0,main,n*V*Bs,-0.0002198489707974154,73.18242219076174,7231,480,16,largest_lambda_within_one_standard_error_then_fewer_terms_then_larger_lambda
-10.0,-2.0,main,sin(θ_c/2),-6.519014834068431,73.18242219076174,7231,480,16,largest_lambda_within_one_standard_error_then_fewer_terms_then_larger_lambda
-10.0,-2.0,main,sin²(θ_c/2),0.0,73.18242219076174,7231,480,16,largest_lambda_within_one_standard_error_then_fewer_terms_then_larger_lambda
-10.0,-2.0,main,sin⁴(θ_c/2),-10.166962144621742,73.18242219076174,7231,480,16,largest_lambda_within_one_standard_error_then_fewer_terms_then_larger_lambda
-10.0,-2.0,main,sin^(8/3)(θ_c/2),16.094561003119665,73.18242219076174,7231,480,16,largest_lambda_within_one_standard_error_then_fewer_terms_then_larger_lambda
-10.0,-2.0,main,V*sin²(θ_c/2),0.005726922840909688,73.18242219076174,7231,480,16,largest_lambda_within_one_standard_error_then_fewer_terms_then_larger_lambda
-10.0,-2.0,main,Newell_d_Φ,-0.00027939959997929856,73.18242219076174,7231,480,16,largest_lambda_within_one_standard_error_then_fewer_terms_then_larger_lambda
-10.0,-2.0,recovery,1,1.708092452668474,73.18242219076174,33125,483,8,largest_lambda_within_one_standard_error_then_fewer_terms_then_larger_lambda
-10.0,-2.0,recovery,V,-0.005795412740827836,73.18242219076174,33125,483,8,largest_lambda_within_one_standard_error_then_fewer_terms_then_larger_lambda
-10.0,-2.0,recovery,Bs,-0.2767124539765471,73.18242219076174,33125,483,8,largest_lambda_within_one_standard_error_then_fewer_terms_then_larger_lambda
-10.0,-2.0,recovery,n,0.0,73.18242219076174,33125,483,8,largest_lambda_within_one_standard_error_then_fewer_terms_then_larger_lambda
-10.0,-2.0,recovery,Pdyn,0.0,73.18242219076174,33125,483,8,largest_lambda_within_one_standard_error_then_fewer_terms_then_larger_lambda
-10.0,-2.0,recovery,Dst_star,-0.05485413830062533,73.18242219076174,33125,483,8,largest_lambda_within_one_standard_error_then_fewer_terms_then_larger_lambda
-10.0,-2.0,recovery,V^2,3.07327362619061e-6,73.18242219076174,33125,483,8,largest_lambda_within_one_standard_error_then_fewer_terms_then_larger_lambda
-10.0,-2.0,recovery,Bs^2,0.0,73.18242219076174,33125,483,8,largest_lambda_within_one_standard_error_then_fewer_terms_then_larger_lambda
-10.0,-2.0,recovery,n^2,0.0,73.18242219076174,33125,483,8,largest_lambda_within_one_standard_error_then_fewer_terms_then_larger_lambda
-10.0,-2.0,recovery,V*Bs,0.0,73.18242219076174,33125,483,8,largest_lambda_within_one_standard_error_then_fewer_terms_then_larger_lambda
-10.0,-2.0,recovery,n*V,0.0,73.18242219076174,33125,483,8,largest_lambda_within_one_standard_error_then_fewer_terms_then_larger_lambda
-10.0,-2.0,recovery,n*Bs,0.0,73.18242219076174,33125,483,8,largest_lambda_within_one_standard_error_then_fewer_terms_then_larger_lambda
-10.0,-2.0,recovery,Pdyn*Bs,0.0,73.18242219076174,33125,483,8,largest_lambda_within_one_standard_error_then_fewer_terms_then_larger_lambda
-10.0,-2.0,recovery,n*V*Bs,0.0,73.18242219076174,33125,483,8,largest_lambda_within_one_standard_error_then_fewer_terms_then_larger_lambda
-10.0,-2.0,recovery,sin(θ_c/2),0.7769090110714254,73.18242219076174,33125,483,8,largest_lambda_within_one_standard_error_then_fewer_terms_then_larger_lambda
-10.0,-2.0,recovery,sin²(θ_c/2),0.0,73.18242219076174,33125,483,8,largest_lambda_within_one_standard_error_then_fewer_terms_then_larger_lambda
-10.0,-2.0,recovery,sin⁴(θ_c/2),2.670652953496679,73.18242219076174,33125,483,8,largest_lambda_within_one_standard_error_then_fewer_terms_then_larger_lambda
-10.0,-2.0,recovery,sin^(8/3)(θ_c/2),-3.73774427030463,73.18242219076174,33125,483,8,largest_lambda_within_one_standard_error_then_fewer_terms_then_larger_lambda
-10.0,-2.0,recovery,V*sin²(θ_c/2),0.0,73.18242219076174,33125,483,8,largest_lambda_within_one_standard_error_then_fewer_terms_then_larger_lambda
-10.0,-2.0,recovery,Newell_d_Φ,0.0,73.18242219076174,33125,483,8,largest_lambda_within_one_standard_error_then_fewer_terms_then_larger_lambda
-10.0,-1.0,quiet,1,0.0,57.90443980602486,6579,386,7,largest_lambda_within_one_standard_error_then_fewer_terms_then_larger_lambda
-10.0,-1.0,quiet,V,0.0,57.90443980602486,6579,386,7,largest_lambda_within_one_standard_error_then_fewer_terms_then_larger_lambda
-10.0,-1.0,quiet,Bs,0.0,57.90443980602486,6579,386,7,largest_lambda_within_one_standard_error_then_fewer_terms_then_larger_lambda
-10.0,-1.0,quiet,n,-0.23177309151368258,57.90443980602486,6579,386,7,largest_lambda_within_one_standard_error_then_fewer_terms_then_larger_lambda
-10.0,-1.0,quiet,Pdyn,-1.2723885000611352,57.90443980602486,6579,386,7,largest_lambda_within_one_standard_error_then_fewer_terms_then_larger_lambda
-10.0,-1.0,quiet,Dst_star,0.0,57.90443980602486,6579,386,7,largest_lambda_within_one_standard_error_then_fewer_terms_then_larger_lambda
-10.0,-1.0,quiet,V^2,4.512177099118229e-6,57.90443980602486,6579,386,7,largest_lambda_within_one_standard_error_then_fewer_terms_then_larger_lambda
-10.0,-1.0,quiet,Bs^2,0.0,57.90443980602486,6579,386,7,largest_lambda_within_one_standard_error_then_fewer_terms_then_larger_lambda
-10.0,-1.0,quiet,n^2,0.0,57.90443980602486,6579,386,7,largest_lambda_within_one_standard_error_then_fewer_terms_then_larger_lambda
-10.0,-1.0,quiet,V*Bs,0.0,57.90443980602486,6579,386,7,largest_lambda_within_one_standard_error_then_fewer_terms_then_larger_lambda
-10.0,-1.0,quiet,n*V,0.0013148317073856874,57.90443980602486,6579,386,7,largest_lambda_within_one_standard_error_then_fewer_terms_then_larger_lambda
-10.0,-1.0,quiet,n*Bs,0.0,57.90443980602486,6579,386,7,largest_lambda_within_one_standard_error_then_fewer_terms_then_larger_lambda
-10.0,-1.0,quiet,Pdyn*Bs,0.0,57.90443980602486,6579,386,7,largest_lambda_within_one_standard_error_then_fewer_terms_then_larger_lambda
-10.0,-1.0,quiet,n*V*Bs,0.0,57.90443980602486,6579,386,7,largest_lambda_within_one_standard_error_then_fewer_terms_then_larger_lambda
-10.0,-1.0,quiet,sin(θ_c/2),0.0,57.90443980602486,6579,386,7,largest_lambda_within_one_standard_error_then_fewer_terms_then_larger_lambda
-10.0,-1.0,quiet,sin²(θ_c/2),6.081472115261909,57.90443980602486,6579,386,7,largest_lambda_within_one_standard_error_then_fewer_terms_then_larger_lambda
-10.0,-1.0,quiet,sin⁴(θ_c/2),0.0,57.90443980602486,6579,386,7,largest_lambda_within_one_standard_error_then_fewer_terms_then_larger_lambda
-10.0,-1.0,quiet,sin^(8/3)(θ_c/2),-5.23606016253938,57.90443980602486,6579,386,7,largest_lambda_within_one_standard_error_then_fewer_terms_then_larger_lambda
-10.0,-1.0,quiet,V*sin²(θ_c/2),0.0,57.90443980602486,6579,386,7,largest_lambda_within_one_standard_error_then_fewer_terms_then_larger_lambda
-10.0,-1.0,quiet,Newell_d_Φ,-0.0004407135102862191,57.90443980602486,6579,386,7,largest_lambda_within_one_standard_error_then_fewer_terms_then_larger_lambda
-10.0,-1.0,main,1,-1.1390206828491443,57.90443980602486,10990,482,20,largest_lambda_within_one_standard_error_then_fewer_terms_then_larger_lambda
-10.0,-1.0,main,V,0.0015629118229351275,57.90443980602486,10990,482,20,largest_lambda_within_one_standard_error_then_fewer_terms_then_larger_lambda
-10.0,-1.0,main,Bs,-0.4083473806254194,57.90443980602486,10990,482,20,largest_lambda_within_one_standard_error_then_fewer_terms_then_larger_lambda
-10.0,-1.0,main,n,-0.12488576248349235,57.90443980602486,10990,482,20,largest_lambda_within_one_standard_error_then_fewer_terms_then_larger_lambda
-10.0,-1.0,main,Pdyn,-0.5563400062886917,57.90443980602486,10990,482,20,largest_lambda_within_one_standard_error_then_fewer_terms_then_larger_lambda
-10.0,-1.0,main,Dst_star,-0.022805034699053706,57.90443980602486,10990,482,20,largest_lambda_within_one_standard_error_then_fewer_terms_then_larger_lambda
-10.0,-1.0,main,V^2,-3.13501835874159e-6,57.90443980602486,10990,482,20,largest_lambda_within_one_standard_error_then_fewer_terms_then_larger_lambda
-10.0,-1.0,main,Bs^2,-0.01527893970953308,57.90443980602486,10990,482,20,largest_lambda_within_one_standard_error_then_fewer_terms_then_larger_lambda
-10.0,-1.0,main,n^2,0.0018565833905051668,57.90443980602486,10990,482,20,largest_lambda_within_one_standard_error_then_fewer_terms_then_larger_lambda
-10.0,-1.0,main,V*Bs,0.0008009833568371041,57.90443980602486,10990,482,20,largest_lambda_within_one_standard_error_then_fewer_terms_then_larger_lambda
-10.0,-1.0,main,n*V,0.0002634385588752376,57.90443980602486,10990,482,20,largest_lambda_within_one_standard_error_then_fewer_terms_then_larger_lambda
-10.0,-1.0,main,n*Bs,0.05083779025888725,57.90443980602486,10990,482,20,largest_lambda_within_one_standard_error_then_fewer_terms_then_larger_lambda
-10.0,-1.0,main,Pdyn*Bs,0.08331459359999883,57.90443980602486,10990,482,20,largest_lambda_within_one_standard_error_then_fewer_terms_then_larger_lambda
-10.0,-1.0,main,n*V*Bs,-0.0001937117464687189,57.90443980602486,10990,482,20,largest_lambda_within_one_standard_error_then_fewer_terms_then_larger_lambda
-10.0,-1.0,main,sin(θ_c/2),-2.7835915309859725,57.90443980602486,10990,482,20,largest_lambda_within_one_standard_error_then_fewer_terms_then_larger_lambda
-10.0,-1.0,main,sin²(θ_c/2),-4.884170518194604,57.90443980602486,10990,482,20,largest_lambda_within_one_standard_error_then_fewer_terms_then_larger_lambda
-10.0,-1.0,main,sin⁴(θ_c/2),-8.582646270070025,57.90443980602486,10990,482,20,largest_lambda_within_one_standard_error_then_fewer_terms_then_larger_lambda
-10.0,-1.0,main,sin^(8/3)(θ_c/2),16.438964432102605,57.90443980602486,10990,482,20,largest_lambda_within_one_standard_error_then_fewer_terms_then_larger_lambda
-10.0,-1.0,main,V*sin²(θ_c/2),0.0035986302066630207,57.90443980602486,10990,482,20,largest_lambda_within_one_standard_error_then_fewer_terms_then_larger_lambda
-10.0,-1.0,main,Newell_d_Φ,-0.00027541996587087953,57.90443980602486,10990,482,20,largest_lambda_within_one_standard_error_then_fewer_terms_then_larger_lambda
-10.0,-1.0,recovery,1,1.8737523251652366,57.90443980602486,29366,483,11,largest_lambda_within_one_standard_error_then_fewer_terms_then_larger_lambda
-10.0,-1.0,recovery,V,-0.007380680596843107,57.90443980602486,29366,483,11,largest_lambda_within_one_standard_error_then_fewer_terms_then_larger_lambda
-10.0,-1.0,recovery,Bs,-0.22322969500571913,57.90443980602486,29366,483,11,largest_lambda_within_one_standard_error_then_fewer_terms_then_larger_lambda
-10.0,-1.0,recovery,n,-0.1431946950581824,57.90443980602486,29366,483,11,largest_lambda_within_one_standard_error_then_fewer_terms_then_larger_lambda
-10.0,-1.0,recovery,Pdyn,-0.47787649137006727,57.90443980602486,29366,483,11,largest_lambda_within_one_standard_error_then_fewer_terms_then_larger_lambda
-10.0,-1.0,recovery,Dst_star,-0.05295559609560059,57.90443980602486,29366,483,11,largest_lambda_within_one_standard_error_then_fewer_terms_then_larger_lambda
-10.0,-1.0,recovery,V^2,5.5088299842470575e-6,57.90443980602486,29366,483,11,largest_lambda_within_one_standard_error_then_fewer_terms_then_larger_lambda
-10.0,-1.0,recovery,Bs^2,0.0,57.90443980602486,29366,483,11,largest_lambda_within_one_standard_error_then_fewer_terms_then_larger_lambda
-10.0,-1.0,recovery,n^2,0.0,57.90443980602486,29366,483,11,largest_lambda_within_one_standard_error_then_fewer_terms_then_larger_lambda
-10.0,-1.0,recovery,V*Bs,0.0,57.90443980602486,29366,483,11,largest_lambda_within_one_standard_error_then_fewer_terms_then_larger_lambda
-10.0,-1.0,recovery,n*V,0.0007524735993154194,57.90443980602486,29366,483,11,largest_lambda_within_one_standard_error_then_fewer_terms_then_larger_lambda
-10.0,-1.0,recovery,n*Bs,0.0,57.90443980602486,29366,483,11,largest_lambda_within_one_standard_error_then_fewer_terms_then_larger_lambda
-10.0,-1.0,recovery,Pdyn*Bs,0.0,57.90443980602486,29366,483,11,largest_lambda_within_one_standard_error_then_fewer_terms_then_larger_lambda
-10.0,-1.0,recovery,n*V*Bs,0.0,57.90443980602486,29366,483,11,largest_lambda_within_one_standard_error_then_fewer_terms_then_larger_lambda
-10.0,-1.0,recovery,sin(θ_c/2),0.8574693447719262,57.90443980602486,29366,483,11,largest_lambda_within_one_standard_error_then_fewer_terms_then_larger_lambda
-10.0,-1.0,recovery,sin²(θ_c/2),0.0,57.90443980602486,29366,483,11,largest_lambda_within_one_standard_error_then_fewer_terms_then_larger_lambda
-10.0,-1.0,recovery,sin⁴(θ_c/2),2.374115257971576,57.90443980602486,29366,483,11,largest_lambda_within_one_standard_error_then_fewer_terms_then_larger_lambda
-10.0,-1.0,recovery,sin^(8/3)(θ_c/2),-3.3938212269272077,57.90443980602486,29366,483,11,largest_lambda_within_one_standard_error_then_fewer_terms_then_larger_lambda
-10.0,-1.0,recovery,V*sin²(θ_c/2),0.0,57.90443980602486,29366,483,11,largest_lambda_within_one_standard_error_then_fewer_terms_then_larger_lambda
-10.0,-1.0,recovery,Newell_d_Φ,0.0,57.90443980602486,29366,483,11,largest_lambda_within_one_standard_error_then_fewer_terms_then_larger_lambda
-10.0,0.0,quiet,1,0.0,92.49147277217335,6579,386,3,largest_lambda_within_one_standard_error_then_fewer_terms_then_larger_lambda
-10.0,0.0,quiet,V,0.0,92.49147277217335,6579,386,3,largest_lambda_within_one_standard_error_then_fewer_terms_then_larger_lambda
-10.0,0.0,quiet,Bs,0.0,92.49147277217335,6579,386,3,largest_lambda_within_one_standard_error_then_fewer_terms_then_larger_lambda
-10.0,0.0,quiet,n,-0.13548280527012882,92.49147277217335,6579,386,3,largest_lambda_within_one_standard_error_then_fewer_terms_then_larger_lambda
-10.0,0.0,quiet,Pdyn,-1.0409742228657926,92.49147277217335,6579,386,3,largest_lambda_within_one_standard_error_then_fewer_terms_then_larger_lambda
-10.0,0.0,quiet,Dst_star,0.0,92.49147277217335,6579,386,3,largest_lambda_within_one_standard_error_then_fewer_terms_then_larger_lambda
-10.0,0.0,quiet,V^2,0.0,92.49147277217335,6579,386,3,largest_lambda_within_one_standard_error_then_fewer_terms_then_larger_lambda
-10.0,0.0,quiet,Bs^2,0.0,92.49147277217335,6579,386,3,largest_lambda_within_one_standard_error_then_fewer_terms_then_larger_lambda
-10.0,0.0,quiet,n^2,0.0,92.49147277217335,6579,386,3,largest_lambda_within_one_standard_error_then_fewer_terms_then_larger_lambda
-10.0,0.0,quiet,V*Bs,0.0,92.49147277217335,6579,386,3,largest_lambda_within_one_standard_error_then_fewer_terms_then_larger_lambda
-10.0,0.0,quiet,n*V,0.0009148180777990017,92.49147277217335,6579,386,3,largest_lambda_within_one_standard_error_then_fewer_terms_then_larger_lambda
-10.0,0.0,quiet,n*Bs,0.0,92.49147277217335,6579,386,3,largest_lambda_within_one_standard_error_then_fewer_terms_then_larger_lambda
-10.0,0.0,quiet,Pdyn*Bs,0.0,92.49147277217335,6579,386,3,largest_lambda_within_one_standard_error_then_fewer_terms_then_larger_lambda
-10.0,0.0,quiet,n*V*Bs,0.0,92.49147277217335,6579,386,3,largest_lambda_within_one_standard_error_then_fewer_terms_then_larger_lambda
-10.0,0.0,quiet,sin(θ_c/2),0.0,92.49147277217335,6579,386,3,largest_lambda_within_one_standard_error_then_fewer_terms_then_larger_lambda
-10.0,0.0,quiet,sin²(θ_c/2),0.0,92.49147277217335,6579,386,3,largest_lambda_within_one_standard_error_then_fewer_terms_then_larger_lambda
-10.0,0.0,quiet,sin⁴(θ_c/2),0.0,92.49147277217335,6579,386,3,largest_lambda_within_one_standard_error_then_fewer_terms_then_larger_lambda
-10.0,0.0,quiet,sin^(8/3)(θ_c/2),0.0,92.49147277217335,6579,386,3,largest_lambda_within_one_standard_error_then_fewer_terms_then_larger_lambda
-10.0,0.0,quiet,V*sin²(θ_c/2),0.0,92.49147277217335,6579,386,3,largest_lambda_within_one_standard_error_then_fewer_terms_then_larger_lambda
-10.0,0.0,quiet,Newell_d_Φ,0.0,92.49147277217335,6579,386,3,largest_lambda_within_one_standard_error_then_fewer_terms_then_larger_lambda
-10.0,0.0,main,1,0.0,92.49147277217335,17064,482,14,largest_lambda_within_one_standard_error_then_fewer_terms_then_larger_lambda
-10.0,0.0,main,V,0.0,92.49147277217335,17064,482,14,largest_lambda_within_one_standard_error_then_fewer_terms_then_larger_lambda
-10.0,0.0,main,Bs,-0.4703328925569628,92.49147277217335,17064,482,14,largest_lambda_within_one_standard_error_then_fewer_terms_then_larger_lambda
-10.0,0.0,main,n,0.0,92.49147277217335,17064,482,14,largest_lambda_within_one_standard_error_then_fewer_terms_then_larger_lambda
-10.0,0.0,main,Pdyn,-0.4360310425187842,92.49147277217335,17064,482,14,largest_lambda_within_one_standard_error_then_fewer_terms_then_larger_lambda
-10.0,0.0,main,Dst_star,-0.021569220887364876,92.49147277217335,17064,482,14,largest_lambda_within_one_standard_error_then_fewer_terms_then_larger_lambda
-10.0,0.0,main,V^2,0.0,92.49147277217335,17064,482,14,largest_lambda_within_one_standard_error_then_fewer_terms_then_larger_lambda
-10.0,0.0,main,Bs^2,-0.015751780582761162,92.49147277217335,17064,482,14,largest_lambda_within_one_standard_error_then_fewer_terms_then_larger_lambda
-10.0,0.0,main,n^2,0.0,92.49147277217335,17064,482,14,largest_lambda_within_one_standard_error_then_fewer_terms_then_larger_lambda
-10.0,0.0,main,V*Bs,0.0009040116386711155,92.49147277217335,17064,482,14,largest_lambda_within_one_standard_error_then_fewer_terms_then_larger_lambda
-10.0,0.0,main,n*V,0.0,92.49147277217335,17064,482,14,largest_lambda_within_one_standard_error_then_fewer_terms_then_larger_lambda
-10.0,0.0,main,n*Bs,0.04431243399070148,92.49147277217335,17064,482,14,largest_lambda_within_one_standard_error_then_fewer_terms_then_larger_lambda
-10.0,0.0,main,Pdyn*Bs,0.06616279618726363,92.49147277217335,17064,482,14,largest_lambda_within_one_standard_error_then_fewer_terms_then_larger_lambda
-10.0,0.0,main,n*V*Bs,-0.00016308420446636634,92.49147277217335,17064,482,14,largest_lambda_within_one_standard_error_then_fewer_terms_then_larger_lambda
-10.0,0.0,main,sin(θ_c/2),-4.633545549914115,92.49147277217335,17064,482,14,largest_lambda_within_one_standard_error_then_fewer_terms_then_larger_lambda
-10.0,0.0,main,sin²(θ_c/2),1.7961514677652475,92.49147277217335,17064,482,14,largest_lambda_within_one_standard_error_then_fewer_terms_then_larger_lambda
-10.0,0.0,main,sin⁴(θ_c/2),-6.850536590199535,92.49147277217335,17064,482,14,largest_lambda_within_one_standard_error_then_fewer_terms_then_larger_lambda
-10.0,0.0,main,sin^(8/3)(θ_c/2),9.923630578487323,92.49147277217335,17064,482,14,largest_lambda_within_one_standard_error_then_fewer_terms_then_larger_lambda
-10.0,0.0,main,V*sin²(θ_c/2),0.0019245857366349403,92.49147277217335,17064,482,14,largest_lambda_within_one_standard_error_then_fewer_terms_then_larger_lambda
-10.0,0.0,main,Newell_d_Φ,-0.0002813789807372155,92.49147277217335,17064,482,14,largest_lambda_within_one_standard_error_then_fewer_terms_then_larger_lambda
-10.0,0.0,recovery,1,1.8366102626302399,92.49147277217335,23292,483,6,largest_lambda_within_one_standard_error_then_fewer_terms_then_larger_lambda
-10.0,0.0,recovery,V,-0.004747120049961808,92.49147277217335,23292,483,6,largest_lambda_within_one_standard_error_then_fewer_terms_then_larger_lambda
-10.0,0.0,recovery,Bs,0.0,92.49147277217335,23292,483,6,largest_lambda_within_one_standard_error_then_fewer_terms_then_larger_lambda
-10.0,0.0,recovery,n,0.0,92.49147277217335,23292,483,6,largest_lambda_within_one_standard_error_then_fewer_terms_then_larger_lambda
-10.0,0.0,recovery,Pdyn,0.0,92.49147277217335,23292,483,6,largest_lambda_within_one_standard_error_then_fewer_terms_then_larger_lambda
-10.0,0.0,recovery,Dst_star,-0.0474711103215179,92.49147277217335,23292,483,6,largest_lambda_within_one_standard_error_then_fewer_terms_then_larger_lambda
-10.0,0.0,recovery,V^2,2.9860201647147346e-6,92.49147277217335,23292,483,6,largest_lambda_within_one_standard_error_then_fewer_terms_then_larger_lambda
-10.0,0.0,recovery,Bs^2,0.0,92.49147277217335,23292,483,6,largest_lambda_within_one_standard_error_then_fewer_terms_then_larger_lambda
-10.0,0.0,recovery,n^2,0.0,92.49147277217335,23292,483,6,largest_lambda_within_one_standard_error_then_fewer_terms_then_larger_lambda
-10.0,0.0,recovery,V*Bs,0.0,92.49147277217335,23292,483,6,largest_lambda_within_one_standard_error_then_fewer_terms_then_larger_lambda
-10.0,0.0,recovery,n*V,0.0,92.49147277217335,23292,483,6,largest_lambda_within_one_standard_error_then_fewer_terms_then_larger_lambda
-10.0,0.0,recovery,n*Bs,0.0,92.49147277217335,23292,483,6,largest_lambda_within_one_standard_error_then_fewer_terms_then_larger_lambda
-10.0,0.0,recovery,Pdyn*Bs,0.0,92.49147277217335,23292,483,6,largest_lambda_within_one_standard_error_then_fewer_terms_then_larger_lambda
-10.0,0.0,recovery,n*V*Bs,0.0,92.49147277217335,23292,483,6,largest_lambda_within_one_standard_error_then_fewer_terms_then_larger_lambda
-10.0,0.0,recovery,sin(θ_c/2),1.1690959962003333,92.49147277217335,23292,483,6,largest_lambda_within_one_standard_error_then_fewer_terms_then_larger_lambda
-10.0,0.0,recovery,sin²(θ_c/2),-2.0236497101204454,92.49147277217335,23292,483,6,largest_lambda_within_one_standard_error_then_fewer_terms_then_larger_lambda
-10.0,0.0,recovery,sin⁴(θ_c/2),0.0,92.49147277217335,23292,483,6,largest_lambda_within_one_standard_error_then_fewer_terms_then_larger_lambda
-10.0,0.0,recovery,sin^(8/3)(θ_c/2),0.0,92.49147277217335,23292,483,6,largest_lambda_within_one_standard_error_then_fewer_terms_then_larger_lambda
-10.0,0.0,recovery,V*sin²(θ_c/2),0.0,92.49147277217335,23292,483,6,largest_lambda_within_one_standard_error_then_fewer_terms_then_larger_lambda
-10.0,0.0,recovery,Newell_d_Φ,0.0,92.49147277217335,23292,483,6,largest_lambda_within_one_standard_error_then_fewer_terms_then_larger_lambda
