1,V,Bs,n,Pdyn,Dst_star,V^2,Bs^2,n^2,V*Bs,n*V,n*Bs,Pdyn*Bs,n*V*Bs,sin(θ_c/2),sin²(θ_c/2),sin⁴(θ_c/2),sin^(8/3)(θ_c/2),V*sin²(θ_c/2),Newell_d_Φ
0.0,0.0,-0.7402684520312837,0.0,-0.9619082783671139,-0.05261297795529539,0.0,0.0,0.0,0.0,0.0005947327579618417,0.0487238735971174,0.07989439847911868,-0.00020479658461176705,6.805753055568958,-37.94164775652627,-8.92118031348214,41.007818749816,0.0,0.0
0.0,0.0,-0.7464050658193403,0.0,-0.9115232225852872,-0.051825062790760726,0.0,0.0,0.0,0.0,0.0005464700904934201,0.041340278877430345,0.06221743576337975,-0.00017183080503040035,7.0860509358731285,-38.607105462528864,-9.188440482081536,41.67584132290035,0.0,0.0
0.0,0.0,-0.7327252477940461,-0.1253276334615854,-1.1917650929835615,-0.05211426857548016,0.0,0.0,0.0,0.0,0.0010587999831277858,0.07451965163343556,0.11469715974119235,-0.00029290345671717944,6.8171734272049465,-38.13885199563199,-9.111234894296711,41.38975431326171,0.0,0.0
0.0,0.0,-0.6968693190498526,0.0,-0.8897130936601604,-0.05178666008832801,0.0,0.0,0.0,0.0,0.0005372277402215816,0.060351755742141806,0.09770358502702987,-0.0002481602807838107,6.880400434270629,-37.87546998721668,-9.151847069768012,40.96182743625598,0.0,0.0
0.0,0.0,-0.7165702749386206,-0.12949183217523857,-1.2175928776142102,-0.05205045290441505,0.0,0.0,0.0,0.0,0.0010881070450012918,0.07277339323271143,0.1166657313145594,-0.00028902216210988443,6.705404543049182,-37.45313649025842,-8.954242136393704,40.578248620511005,0.0,0.0
0.0,0.0,-0.7286131246286588,0.0,-0.8864767222735458,-0.0513103290412732,0.0,0.0,0.0,0.0,0.0005311486278085548,0.05658473662066393,0.08707908185599504,-0.00022734588231509073,7.17197564670524,-38.933868530031205,-9.190184171553739,41.88126611652919,0.0,0.0
0.0,0.0,-0.7548545104732135,-0.1160958884286363,-1.197072450737412,-0.0530062306394372,0.0,0.0,0.0,0.0,0.0010438300264424508,0.06199563629835636,0.09964459516791968,-0.0002485062147300312,7.096785147569925,-40.01694128652622,-9.707295217807745,43.57375557271467,0.0,0.0
0.0,0.0,-0.7453618294491882,0.0,-0.8486550876588905,-0.05130479179852298,0.0,0.0,0.0,0.0,0.0005021484975815144,0.05714342541248741,0.08562353232673496,-0.00022608730345880613,7.709101710054849,-42.70892819154557,-10.605888761684415,46.6037581844241,0.0,0.0
0.0,0.0,-0.7270497771898957,0.0,-0.8899309290747263,-0.05216453091867946,0.0,0.0,0.0,0.0,0.0005473058137798592,0.06179439932990569,0.0951272004596231,-0.0002477089882632677,6.2557389010099955,-35.370402594480815,-8.424657503000189,38.43435576079387,0.0,0.0
0.0,0.0,-0.7434512809632075,0.0,-0.9123988111030894,-0.0527335243471805,0.0,0.0,0.0,0.0,0.0005550735169959247,0.047530800717486034,0.06638412730007488,-0.00019174304398083232,6.7800779719748565,-37.68486491331415,-8.731172112361685,40.596212799175994,0.0,0.0
0.0,0.0,-0.7363960062758137,0.0,-0.8823404978289112,-0.05316091470404024,0.0,0.0,0.0,0.0,0.0005393313526875663,0.06459524414626254,0.09497334801563313,-0.00025276245244150474,6.836763637340531,-39.53861408044125,-10.094474676359685,43.63581970399888,0.0,0.0
0.0,0.0,-0.7374609132499063,0.0,-0.8971615008969046,-0.05227170278428893,0.0,0.0,0.0,0.0,0.0005462718418594448,0.05837814104861028,0.0829080692999593,-0.00022954608837241406,6.87315419531994,-38.04116793230012,-8.86203622601087,40.98733186247126,0.0,0.0
0.0,0.0,-0.7454266846761022,-0.10162121750925525,-1.1731127670315211,-0.05326470490727714,0.0,0.0,0.0,0.0,0.0009863998739729565,0.0539736839902718,0.0694301415019082,-0.00020938978183698248,6.747065347223053,-38.731070310340925,-9.765074839008074,42.650246908581,0.0,0.0
0.0,0.0,-0.7381060334714723,0.0,-0.9015921958171413,-0.05299356974525491,0.0,0.0,0.0,0.0,0.0005551212297306967,0.04739614435141583,0.06640161799850075,-0.00019261839519179742,6.307601857169415,-36.13465791810883,-8.663918902389396,39.39191256310029,0.0,0.0
0.0,0.0,-0.7282221996738054,0.0,-0.9164105584941176,-0.05305444089130451,0.0,0.0,0.0,0.0,0.000562588246427912,0.06205195221260637,0.09676722215285574,-0.0002510710763733192,6.634130081929396,-37.0646942115131,-8.561357868368253,39.928454613663455,0.0,0.0
0.0,0.0,-0.7428815866193439,0.0,-0.9017380751332095,-0.05264066384411549,0.0,0.0,0.0,0.0,0.0005423939877491901,0.06764610959810902,0.11006810941297313,-0.0002716420290102009,6.997606001336877,-38.84948295934128,-9.099218132398766,41.930860398475474,0.0,0.0
0.0,0.0,-0.7238430232330065,0.0,-0.8720563162883117,-0.05159937192888324,0.0,0.0,0.0,0.0,0.0005298297075624437,0.06134280380502794,0.09117845266782001,-0.0002434964013721576,6.621071339316697,-36.92708422428125,-8.868854233889412,40.06420263818573,0.0,0.0
0.0,0.0,-0.7254501411183569,0.0,-0.8943519324288803,-0.05202693158393829,0.0,0.0,0.0,0.0,0.0005321994118447698,0.06449095409940513,0.10144775314081869,-0.00025766592915658573,7.636058070145829,-41.885075586429075,-10.091322425639435,45.28766812907464,0.0,0.0
0.0,0.0,-0.7316609069632846,0.0,-0.8641659475017328,-0.05282377523141094,0.0,0.0,0.0,0.0,0.0005273703259484269,0.05546802347926232,0.07687054323304936,-0.00021831801995990266,6.4880705482967045,-35.97412394913841,-8.150409914705866,38.51235019720749,0.0,0.0
0.0,0.0,-0.7322809754229554,0.0,-0.9160414290278605,-0.05259042945295948,0.0,0.0,0.0,0.0,0.0005600247699556639,0.05711936107052626,0.08436321932842955,-0.00022808120418644514,6.336011886029361,-35.38348701679015,-8.205161392555155,38.18742467031605,0.0,0.0
0.0,0.0,-0.7303345188220031,0.0,-0.9037487951003169,-0.052404385407873025,0.0,0.0,0.0,0.0,0.0005613531120327973,0.060721445343754725,0.09202951603473865,-0.00024206595539473424,6.076407806756448,-34.259665553486506,-7.884962712887347,36.954953526488396,0.0,0.0
0.0,0.0,-0.7253406235268148,0.0,-0.8886981074382044,-0.05346408148145368,0.0,0.0,0.0,0.0,0.0005404564135272689,0.045019614601756595,0.05107797378542305,-0.00017622568269121632,7.080240176936171,-41.0177206034265,-10.6305638611547,45.413072955627925,0.0,0.0
0.0,0.0,-0.7562477073555046,0.0,-0.9499990269807769,-0.05278146158827471,0.0,0.0,0.0,0.0,0.0005846264956265433,0.05395221850989005,0.08408147090287078,-0.00021990569725132016,7.081977013122894,-39.742991347117126,-9.473737607876574,43.13972641250595,0.0,0.0
0.0,0.0,-0.7243384086762904,0.0,-0.9172312668431774,-0.052655169972285344,0.0,0.0,0.0,0.0,0.0005502568055130176,0.06014725194248905,0.09347806348816191,-0.000244267193372961,6.999146197867915,-38.47421654595684,-8.977656434860814,41.41870601735619,0.0,0.0
0.0,0.0,-0.7451377526076073,0.0,-0.9446566159949731,-0.0534345751139885,0.0,0.0,0.0,0.0,0.0005765113999026261,0.057041109065342065,0.08540015289445602,-0.00022829949333599237,7.0026379871520374,-38.70319596077735,-8.852515607686994,41.53381418183815,0.0,0.0
0.0,0.0,-0.7422462850330627,0.0,-0.9138660520887014,-0.05316640611537804,0.0,0.0,0.0,0.0,0.0005587466253812218,0.053022772664092756,0.07449430820811549,-0.00020990792705957476,6.744674582771005,-37.8134844859891,-8.866890697440184,40.86923332580403,0.0,0.0
0.0,0.0,-0.7232943082789903,0.0,-0.8737006816992301,-0.05233839149552667,0.0,0.0,0.0,0.0,0.0005263249913906402,0.05901087836519297,0.08818756701797532,-0.00023548856940270636,6.971783876337414,-39.045043908120135,-9.595387161216305,42.54563747017403,0.0,0.0
0.0,0.0,-0.7352841027226322,0.0,-0.9326889973811611,-0.05368634182262835,0.0,0.0,0.0,0.0,0.000578213787643397,0.05207415933224204,0.07406787280563559,-0.0002100078502473153,6.210369029543275,-35.116779271468104,-8.122399254036171,37.91322514409413,0.0,0.0
0.0,0.0,-0.7294555818402331,0.0,-0.9100215778304497,-0.05360115051905106,0.0,0.0,0.0,0.0,0.0005537586851398023,0.06436185402165658,0.09938549213809306,-0.00025757749506355286,6.756350363318045,-37.7051470562761,-8.509152698973713,40.383799226459296,0.0,0.0
0.0,0.0,-0.7248806776172089,0.0,-0.9132163198794903,-0.053880156671072814,0.0,0.0,0.0,0.0,0.0005548900186961941,0.06817645317691373,0.10039553697892921,-0.00026711621745428155,6.900967440792964,-39.29600270934722,-9.879319953870729,43.10872063877189,0.0,0.0
0.0,0.0,-0.734756035774709,0.0,-0.8828964686989774,-0.052404287790608614,0.0,0.0,0.0,0.0,0.0005372660437009141,0.06190285074933988,0.09621842414306186,-0.0002485265340268219,6.253594805488326,-34.89773087601067,-7.932806041071576,37.53158611161435,0.0,0.0
0.0,0.0,-0.7426940497289265,0.0,-0.8896151773028635,-0.052981758445427,0.0,0.0,0.0,0.0,0.0005357520782910297,0.0518758474302668,0.07017303897506967,-0.0002034713634692175,6.392390695397693,-34.99218396564922,-7.670448754738365,37.24456866132161,0.0,0.0
0.0,0.0,-0.7282563067011789,0.0,-0.8953520456765891,-0.05162448744245601,0.0,0.0,0.0,0.0,0.0005382344388161814,0.06027202128465333,0.09131018013948836,-0.00023981865834151486,7.267975520515476,-39.555086304842355,-9.337955739567887,42.55588685562517,0.0,0.0
0.0,0.0,-0.7212879379479232,0.0,-0.8837733164855088,-0.052340041847969414,0.0,0.0,0.0,0.0,0.0005355813640281744,0.06760932982440854,0.09793736959751988,-0.00026407582491478726,6.983380032699728,-39.222689604043545,-9.669478848870872,42.77111247550094,0.0,0.0
0.0,0.0,-0.716016132277016,0.0,-0.9183507724721004,-0.05273094507504663,0.0,0.0,0.0,0.0,0.0005634525808805035,0.058436346226755226,0.09138484563749356,-0.00023818053575765864,7.206931066735834,-41.104946785171684,-10.536685377636902,45.266481446120636,0.0,0.0
0.0,0.0,-0.7316281985097776,0.0,-0.855647299300035,-0.052133872041226395,0.0,0.0,0.0,0.0,0.0005159296781754644,0.06928097320569697,0.11154991877825521,-0.00027921214147192807,7.702389359167535,-43.72518766933628,-11.092748150717195,48.06354365641623,0.0,0.0
0.0,0.0,-0.7377085405589021,0.0,-0.9104925861314994,-0.05159090439169656,0.0,0.0,0.0,0.0,0.0005476229762780883,0.06311487485659496,0.096720129741707,-0.0002514247341279639,7.786635085470673,-42.739635461464,-10.390780603491363,46.33222741953525,0.0,0.0
0.0,0.0,-0.7269539837227579,0.0,-0.9042185456259018,-0.05238916775607773,0.0,0.0,0.0,0.0,0.0005452500320720404,0.0709058863576199,0.11581043624234146,-0.0002853133734060049,7.1566211307283805,-39.79261787169026,-9.668864093788827,43.21864597515739,0.0,0.0
0.0,0.0,-0.7259371054580748,0.0,-0.9165203741931279,-0.05231227792097981,0.0,0.0,0.0,0.0,0.0005612527081016621,0.06176302686192387,0.09818671677496478,-0.0002519608450721998,7.361961727392224,-41.42578659987237,-10.20940625734949,45.19924531498278,0.0,0.0
0.0,0.0,-0.7486212464626972,0.0,-0.8748697452669536,-0.05271859171872456,0.0,0.0,0.0,0.0,0.0005307001777007643,0.061281189664556854,0.09389366286389639,-0.0002439671577218906,6.2953485970091005,-35.88952069519051,-8.581307538994208,39.127163933813975,0.0,0.0
0.0,0.0,-0.7252065507558862,0.0,-0.8649727054583174,-0.051774059349520944,0.0,0.0,0.0,0.0,0.000517952406722039,0.024698969829290904,0.0,-8.947294232540598e-5,7.150066987408924,-39.70714099617854,-9.652275096565704,43.118662771673705,0.0,0.0
0.0,0.0,-0.733208770617636,-0.103381495295562,-1.154290868033713,-0.05208454979540565,0.0,0.0,0.0,0.0,0.000980120495578283,0.0622790180855573,0.09860617819473042,-0.0002506089132859301,6.851809240403894,-38.27608173934133,-9.148961984375497,41.504037458794485,0.0,0.0
0.0,0.0,-0.7178866323602374,0.0,-0.8851686437191133,-0.052353204457700385,0.0,0.0,0.0,0.0,0.0005351401647575658,0.06713731545221574,0.10399430541231082,-0.0002672613702164088,6.602250682408552,-36.40564164698127,-8.421895890824217,39.13162158155143,0.0,0.0
0.0,0.0,-0.7207077155384046,0.0,-0.873681189787952,-0.05206020701383419,0.0,0.0,0.0,0.0,0.0005232483491378517,0.06210265535298402,0.09597468371244784,-0.00024893805589135543,6.652526829588846,-36.705780946056436,-8.788747539078159,39.71777659839666,0.0,0.0
0.0,0.0,-0.7404515499753882,-0.10695768662648593,-1.2352903293534094,-0.05309506835357473,0.0,0.0,0.0,0.0,0.0010341542138951542,0.05685268087024401,0.09502001277246082,-0.00023192904114028643,7.198874598581189,-39.85748771891168,-9.709111055618997,43.27465858596689,0.0,0.0
0.0,0.0,-0.7050849956903035,0.0,-0.8866735146786484,-0.05352490329269123,0.0,0.0,0.0,0.0,0.0005422619262245692,0.06783246908874048,0.11005324452084911,-0.00027398115188658834,6.409393661073952,-37.36734954061322,-9.552971200374323,41.24675873540557,0.0,0.0
0.0,0.0,-0.742768846361929,0.0,-0.8813739272118463,-0.05380488270562348,0.0,0.0,0.0,0.0,0.0005351610617457619,0.06673769305038149,0.0990347367578361,-0.00026256447589603364,6.472480462664825,-36.53551915416039,-8.424744615984224,39.428697051295536,0.0,0.0
0.0,0.0,-0.7193364085771768,0.0,-0.8615613269653236,-0.05226034856304347,0.0,0.0,0.0,0.0,0.0005244522235146054,0.0711710955890768,0.11145227213481605,-0.00028558138560688787,6.639505842675462,-37.08184042358605,-8.773941939848111,40.12563411930509,0.0,0.0
0.0,0.0,-0.7177364000216767,0.0,-0.8644472707037226,-0.0520049413017682,0.0,0.0,0.0,0.0,0.0005211683508138627,0.06079111711443731,0.09377381182065211,-0.00024317263208506847,7.126578199076801,-38.80756838903229,-9.137006846295447,41.66598777556327,0.0,0.0
0.0,0.0,-0.7408023199043933,0.0,-0.9167349950353729,-0.05298734571138519,0.0,0.0,0.0,0.0,0.0005626503828788514,0.06260375814294544,0.09879211362306409,-0.00025223096996364016,7.218793150162438,-41.033442020238674,-10.071793382024355,44.83052450363711,0.0,0.0
0.0,0.0,-0.7333698362189277,0.0,-0.8473909693124683,-0.051839082785588256,0.0,0.0,0.0,0.0,0.0005124120917372489,0.056292703970046445,0.08449206519915868,-0.00022612921259105944,6.990869125242441,-38.47305387322401,-8.824029746506096,41.246521612228406,0.0,0.0
0.0,0.0,-0.7006588396871716,0.0,-0.9385937619331309,-0.052950755039059154,0.0,0.0,0.0,0.0,0.0005739580384973111,0.06816858285729281,0.12008320251190675,-0.000284271593574536,6.727950532431374,-36.43553579476536,-8.12030307581986,38.66959616857546,0.0,0.0
0.0,0.0,-0.7296783246199962,0.0,-0.8886298776874674,-0.05176198496297653,0.0,0.0,0.0,0.0,0.0005374448319133272,0.06392657530662704,0.09224293642363199,-0.000250957546118556,7.184114451258281,-39.271662658956764,-9.164881436042823,42.20805566801755,0.0,0.0
0.0,0.0,-0.7261541517173882,0.0,-0.9048457670202359,-0.05303713462933871,0.0,0.0,0.0,0.0,0.000558744090149305,0.062281403478778995,0.09725155552376348,-0.0002513094762932684,6.744017735736297,-38.593911272019334,-9.485481660551857,42.18991527551724,0.0,0.0
0.0,0.0,-0.7224100213283224,0.0,-0.9014870724597855,-0.05263804451054329,0.0,0.0,0.0,0.0,0.0005404685477497621,0.0480407367343524,0.06499438281973964,-0.00019274235925274903,7.454917535380792,-41.61361850153385,-10.474894377212221,45.50128998790766,0.0,0.0
0.0,0.0,-0.7628860011686834,0.0,-0.9121701545275005,-0.05234639050306336,0.0,0.0,0.0,0.0,0.0005509205397370491,0.05316411884444979,0.08266713281251223,-0.0002139329244040914,6.957424937446806,-38.811866473226054,-9.363014393029458,42.21582858172781,0.0,0.0
0.0,0.0,-0.7252045668891455,0.0,-0.9074739557408447,-0.05271982362126121,0.0,0.0,0.0,0.0,0.0005479354448719516,0.057417026715872684,0.08859049972787689,-0.00023210365587032802,7.228176746990853,-40.461249998986546,-9.919673545075687,44.04613584093153,0.0,0.0
0.0,0.0,-0.7279502900912437,0.0,-0.8829499312292326,-0.05163213477706166,0.0,0.0,0.0,0.0,0.0005340305845750213,0.05853854377338685,0.09072615988871065,-0.0002371237460075383,7.055740034148995,-38.834192577189434,-9.093322630935592,41.825426193055165,0.0,0.0
0.0,0.0,-0.7578951905745637,-0.11469454480489887,-1.1464129369205611,-0.051382091924317544,0.0,0.0,0.0,0.0,0.0010028524408695252,0.06572082542225773,0.09778113382682245,-0.000255094329207106,7.051996266624207,-38.94493710200266,-8.965342103741413,41.908183709476255,0.0,0.0
0.0,0.0,-0.7556735766884783,0.0,-0.9029041793000939,-0.05146455246318345,0.0,0.0,0.0,0.0,0.0005448336256181722,0.05932919547276889,0.09225632156079695,-0.00023661150577967616,6.825206815012371,-36.991438779364735,-8.25555313575583,39.47750997242436,0.0,0.0
1.6177024290211623,-0.005849264164525454,-0.7247192895412703,-0.1557515659169206,-1.1503029594738727,-0.053103162063618696,4.2469193929835475e-6,0.0,0.0,0.0,0.001084776457868476,0.07475595275125586,0.12778237666152184,-0.00030231231242944923,8.712435790968394,-44.87402891034356,-10.419321396674354,47.64925151996902,0.0,0.0
0.0,0.0,-0.7507746635296656,0.0,-0.9018433189143303,-0.05219619387947081,0.0,0.0,0.0,0.0,0.0005494053414468746,0.05055329174535308,0.07228544037617053,-0.00020197849040868706,7.026734474152705,-38.97366789736663,-9.196512035273539,42.13520116964989,0.0,0.0
0.0,0.0,-0.7175065868610047,0.0,-0.9018344055966695,-0.05198848301015095,0.0,0.0,0.0,0.0,0.0005557147464353433,0.05769379479126972,0.08467092215854158,-0.00023210235855522274,6.2397179250503,-34.69444632787766,-7.974254898141883,37.3234625535539,0.0,0.0
0.0,0.0,-0.7491417968129807,0.0,-0.9118956133485095,-0.05232321960394467,0.0,0.0,0.0,0.0,0.0005511041093583962,0.058867009566092865,0.09152763202483245,-0.000236532924733076,7.031966349677826,-39.054877346841636,-9.336862121424856,42.3472319029463,0.0,0.0
1.8010745335869782,-0.00645526296519517,-0.7136791429532964,-0.18122344847512956,-1.1735285690841513,-0.05411569024216302,4.67638735180809e-6,0.0,0.0,0.0,0.001158691607964306,0.05153704746540581,0.05639002138120928,-0.00019580435316690774,8.363965161812931,-44.1210936750031,-10.793362647444306,47.53163309569182,0.0,0.0
0.0,0.0,-0.7083080073956364,0.0,-0.907782539994227,-0.0515240575521187,0.0,0.0,0.0,0.0,0.0005622407599201388,0.06216906830582138,0.09515261891821584,-0.0002510067533395572,6.919533425876794,-38.82431976504233,-9.498134798793533,42.27131306218942,0.0,0.0
0.0,0.0,-0.7313653112115518,0.0,-0.9216143755243662,-0.05232791282366538,0.0,0.0,0.0,0.0,0.000559116829412159,0.04847178649160523,0.0734183320928584,-0.0001996192702489496,7.248487784747581,-39.81274160641287,-9.459477289764456,42.97405725220673,0.0,0.0
0.0,0.0,-0.7204599875283755,0.0,-0.9103785249068848,-0.052177381815042057,0.0,0.0,0.0,0.0,0.0005529365081335893,0.06087904459447897,0.09124178319608554,-0.00024359199412952282,7.335349599610522,-41.388516859009634,-10.474882229545237,45.42270790569161,0.0,0.0
0.0,0.0,-0.7251845507369152,0.0,-0.9073056641711564,-0.052345135475005196,0.0,0.0,0.0,0.0,0.0005478438826710108,0.06547605601871244,0.0937739468273138,-0.0002536706667899198,7.381779199742355,-41.75033423474411,-10.838160204335427,46.06163891043497,0.0,0.0
0.0,0.0,-0.7127552224433308,0.0,-0.9167653999252332,-0.052852310744210436,0.0,0.0,0.0,0.0,0.0005651678802933463,0.06713149826423363,0.10529463771060049,-0.0002699344537077651,6.199616134322026,-35.23383635567485,-8.42750308722839,38.30063853626091,0.0,0.0
0.0,0.0,-0.7222446582266175,0.0,-0.9255696252976311,-0.05257026249776464,0.0,0.0,0.0,0.0,0.0005657912071275704,0.061138092253200604,0.09232044676092536,-0.0002443390730850347,7.804847660016006,-45.13082847113654,-12.178325040373606,50.34406935304426,0.0,0.0
0.0,0.0,-0.7145592297902943,0.0,-0.8634323559584207,-0.052003786411374875,0.0,0.0,0.0,0.0,0.0005294690134901482,0.06094334699369245,0.09174319771302042,-0.00024406013853003512,6.483685084980784,-36.10075043471074,-8.378813425515451,38.848856550527984,0.0,0.0
0.0,0.0,-0.7296098194336683,0.0,-0.9207201586262842,-0.05273208056168856,0.0,0.0,0.0,0.0,0.0005617060138665112,0.05125098735069193,0.07486209749099718,-0.00020885540252844315,7.169747293763846,-40.64320483600808,-10.251010696568306,44.610308449530606,0.0,0.0
0.0,0.0,-0.7299447607889242,0.0,-0.9062063050540564,-0.05255024426501002,0.0,0.0,0.0,0.0,0.0005537838617297621,0.05161560164602448,0.078756448002297,-0.00021052927243316263,7.123609091743995,-40.79529821330365,-10.483358456016811,45.02323676302519,0.0,0.0
0.0,0.0,-0.7382920234612795,0.0,-0.8737264866507198,-0.051168976398445136,0.0,0.0,0.0,0.0,0.0005268888469877117,0.06894380791080093,0.11255451844869034,-0.00027515346605945176,7.045517871312591,-39.23153205505536,-9.420743503753489,42.58393596088163,0.0,0.0
0.0,0.0,-0.7332217198718499,0.0,-0.9210232474185194,-0.05249630399603479,0.0,0.0,0.0,0.0,0.0005615038594773114,0.05812215183078425,0.0839509851368755,-0.00023018963082553713,7.390102356481127,-41.20618765555712,-10.075810592857584,44.81854748117808,0.0,0.0
0.0,0.0,-0.7098992081974272,0.0,-0.8818040922988911,-0.05200586886017418,0.0,0.0,0.0,0.0,0.00053110146005093,0.02473506446182552,0.0,-9.230238028594709e-5,7.067672735282361,-39.13539072800347,-9.406738015281347,42.36763220208115,0.0,0.0
0.0,0.0,-0.705351358951295,0.0,-0.9031042306774107,-0.05206337675368804,0.0,0.0,0.0,0.0,0.00055671015334459,0.05755740362691784,0.08571370298097583,-0.0002356691675950923,6.50921966504369,-36.194038563791544,-8.416408269157353,38.975466763795225,0.0,0.0
0.0,0.0,-0.7171396972722877,0.0,-0.8910971818727939,-0.05355277974791132,0.0,0.0,0.0,0.0,0.0005520352822649614,0.05721488681408179,0.07370350320725103,-0.0002237361721407579,6.437655375250496,-37.601070851204774,-9.459617309743267,41.437787750931186,0.0,0.0
0.0,0.0,-0.7358568971834526,0.0,-0.8932468707182323,-0.05260890487972769,0.0,0.0,0.0,0.0,0.0005444074369174484,0.07174519463012448,0.11001064063368807,-0.0002816071136383393,6.720280860505847,-37.616009262651,-8.903415174655374,40.72734851568857,0.0,0.0
0.0,0.0,-0.7284382611971291,0.0,-0.8960400822534992,-0.052552661247588395,0.0,0.0,0.0,0.0,0.0005446256702656964,0.06512464852542701,0.0977986391941093,-0.00025887594920317807,6.966352088577928,-39.03048418013798,-9.443211661347963,42.41950730065837,0.0,0.0
0.0,0.0,-0.7276921258437822,0.0,-0.9310872538628049,-0.05329960663894305,0.0,0.0,0.0,0.0,0.0005675383611111321,0.05596483197707271,0.08130013403038494,-0.0002226002794274577,6.688141118581917,-37.58718727087718,-9.126368643822374,40.88428235105106,0.0,0.0
0.0,0.0,-0.7018050243679589,0.0,-0.8905903793209963,-0.05232732517615537,0.0,0.0,0.0,0.0,0.0005391696138354044,0.06109803179834684,0.08971933137506279,-0.00024424642590813156,7.179003307004068,-40.281297353735084,-10.140404590191455,44.07567129247037,0.0,0.0
0.0,0.0,-0.7191934566246045,0.0,-0.9217946127144647,-0.05114069883858229,0.0,0.0,0.0,0.0,0.000565766087352334,0.060516050367007336,0.0981176370822585,-0.0002467294029008719,7.2547827823256155,-40.036585312825764,-9.99433149388831,43.64371080581128,0.0,0.0
0.0,0.0,-0.7454498446387141,0.0,-0.9134738406287136,-0.05294855956898241,0.0,0.0,0.0,0.0,0.000561905849419077,0.045457633991188975,0.06110300490008498,-0.00018270723470240234,6.57037538736166,-37.75444708294421,-9.377546209039883,41.47430573254024,0.0,0.0
0.0,0.0,-0.7223495424185702,0.0,-0.8620586174473831,-0.05276154820853807,0.0,0.0,0.0,0.0,0.0005225827757397758,0.05090257493614683,0.06397627794038824,-0.00019872133126441524,6.962252157804314,-39.102107957609775,-9.593413055920163,42.571717437426095,0.0,0.0
0.0,0.0,-0.7447699040697763,0.0,-0.866967142867547,-0.05327551708892464,0.0,0.0,0.0,0.0,0.000528218185536596,0.07370749253942423,0.110480177360736,-0.00028578281436642943,6.65980378257788,-38.634892457833224,-9.528582463505009,42.44444155633661,0.0,0.0
0.0,0.0,-0.7254316760647223,0.0,-0.8797164953424851,-0.05293422446135997,0.0,0.0,0.0,0.0,0.0005427573915972703,0.05618165338957316,0.08095480550263377,-0.0002257682392684774,6.399230863115809,-36.37791631594404,-8.605872753331472,39.445663462003495,0.0,0.0
0.0,0.0,-0.7395903542716858,0.0,-0.8741023447854309,-0.052224399332600244,0.0,0.0,0.0,0.0,0.0005184992524763915,0.06430323888069289,0.09262984738442613,-0.00025026086604260854,7.566701409868266,-41.7272616210301,-10.167530476157788,45.28970102478951,0.0,0.0
0.0,0.0,-0.721893298654875,0.0,-0.9020046401154633,-0.05307857343670035,0.0,0.0,0.0,0.0,0.0005604295591574352,0.06078406387163224,0.0902841699515125,-0.00024321646466951558,6.38875632932455,-37.15628137809869,-9.367401572642652,40.96261926380775,0.0,0.0
0.0,0.0,-0.7287386759422686,0.0,-0.8682673806336929,-0.051662130851270006,0.0,0.0,0.0,0.0,0.0005180217299166767,0.06283260626289977,0.09645241718655723,-0.0002498272604376647,7.400977334969666,-40.793533318573154,-9.951926688745607,44.27866416233848,0.0,0.0
0.0,0.0,-0.736246865538668,0.0,-0.9125415424480232,-0.05302897667253697,0.0,0.0,0.0,0.0,0.0005599339551964171,0.05920875293832143,0.0933088861969646,-0.00024037317626767106,6.552567541455433,-37.37780099661875,-9.016830915421867,40.7608118363862,0.0,0.0
0.0,0.0,-0.7263461767802888,0.0,-0.858047972340011,-0.05272211245014178,0.0,0.0,0.0,0.0,0.0005275857503651065,0.061970483455753324,0.0923429099508878,-0.00024673453469284667,6.248063827407195,-35.05721221427948,-7.996353371238007,37.69520396460294,0.0,0.0
0.0,0.0,-0.7332041418197011,0.0,-0.8977359734754093,-0.05263214091829105,0.0,0.0,0.0,0.0,0.0005409649633516354,0.05857474915990739,0.08696321364607236,-0.00023238405976772522,6.840446387940822,-37.999526752629,-8.912502775222526,41.01448233313984,0.0,0.0
0.0,0.0,-0.7365284534610641,0.0,-0.8749833237126635,-0.0527161922138202,0.0,0.0,0.0,0.0,0.0005446008711836709,0.061810616707436164,0.09539962311779518,-0.000248539125187421,6.696314199266971,-38.94678268909147,-9.833627145797266,42.961455861312004,0.0,0.0
0.0,0.0,-0.9393586232497096,0.0,-1.0910986130655136,-0.05336438080812882,0.0,0.0,0.0,0.0,0.0006201805240089207,0.0,0.0,0.0,10.13349197920918,-52.27156744189093,-11.880802643479273,55.577730972887196,0.0,0.0
0.0,0.0,-0.7548976755051786,0.0,-0.9108494032035438,-0.05180630989119684,0.0,0.0,0.0,0.0,0.0005621120181041975,0.054934563758119156,0.08224930912608237,-0.0002204262289543424,6.694688062513709,-36.38568817660027,-7.762476704015248,38.51870960446788,0.0,0.0
0.0,0.0,-0.7488782505901295,0.0,-0.8419958225877939,-0.051149947788629496,0.0,0.0,0.0,0.0,0.0005005446951565732,0.06037666754791039,0.08458010286960685,-0.00023255413051010128,7.7196289338390995,-42.3327612110752,-10.21075402497634,45.828801380560336,0.0,0.0
1.6982568537237386,-0.006150783057475769,-0.7426767424636127,-0.22220884722107132,-1.2420757766617552,-0.05439276137804362,4.103623977999474e-6,0.0,0.0,0.0,0.0013111211560917547,0.06704405419519388,0.09328859566046624,-0.00025796941361506894,9.446766070263319,-48.97208361635453,-11.99458694919362,52.68451459968347,0.0,0.0
0.0,0.0,-0.7257515134868028,0.0,-0.9043081789656877,-0.052960887781881384,0.0,0.0,0.0,0.0,0.0005545523988516287,0.055202273255351125,0.08325040743268516,-0.00022306754666301552,6.568333652321399,-37.24906532055536,-9.124446752515272,40.651594512682195,0.0,0.0
0.0,0.0,-0.7326733637807525,0.0,-0.9348496567157849,-0.05348624918351745,0.0,0.0,0.0,0.0,0.0005774582187072579,0.047048669907952534,0.06855379925425473,-0.00019313524658976753,6.424953695435481,-36.20643184296542,-8.419910899592768,39.08589875176122,0.0,0.0
0.0,0.0,-0.7156309826014597,0.0,-0.8531888236829166,-0.05252219576353783,0.0,0.0,0.0,0.0,0.0005182994210374837,0.061166009117457766,0.09459741750564246,-0.00024614421953354326,6.215915365552084,-34.750594165093,-8.090245062648663,37.46288043796671,0.0,0.0
0.0,0.0,-0.7206491829776634,-0.1019049051888946,-1.165430761054004,-0.053110000703127734,0.0,0.0,0.0,0.0,0.0009860969754168381,0.06401671092254461,0.10183727453820954,-0.0002585312344964041,6.963603944734038,-39.21535448229788,-9.570358405583514,42.66603495936436,0.0,0.0
0.0,0.0,-0.7317063434322679,0.0,-0.8713874840842598,-0.05212632940273599,0.0,0.0,0.0,0.0,0.0005157812655733246,0.07390919777815379,0.1178258346398859,-0.0002911742080304776,7.056303055893382,-39.25213956353446,-9.753430606118222,42.85895623783141,0.0,0.0
0.0,0.0,-0.7398582453481679,0.0,-0.8948740783172665,-0.05168860234584504,0.0,0.0,0.0,0.0,0.0005402955183352853,0.06244293349670013,0.09454047511505026,-0.00024875678278093197,7.19696953789474,-40.30041371639395,-9.875335562920432,43.98264135545003,0.0,0.0
0.0,0.0,-0.7395574784831935,0.0,-0.8969079732669313,-0.05233605396029298,0.0,0.0,0.0,0.0,0.0005393452607260867,0.06580336339240907,0.10625933592984771,-0.0002633063784054562,7.552891319322988,-42.521528268362076,-10.776991186236433,46.66602402601545,0.0,0.0
0.0,0.0,-0.7180155943922959,0.0,-0.8641383727504895,-0.05250858005418967,0.0,0.0,0.0,0.0,0.0005154390193516318,0.060756853804414916,0.08607097487718705,-0.00023987801294486947,7.117258827908607,-39.38401117167281,-9.472541508040857,42.644902734119654,0.0,0.0
0.0,0.0,-0.7192393682425875,-0.12083923306472898,-1.2029226593566638,-0.05172846528461259,0.0,0.0,0.0,0.0,0.0010614180495395697,0.05432429465104411,0.0837916000632265,-0.00022254617242987713,7.200177844148551,-40.86915696267943,-10.326466918019639,44.86527352302209,0.0,0.0
0.0,0.0,-0.7447910759057005,0.0,-0.9086063553470737,-0.051672935326477855,0.0,0.0,0.0,0.0,0.0005442456978273022,0.052791937213861585,0.0783262523297072,-0.00021169310163912094,7.735129214454483,-41.96227056361249,-9.939747058360474,45.177290452657985,0.0,0.0
0.0,0.0,-0.7239982821586685,0.0,-0.8487439278186931,-0.052749475013098936,0.0,0.0,0.0,0.0,0.0005053359881218749,0.025480474338698347,0.0,-9.073202345915257e-5,6.622471335820834,-35.93188741391526,-8.069682677472281,38.23678986502001,0.0,0.0
0.0,0.0,-0.7344271426927002,0.0,-0.8250815996648619,-0.05161793732980921,0.0,0.0,0.0,0.0,0.0005011347025003522,0.05589338816965678,0.07755514907054387,-0.0002201556533091083,6.8655017965100935,-38.85201711670472,-9.524245265938408,42.42651538722565,0.0,0.0
0.0,0.0,-0.7300156912125685,0.0,-0.8962689385353922,-0.05234992195056146,0.0,0.0,0.0,0.0,0.0005337425928077005,0.021759822551706116,0.0,-8.168848038515929e-5,7.289574598443224,-40.56274361543519,-9.952920347986106,44.14800759814012,0.0,0.0
0.0,0.0,-0.733102899191771,0.0,-0.91395386460416,-0.05276673046612493,0.0,0.0,0.0,0.0,0.0005621047089202436,0.0647254027300257,0.10232860317283379,-0.0002603109996563957,6.430854537662345,-36.39223734063897,-8.699916394132758,39.56030056448002,0.0,0.0
0.0,0.0,-0.7376700875772383,0.0,-0.922608031551281,-0.05334845619229682,0.0,0.0,0.0,0.0,0.0005701340108230372,0.058149631134296845,0.09125279142287339,-0.00023703547266619999,6.256493922850963,-35.13530243276438,-7.928961096900585,37.730726490444525,0.0,0.0
0.0,0.0,-0.7254946490194131,0.0,-0.8710692503645224,-0.05239929808688015,0.0,0.0,0.0,0.0,0.0005179907085982497,0.06809525056896204,0.10416384430351168,-0.0002678993922466985,7.123097184262833,-39.522248661511156,-9.578275079155185,42.87320319050205,0.0,0.0
0.0,0.0,-0.7035760149824359,0.0,-0.8606261796349327,-0.05119157761258604,0.0,0.0,0.0,0.0,0.0005217690372691258,0.06440084944045325,0.10365832639735378,-0.00026372947643566494,6.451020463393083,-35.59022401656457,-8.401707595067437,38.397564071175914,0.0,0.0
0.0,0.0,-0.7142072929406771,0.0,-0.9132027563339118,-0.05273875177368788,0.0,0.0,0.0,0.0,0.0005663324711626302,0.06795845024311378,0.11429675407987062,-0.00028001948330466225,6.461800715277709,-36.615736085156485,-8.820308978113664,39.83660907745901,0.0,0.0
0.0,0.0,-0.7407552837258113,0.0,-0.8636923501887077,-0.05199880988445404,0.0,0.0,0.0,0.0,0.0005122779190108477,0.05987603422786047,0.07957838436042766,-0.00022862451623680534,7.7391129678114705,-42.681872730950275,-10.488674079601404,46.38333912780761,0.0,0.0
0.0,0.0,-0.7299343810494276,-0.11655102273109451,-1.1728714128559516,-0.052389856504162675,0.0,0.0,0.0,0.0,0.0010288047643672743,0.06618867638393533,0.10254212748235976,-0.00026379651110907835,6.585044807776129,-37.29528353324746,-9.069885347580415,40.675497830386476,0.0,0.0
0.0,0.0,-0.712358509698711,0.0,-0.8818765335645555,-0.052068615150622284,0.0,0.0,0.0,0.0,0.0005360039308980291,0.06170264445864974,0.09471676861431055,-0.00024978535965402405,6.508386333020226,-36.24735746069649,-8.54528151379346,39.17685648812123,0.0,0.0
0.0,0.0,-0.7336290293230897,0.0,-0.9279531784895431,-0.05250068276734351,0.0,0.0,0.0,0.0,0.000576136875800984,0.05384247807924869,0.08115000747030345,-0.00021871508580605402,6.58790954019811,-37.169087862952026,-8.776109066579023,40.2697638161044,0.0,0.0
0.0,0.0,-0.735802805061939,0.0,-0.9098357179611558,-0.05212590994841838,0.0,0.0,0.0,0.0,0.0005433678147831454,0.06083858709200699,0.09603828707411227,-0.00024488524210456,7.18195649830639,-39.08252095028183,-9.097272315299453,41.97880903619172,0.0,0.0
0.0,0.0,-0.7467605964726515,0.0,-0.8877346469152055,-0.05330714683928179,0.0,0.0,0.0,0.0,0.0005370808969633819,0.05675690388590743,0.08584329170522521,-0.00022699544384347433,7.035071973208454,-39.91401239991777,-9.700098225069368,43.505374222818226,0.0,0.0
0.0,0.0,-0.7442483594890126,0.0,-0.8818945766427617,-0.05266975879554812,0.0,0.0,0.0,0.0,0.0005331167568960647,0.06490740149930282,0.09886518270341911,-0.0002551852251633244,7.030539846829557,-38.73616215303164,-9.060823482410648,41.69326217675967,0.0,0.0
0.0,0.0,-0.7288485512574682,0.0,-0.9061881730029363,-0.051992180893941246,0.0,0.0,0.0,0.0,0.0005548316295187202,0.04714544807750393,0.06481691516269432,-0.00018976861330702283,6.740920345551635,-37.29112297681267,-8.814710931607145,40.28116207228846,0.0,0.0
0.0,0.0,-0.7403499289768941,0.0,-0.8923483804208323,-0.053488401263750894,0.0,0.0,0.0,0.0,0.0005394315683643211,0.060325442621518836,0.09493590708244995,-0.00024254272686424422,7.202157672812601,-40.27509388377126,-9.571683455212748,43.54558773713085,0.0,0.0
0.0,0.0,-0.7346231398856593,0.0,-0.8836798496625785,-0.0526218417233673,0.0,0.0,0.0,0.0,0.0005315607977168416,0.06332641508231586,0.09014344741242886,-0.0002465877929780013,7.256843604282026,-39.870423582786096,-9.384458204243092,42.920834055468255,0.0,0.0
0.0,0.0,-0.7208786115487427,0.0,-0.8910663881170872,-0.05178502027030942,0.0,0.0,0.0,0.0,0.0005421296930543569,0.05845297542957991,0.08219644717504908,-0.0002307031150697841,7.139950255629882,-39.73124743310474,-9.839178981445857,43.29660383963229,0.0,0.0
0.0,0.0,-0.7399496754786944,-0.1045009083416808,-1.1496898466857077,-0.052252147435051424,0.0,0.0,0.0,0.0,0.0009815844259678272,0.05994749863577087,0.08704337977604047,-0.00023568409189672013,6.6776859725068745,-37.674198130475595,-8.994369694801465,40.940004855058845,0.0,0.0
0.0,0.0,-0.7266785651723432,0.0,-0.9064140967266369,-0.05227756184883891,0.0,0.0,0.0,0.0,0.0005600978216734858,0.05540601736017777,0.08329647570283322,-0.00022429355840201332,6.867678697664228,-39.24901197833698,-9.844062614508786,43.087957593742665,0.0,0.0
0.0,0.0,-0.736419434371167,-0.10501442416717308,-1.1714668984557604,-0.052234303705109966,0.0,0.0,0.0,0.0,0.000999922840230165,0.06456754146559184,0.10898774090888688,-0.0002633526111506009,6.427237013919245,-34.975512642545205,-7.58126736353358,37.06503691642696,0.0,0.0
0.0,0.0,-0.7214375354387728,0.0,-0.9240449538465738,-0.05335970854194222,0.0,0.0,0.0,0.0,0.0005662924635448007,0.05114198592892188,0.08254698684970688,-0.00021450053581000353,6.791379843055255,-38.447452635331935,-9.327065476346142,41.849709847946656,0.0,0.0
0.0,0.0,-0.7429053768984337,0.0,-0.8977401616466735,-0.05307321629037595,0.0,0.0,0.0,0.0,0.0005439045904052487,0.05548011948390663,0.08388198157478774,-0.00022170306158438398,6.6937361344387805,-37.11711732822915,-8.679840028027852,40.02389955230315,0.0,0.0
0.0,0.0,-0.7289266300090836,-0.1387776494144712,-1.244571973367178,-0.05262732672153005,0.0,0.0,0.0,0.0,0.0011351378771407817,0.07368790630583733,0.1195723903374592,-0.00029424706060581554,7.075225718668632,-40.495039975676825,-10.322123223605422,44.59340427547922,0.0,0.0
0.0,0.0,-0.7271799544928348,0.0,-0.9291281553884887,-0.05229034397341199,0.0,0.0,0.0,0.0,0.0005724376075731071,0.05814081462357304,0.08931024339384393,-0.00023471333601571346,6.894481456429712,-38.2660035295223,-9.04789782929294,41.307003960855965,0.0,0.0
0.0,0.0,-0.7301305069933286,0.0,-0.8910005234067059,-0.05273583554593837,0.0,0.0,0.0,0.0,0.000538229812632216,0.055515894419875506,0.0841510458109516,-0.00022263864972954484,6.841833729572158,-38.57381948746073,-9.456553177239229,42.069857948686305,0.0,0.0
1.3933007042631136,-0.005099680125929261,-0.7383953095231709,-0.21592025216841823,-1.3002083581638344,-0.053588628054579826,3.5568114122163393e-6,0.0,0.0,0.0,0.0013390712296003533,0.0725668068842926,0.11359821917772434,-0.0002861138801607314,8.65847326730157,-45.152559869965785,-10.943171245891671,48.56204029005907,0.0,0.0
0.0,0.0,-0.734597045052957,0.0,-0.899535951171998,-0.053073995963431896,0.0,0.0,0.0,0.0,0.0005424900670078839,0.06485944012367773,0.10035324421235786,-0.00025748930506627103,6.448959181722075,-35.59285226519224,-7.960462648622181,38.04372125074517,0.0,0.0
0.0,0.0,-0.7245700914574199,0.0,-0.8823580487712156,-0.052960233199519174,0.0,0.0,0.0,0.0,0.0005434279744897796,0.05803567056811933,0.08514175287452515,-0.00023405446528388082,6.099852924507884,-35.3528197907458,-8.528778103333948,38.664095911613124,0.0,0.0
0.0,0.0,-0.7098922938292698,0.0,-0.83956100305237,-0.0530172973474407,0.0,0.0,0.0,0.0,0.0005017903060613278,0.0700841764346035,0.11307756366846582,-0.00028064885286069877,6.572886298780571,-36.41216510850491,-8.501481846483987,39.16801745409798,0.0,0.0
0.0,0.0,-0.7349238477779796,0.0,-0.9547162298535034,-0.05362721348474698,0.0,0.0,0.0,0.0,0.0005847383920604823,0.05297257969954031,0.07540907909026591,-0.00021183923397810102,7.02478598384882,-39.30853971364038,-9.634202888668538,42.77705118507136,0.0,0.0
0.0,0.0,-0.7217982131780981,0.0,-0.9021801511170157,-0.05256887154990723,0.0,0.0,0.0,0.0,0.00055523199658183,0.05477168070976983,0.08300468958634181,-0.00022265284445002192,6.503504252347802,-36.6627362035653,-8.775141253016365,39.80459406875067,0.0,0.0
0.0,0.0,-0.7312500179726903,0.0,-0.8999956705909279,-0.05239612581357943,0.0,0.0,0.0,0.0,0.0005386969467433527,0.06374542895683279,0.09914267513462037,-0.0002549910658445024,7.098913058409414,-39.311207413890514,-9.418942603778522,42.59191265034061,0.0,0.0
0.0,0.0,-0.7277908854125974,0.0,-0.9016153226866466,-0.05291378835589962,0.0,0.0,0.0,0.0,0.0005547889220583488,0.05460374580380173,0.08237289415326643,-0.00022180001178803975,6.767925663131783,-38.746690216852286,-9.534042515187519,42.39888857925992,0.0,0.0
0.0,0.0,-0.7432881534453202,0.0,-0.8921115404253491,-0.053522998958089325,0.0,0.0,0.0,0.0,0.000540154883399124,0.06071149407217304,0.09162211919660583,-0.00024120781332428117,6.573546281991556,-37.29951632358195,-8.756980765127164,40.42907035840401,0.0,0.0
0.0,0.0,-0.7153195672694522,-0.10355159753709696,-1.1753486294027566,-0.05318868520944819,0.0,0.0,0.0,0.0,0.0009973924909640766,0.07295261509050616,0.13036201680855491,-0.00030097556626452213,6.440669391451641,-36.97953925159194,-9.163837196993416,40.52998446994381,0.0,0.0
0.0,0.0,-0.7127161640512538,0.0,-0.876316633834688,-0.052166761444084005,0.0,0.0,0.0,0.0,0.0005284873130119042,0.06269405551291157,0.08915944646432092,-0.0002462022059757611,6.5958410318822525,-37.45210308084424,-9.347902275152757,41.063048770908324,0.0,0.0
0.0,0.0,-0.6974684383506309,0.0,-0.9597137847637527,-0.05329120290215205,0.0,0.0,0.0,0.0,0.0005911751164804159,0.05029287985378035,0.06895482675438289,-0.00020382614505005885,7.2452561776180975,-40.88140000945244,-10.325369950591009,44.725537086709544,0.0,0.0
0.0,0.0,-0.7256436917983855,0.0,-0.8891928458769601,-0.052909454177799985,0.0,0.0,0.0,0.0,0.0005479022247969207,0.058215015719994684,0.09349297220981935,-0.0002372575923077652,6.799451231582784,-39.10266579055251,-9.925218694919204,43.04433078757224,0.0,0.0
0.0,0.0,-0.7355996152691964,0.0,-0.9203341166519629,-0.05254039192132006,0.0,0.0,0.0,0.0,0.0005657206255794757,0.04764299698776384,0.05686492361490152,-0.0001860584174278091,6.747166664929208,-38.04252112287491,-9.230471149963188,41.44463242353406,0.0,0.0
0.0,0.0,-0.7215429211865341,0.0,-0.8798254702944786,-0.05371149977070866,0.0,0.0,0.0,0.0,0.0005416766529893792,0.0688985168829021,0.10105992073383467,-0.00027086110048952497,6.332545251628361,-36.661349738625375,-8.99200259662589,40.13882425386547,0.0,0.0
0.0,0.0,-0.7301011875720207,0.0,-0.9025350453578097,-0.05333845711684665,0.0,0.0,0.0,0.0,0.0005514833266687085,0.06475717019167483,0.10285348093852453,-0.00026112132605041503,6.523606329598029,-36.90320729090102,-8.84903461696251,40.09796299124366,0.0,0.0
0.0,0.0,-0.9466925953015659,0.0,-1.0715860938638389,-0.05405763075467356,0.0,0.0,0.0,0.0,0.0006153677789414612,0.0,0.0,0.0,9.81660475928661,-52.37892834018414,-12.39144522384666,56.49224869433675,0.0,0.0
0.0,0.0,-0.7466474281502218,0.0,-0.8799107094715647,-0.052160102353319894,0.0,0.0,0.0,0.0,0.0005333304991788348,0.06207234480237296,0.09316237080767896,-0.0002463652151164361,6.489012942675041,-36.38458515920949,-8.303442856252294,39.215693679530396,0.0,0.0
0.0,0.0,-0.7378406297732893,0.0,-0.884825060650348,-0.052173271942018803,0.0,0.0,0.0,0.0,0.0005369745470157715,0.060935594967349134,0.08975435772529541,-0.00024135139138982056,7.200341938512016,-39.80987931038147,-9.478553486611393,43.024880155672726,0.0,0.0
0.0,0.0,-0.7466712299065373,0.0,-0.9051074176876899,-0.052906979278696864,0.0,0.0,0.0,0.0,0.00054761112723906,0.05982778098767243,0.08882703419549036,-0.0002360527077180572,7.036666875454456,-39.810030837046966,-9.835909580671673,43.5411972961851,0.0,0.0
0.0,0.0,-0.7157569853680978,0.0,-0.8875095446398521,-0.052114222068849525,0.0,0.0,0.0,0.0,0.000536302694267036,0.05797899736960612,0.09145546186983387,-0.00023671286583292625,6.937485606140286,-37.392863511986896,-8.50017904902311,39.835062876871675,0.0,0.0
0.0,0.0,-0.7217274493612608,0.0,-0.9327041390840697,-0.05257562484199452,0.0,0.0,0.0,0.0,0.0005770435994179627,0.059065231558906195,0.09055045993910359,-0.0002379944894568278,6.730125441686343,-37.338219653187736,-8.803095554498285,40.28223117833816,0.0,0.0
0.0,0.0,-0.7117708179756566,0.0,-0.9002188379582522,-0.05262264740559935,0.0,0.0,0.0,0.0,0.0005454758067693266,0.058428957660704994,0.09202561197700954,-0.00024013207639706996,7.024550731145341,-39.26761195890619,-9.560605740237742,42.68335257990528,0.0,0.0
0.0,0.0,-0.7385705268439718,0.0,-0.8899246732147231,-0.052482115668147464,0.0,0.0,0.0,0.0,0.0005377983916107636,0.05503689117953368,0.08765160060562524,-0.00022502265735621914,6.526817255084186,-36.566705878187236,-8.640105681618168,39.624517938318235,0.0,0.0
0.0,0.0,-0.7453417293111606,0.0,-0.8663988430605202,-0.052717097077229956,0.0,0.0,0.0,0.0,0.0005236993418826031,0.05326343629190068,0.06763215993530593,-0.00020588810079864123,6.581967061230967,-37.1616063746303,-9.027675512232491,40.52883479986111,0.0,0.0
0.0,0.0,-0.7250468343671809,0.0,-0.9008822206080218,-0.05319616546093199,0.0,0.0,0.0,0.0,0.000550022291074348,0.06503288976490297,0.09248181847612554,-0.0002551597009016652,5.964738578136796,-33.064056623763065,-7.20705040919965,35.24143217282987,0.0,0.0
0.0,0.0,-0.7270127594657916,0.0,-0.87036805999197,-0.05166559439005221,0.0,0.0,0.0,0.0,0.0005173169500374674,0.057618534173994006,0.08752961147693501,-0.0002305844557874663,7.343711067417755,-40.64167996472497,-9.951950347061677,44.163394323230705,0.0,0.0
0.0,0.0,-0.7301425207779209,0.0,-0.8652319683719217,-0.052175805681369154,0.0,0.0,0.0,0.0,0.0005256107053470988,0.0528947634036135,0.07380214162661862,-0.00021096296023970717,6.855181381174638,-38.90836449287608,-9.536427160853606,42.49878090230852,0.0,0.0
0.0,0.0,-0.7268150706260658,0.0,-0.8934372245389461,-0.05292003107946947,0.0,0.0,0.0,0.0,0.0005383727318181181,0.060655207919472515,0.0931033325069751,-0.00024155925808105153,7.037243617315338,-40.03511806868014,-10.05866262906076,43.913423335574294,0.0,0.0
0.0,0.0,-0.7126248761724253,-0.10631087550730707,-1.1422671600900849,-0.05313910740713402,0.0,0.0,0.0,0.0,0.0009802078787424927,0.07537165863434289,0.11761583996089563,-0.00029891666543638935,6.499541108113036,-36.663434724224174,-8.794346397783386,39.78713247241977,0.0,0.0
0.0,0.0,-0.718649782444614,0.0,-0.9047632344935961,-0.05164743400864843,0.0,0.0,0.0,0.0,0.000543958694986008,0.05841428169018061,0.09502884655810555,-0.000238224311143086,7.151815553429062,-38.4026829647933,-8.867965301061536,41.029555240318956,0.0,0.0
0.0,0.0,-0.7440365140001626,0.0,-0.871068549731735,-0.052785199212791976,0.0,0.0,0.0,0.0,0.000518564427736052,0.053488342248340426,0.06918689452134029,-0.00020657062200802527,7.278682923125156,-40.64662657334878,-9.96669992705328,44.27516480683882,0.0,0.0
0.0,0.0,-0.7291830011757368,-0.10465132474339207,-1.1497223693692715,-0.05175645818794799,0.0,0.0,0.0,0.0,0.0009901541739608184,0.058153182215026,0.08922187926805884,-0.0002358666399117897,6.306037725681257,-35.92856029705883,-8.58810489262288,39.13089196443825,0.0,0.0
0.0,0.0,-0.7164470521123367,0.0,-0.9034437577320303,-0.05165727051810875,0.0,0.0,0.0,0.0,0.0005456010043635986,0.0657357847243197,0.10690092729846803,-0.0002665262318082162,6.781749733033652,-36.98851225287438,-8.55769387297404,39.678429361730416,0.0,0.0
0.0,0.0,-0.7600700587680124,0.0,-0.925733994152125,-0.053217008926528045,0.0,0.0,0.0,0.0,0.0005674348214537907,0.05065201077480621,0.07698754854964268,-0.00020425832671055335,6.723573021286666,-38.17895686953934,-9.099672956119617,41.524950579255844,0.0,0.0
0.0,0.0,-0.7220800806067947,0.0,-0.8462972802471823,-0.052547757129135224,0.0,0.0,0.0,0.0,0.000518095683588106,0.05966489566939622,0.08504573732986588,-0.00023403078069304302,6.523430872807362,-37.016550797649714,-8.846050135953059,40.18605724390607,0.0,0.0
1.369960593568448,-0.0051054850631118975,-0.7178152584045556,-0.23015159448207761,-1.3468084172659542,-0.05407061175310478,3.5472097018353422e-6,0.0,0.0,0.0,0.0014033645654001254,0.07105330435655391,0.10569643934302515,-0.0002797227253249111,9.459545245013945,-49.50858344624039,-12.452546257656568,53.56371452875406,0.0,0.0
0.0,0.0,-0.7409327995271735,0.0,-0.9036909817738787,-0.05267473529574921,0.0,0.0,0.0,0.0,0.0005507406955877226,0.05373793388134661,0.08426837258024644,-0.00021797523834367645,7.186853204311072,-40.30440410162907,-9.903981881789889,43.91366589107967,0.0,0.0
0.0,0.0,-0.7232335787471578,0.0,-0.8902793140935313,-0.05160712020394681,0.0,0.0,0.0,0.0,0.0005322404009130376,0.05236567639233054,0.0787790990608838,-0.00021159515512650422,7.2914595779886,-39.48039401103845,-9.216743315566518,42.3249971730743,0.0,0.0
0.0,0.0,-0.7237271511988149,0.0,-0.910382408439039,-0.052492548129734126,0.0,0.0,0.0,0.0,0.000542645433380567,0.052902146013656386,0.06879966282370709,-0.0002062720561075728,7.191941499905977,-39.423823293569924,-9.339991381723495,42.50474067968368,0.0,0.0
0.0,0.0,-0.7605795824911464,-0.11234480581670313,-1.1719572105927363,-0.051994512779777444,0.0,0.0,0.0,0.0,0.0010092712478588955,0.07437372269879672,0.12028258120515861,-0.0002917127672296182,7.0934781033832435,-39.71263331613609,-9.773467003704702,43.37790625286546,0.0,0.0
0.0,0.0,-0.7104436633864017,0.0,-0.9083333944003255,-0.052054498798844946,0.0,0.0,0.0,0.0,0.0005584785037289312,0.05266337336150408,0.07439736025089151,-0.00021324951529043436,6.913720752886236,-38.707584322071014,-9.420427503147264,42.06775361305917,0.0,0.0
0.0,0.0,-0.7411745566014122,0.0,-0.8714572809545416,-0.052750821836600584,0.0,0.0,0.0,0.0,0.0005256266932923009,0.02414433221828943,0.0,-8.65591583760696e-5,6.769880334153608,-37.41097634928757,-8.47745041696251,40.06539536986387,0.0,0.0
1.5715791457933141,-0.005647775393049182,-0.7340880498466534,-0.15115556027145202,-1.1029175985304833,-0.05424075530246225,3.7999498933036332e-6,0.0,0.0,0.0,0.001037253480898743,0.056595222460329754,0.08295719008215055,-0.00022605036175224558,9.335566368841105,-49.091751522552194,-12.519217945929393,53.33584762389109,0.0,0.0
0.0,0.0,-0.7028608558793467,0.0,-0.8820451744831725,-0.05282014017606453,0.0,0.0,0.0,0.0,0.0005293615107666114,0.05493503673035813,0.0850663523815132,-0.00022408569980536094,7.553692848967233,-41.96276487255476,-10.620540164106407,45.79760170678226,0.0,0.0
0.0,0.0,-0.7360234287488087,0.0,-0.9153715174231478,-0.05226762923005843,0.0,0.0,0.0,0.0,0.000557783964870973,0.05435396248358958,0.08355284401950241,-0.00022061232153125797,6.9672106901060795,-38.65049285858402,-9.210573683983327,41.836666052298945,0.0,0.0
0.0,0.0,-0.7355884546346798,-0.11156994888330504,-1.2087941980042374,-0.052520879739640175,0.0,0.0,0.0,0.0,0.0010417702319083877,0.05472289207143459,0.08045312367206721,-0.00022035023095015,6.684552704391696,-37.86607473402354,-8.988820344527968,41.13228231276734,0.0,0.0
0.0,0.0,-0.7315682023723928,0.0,-0.8899065389135515,-0.05255900705811456,0.0,0.0,0.0,0.0,0.000540108475672507,0.049433514343114764,0.05898576409403354,-0.0001903031297052852,6.9104355808028295,-38.85215303810654,-9.390610223401202,42.22516466257954,0.0,0.0
0.0,0.0,-0.7410980113257882,0.0,-0.8514456922638745,-0.051993603899662566,0.0,0.0,0.0,0.0,0.0005039736922319608,0.06370271272262606,0.09145734880602964,-0.0002462784817449518,7.634146922672385,-41.94672956517006,-10.144610973477684,45.40934371687993,0.0,0.0
0.0,0.0,-0.7362327356443318,0.0,-0.8968961004329807,-0.05164901815252464,0.0,0.0,0.0,0.0,0.0005416731308314554,0.05764087825257179,0.08646087892576321,-0.0002310647811117995,7.467068252010332,-40.69511957135635,-9.57378790767361,43.77789867240379,0.0,0.0
0.0,0.0,-0.7320346258476113,0.0,-0.8969427757896149,-0.0528922787633393,0.0,0.0,0.0,0.0,0.0005447184748883051,0.06040179842372811,0.08947531181050643,-0.0002415308341731167,6.692955705294464,-37.12715373360832,-8.586026071061358,39.953733746940344,0.0,0.0
0.0,0.0,-0.7576004563484096,0.0,-0.9361234918721101,-0.053481603568097155,0.0,0.0,0.0,0.0,0.0005820679498148889,0.05100336731311204,0.0765424712204331,-0.0002071981973313276,6.468873626469769,-36.36112712271808,-8.163407445911647,39.03081609811863,0.0,0.0
0.0,0.0,-0.753417644242108,0.0,-0.8969463833489074,-0.05358874311502715,0.0,0.0,0.0,0.0,0.0005494612017963277,0.06048201496458718,0.09079582467674362,-0.00023996657038119227,6.78799648074388,-38.59033384929525,-9.290610053177963,42.039973595964995,0.0,0.0
0.0,0.0,-0.72131076745135,-0.13032291836744941,-1.2275649978826708,-0.05162504023983076,0.0,0.0,0.0,0.0,0.0010931282864686052,0.06827965530501509,0.10935549581039354,-0.000273110818735108,7.273562868941041,-40.28822085423986,-9.793446157981604,43.755527587809375,0.0,0.0
0.0,0.0,-0.7172258872079633,0.0,-0.919849160067685,-0.052187316179949615,0.0,0.0,0.0,0.0,0.0005650306892562365,0.060094462297801715,0.08458275206210272,-0.0002372742663380417,6.846577343009102,-38.25508487464136,-9.306987711135793,41.572436497051115,0.0,0.0
0.0,0.0,-0.7210739146051136,0.0,-0.8365933645617376,-0.052058824726660825,0.0,0.0,0.0,0.0,0.000507371110981987,0.05479023369567173,0.07350438263227335,-0.00021703099727838848,6.8311698334890165,-39.37292899802989,-10.066601140038156,43.45734606970332,0.0,0.0
0.0,0.0,-0.7177823703781618,0.0,-0.8562836381378756,-0.05294043866973273,0.0,0.0,0.0,0.0,0.0005186655491925935,0.07132600610839786,0.11461080450178525,-0.0002847208521597392,7.043865282994691,-40.328004415454146,-10.22310775331658,44.31758176066819,0.0,0.0
0.0,0.0,-0.7319182777583123,-0.10945666545864392,-1.1892551751109037,-0.05331371108385326,0.0,0.0,0.0,0.0,0.001022189337047247,0.06631959940492888,0.1080059076169409,-0.00026656235007904466,6.727567180980664,-38.058939979726446,-9.083175442088473,41.29470086426088,0.0,0.0
0.0,0.0,-0.7145333322518915,0.0,-0.8839647348371242,-0.0531835505837061,0.0,0.0,0.0,0.0,0.0005408992196949496,0.05958813648163083,0.07809244435623874,-0.00023190805101423476,5.753614272995648,-32.71496525625359,-7.603658201206651,35.40476821340779,0.0,0.0
0.0,0.0,-0.6950189246690607,-0.14582894860577306,-1.2390174404183687,-0.05182447510427026,0.0,0.0,0.0,0.0,0.0011504502432005252,0.07593328442427386,0.11849723756897322,-0.0003017849208386126,6.532634138114063,-36.59680742128866,-8.89297815463257,39.76612850888181,0.0,0.0
0.0,0.0,-0.7264777227043547,0.0,-0.8747880459794243,-0.05346558312908401,0.0,0.0,0.0,0.0,0.0005298419871565592,0.022644562818923856,0.0,-8.639244278315513e-5,6.731978995595893,-38.70933051789005,-9.745563010066373,42.573501217234345,0.0,0.0
0.0,0.0,-0.7418140254144654,0.0,-0.8979834327601948,-0.05347257918925571,0.0,0.0,0.0,0.0,0.0005488698865651414,0.06285713537897258,0.09819036477006167,-0.0002519900077439705,6.539591128149026,-37.28292856239843,-8.901231678884905,40.57417207816987,0.0,0.0
0.0,0.0,-0.7286611295244128,0.0,-0.9342960609540242,-0.053210377374126004,0.0,0.0,0.0,0.0,0.0005692939647446539,0.06857131168414564,0.11197246883962411,-0.0002755425373998036,7.332559261230916,-41.111140087556684,-10.074803123403447,44.716352733807526,0.0,0.0
0.0,0.0,-0.7005060656100603,0.0,-0.8990333296390008,-0.05317765144251224,0.0,0.0,0.0,0.0,0.0005442176450498941,0.049933080000477116,0.05656135147719315,-0.00019381231940379358,6.9182483948766444,-38.704901300074525,-9.454485283959793,42.0392286227942,0.0,0.0
0.0,0.0,-0.7297145019183308,0.0,-0.9246774778678416,-0.05218636943314766,0.0,0.0,0.0,0.0,0.0005714436750690792,0.05384748002201513,0.08236314940408086,-0.00021908171144820738,6.996204193685504,-38.93689272561097,-9.256640546839234,42.09843983427899,0.0,0.0
0.0,0.0,-0.7250743308677288,0.0,-0.9363820925658864,-0.052333185020640764,0.0,0.0,0.0,0.0,0.0005686722955372834,0.055564390832562593,0.08431103086064393,-0.00022504236038661034,7.5885809876464005,-42.05752350302989,-10.374466447243117,45.74947292442458,0.0,0.0
0.0,0.0,-0.7102284451139064,-0.11373258119728236,-1.1643553865736973,-0.05192886379807368,0.0,0.0,0.0,0.0,0.0010203317892018963,0.07105274545923855,0.10986878722495458,-0.00028397550804597617,6.762988890399518,-37.72621207719135,-8.972873516652687,40.824424317808365,0.0,0.0
0.0,0.0,-0.7392114355498813,0.0,-0.8834676573831335,-0.05176711052419619,0.0,0.0,0.0,0.0,0.0005260863950491933,0.054573144116908286,0.07053146105218976,-0.00021096356163021943,7.609662595901233,-41.49400404400726,-9.814007418464719,44.70500323005847,0.0,0.0
0.0,0.0,-0.7410606623740592,0.0,-0.8757366049030822,-0.05257804642624927,0.0,0.0,0.0,0.0,0.000529858259105361,0.04944751092145335,0.0653600335332263,-0.00019472473681432075,6.739078720103257,-36.77205508876889,-8.34773305217055,39.307910494698774,0.0,0.0
0.0,0.0,-0.7181952666812993,0.0,-0.8830180852626361,-0.05225075856316798,0.0,0.0,0.0,0.0,0.0005345665616901363,0.05775996414820239,0.07735513143432862,-0.00022784434134180763,6.767781758623654,-37.36700303296835,-8.483580155651167,40.02947730647155,0.0,0.0
0.0,0.0,-0.7466819284797714,0.0,-0.9047424018654758,-0.05171847269602779,0.0,0.0,0.0,0.0,0.0005452770493808693,0.05265774986181509,0.07212519451523769,-0.00020681606165054073,7.30655750047385,-40.41672642134605,-9.743483618781143,43.862862511366544,0.0,0.0
1.736399245799038,-0.0060541579420219805,-0.7401356067207848,-0.19066717728632265,-1.1434245644579184,-0.05383981681641486,4.123417816144894e-6,0.0,0.0,0.0,0.0011571589547272542,0.06776099150897263,0.10163330492055213,-0.0002650750101397775,9.160774579340197,-48.40142497153706,-12.037496612179634,52.35976450657496,0.0,0.0
0.0,0.0,-0.755113064803256,0.0,-0.8985453829456512,-0.0515438076615477,0.0,0.0,0.0,0.0,0.0005355063521587673,0.058234099985564156,0.08654418483656727,-0.00023061467879996673,7.959943893538524,-43.89782516007,-10.835061339254086,47.81957078656067,0.0,0.0
0.0,0.0,-0.7160233813534874,0.0,-0.9187646498768859,-0.05335221455389173,0.0,0.0,0.0,0.0,0.0005631582116935997,0.05081828413025487,0.07167706276850701,-0.00020552503374766755,7.097145385948634,-40.6131965293453,-10.55760335100289,44.843666376339335,0.0,0.0
0.0,0.0,-0.7349874979387722,0.0,-0.8696374680483638,-0.05280369711763048,0.0,0.0,0.0,0.0,0.0005235588421626622,0.05335090808853829,0.07738394258354153,-0.0002140396607068528,6.588131886080098,-36.01440383073729,-7.979270811374948,38.339644440351854,0.0,0.0
0.0,0.0,-0.735181041764868,0.0,-0.8915637402889842,-0.052469701120902865,0.0,0.0,0.0,0.0,0.000548693867399652,0.05018333274849072,0.06905198652626224,-0.00020077878749717474,6.562066953664508,-37.64809835612121,-9.241496408450175,41.23773951922748,0.0,0.0
0.0,0.0,-0.733441557193542,0.0,-0.8518476651491059,-0.05257548968047476,0.0,0.0,0.0,0.0,0.0005207577177809107,0.06410283127649546,0.10008197214497973,-0.00025774491758812567,6.57719541477307,-37.838014526772376,-9.27272254342922,41.44488308544397,0.0,0.0
0.0,0.0,-0.7242739455459966,0.0,-0.8794253673788412,-0.05315508664869045,0.0,0.0,0.0,0.0,0.0005341549379725652,0.056620938059423136,0.08160445349012413,-0.0002245229058024528,6.664511978658346,-37.71146039341397,-9.258751737130279,41.13139132284623,0.0,0.0
0.0,0.0,-0.7228118319763522,0.0,-0.9421412382210883,-0.05344436395822644,0.0,0.0,0.0,0.0,0.0005800991939860049,0.05355686667951385,0.07742569106165693,-0.0002147291332070787,6.926401972252468,-39.32372369674354,-9.698673798249484,42.92004940882663,0.0,0.0
0.0,0.0,-0.7107503426271543,0.0,-0.8791348472533427,-0.052155545692453883,0.0,0.0,0.0,0.0,0.000531934136994572,0.060995566625534396,0.08815744424576019,-0.00024027078362935032,7.356891690770682,-41.334565063914454,-10.342967158751557,45.15917360648397,0.0,0.0
0.0,0.0,-0.7201462264928529,0.0,-0.895757726951722,-0.052787653576151,0.0,0.0,0.0,0.0,0.0005460093492924846,0.059662635102583926,0.0948628808463865,-0.00024435090365810066,6.721717707487886,-37.738638746816484,-9.035435226839574,40.9352218403736,0.0,0.0
0.0,0.0,-0.7166586481679467,0.0,-0.9523678613215623,-0.053186472177925,0.0,0.0,0.0,0.0,0.0005914648463350734,0.055966605245761025,0.08858693478839683,-0.00023193181316659282,6.957707161404232,-39.86102418831145,-10.007854809050537,43.753232969670165,0.0,0.0
0.0,0.0,-0.7125610110068267,0.0,-0.9573345074446279,-0.05186867023720094,0.0,0.0,0.0,0.0,0.0005750731257510175,0.06431932709947166,0.10853712183940309,-0.00026339653969335446,7.659188279396645,-41.854513404144434,-10.405838875223841,45.47694867121577,0.0,0.0
0.0,0.0,-0.7176483108673898,0.0,-0.9240147852518803,-0.05245959151747871,0.0,0.0,0.0,0.0,0.000563656293101755,0.05464138285758337,0.08744060526004271,-0.00022515423326739987,7.043093934060654,-40.33951124178956,-10.636373540676177,44.75430918107425,0.0,0.0
0.0,0.0,-0.7053331032935932,0.0,-0.9172017876278856,-0.052216275443184614,0.0,0.0,0.0,0.0,0.0005609254622418498,0.06745369045990454,0.1130238764798517,-0.00027657271640799434,7.278724140425141,-40.95574193957333,-10.393878744256996,44.89034874160723,0.0,0.0
0.0,0.0,-0.7249492100195208,0.0,-0.8642091071604441,-0.05131166003613754,0.0,0.0,0.0,0.0,0.0005173080818329163,0.06332176844639188,0.0924368624842171,-0.0002493237279828624,7.430886778983892,-40.733725974428566,-9.834606163513097,44.08708713293715,0.0,0.0
0.0,0.0,-0.7345080626347134,0.0,-0.8457666719676827,-0.05346010861400657,0.0,0.0,0.0,0.0,0.0005156389465593741,0.06859915968823041,0.10517735592390305,-0.0002732497240529908,6.218398708926117,-35.3890507514188,-8.184538759765779,38.24091972818525,0.0,0.0
0.0,0.0,-0.729385830459429,0.0,-0.9316014847253492,-0.05266159661262924,0.0,0.0,0.0,0.0,0.0005624908716290282,0.05182103560881485,0.08360866732134939,-0.00021494074328936544,6.9931052952372506,-38.876805241914944,-9.486212335995322,42.27655999128169,0.0,0.0
0.0,0.0,-0.7500953195457019,0.0,-0.9368209970519747,-0.05296712117279016,0.0,0.0,0.0,0.0,0.0005696000382702916,0.06206884837323984,0.10246821760972741,-0.00025104489981318226,7.176862215683751,-40.03531543016608,-9.73078824494833,43.54157804562398,0.0,0.0
0.0,0.0,-0.7245106850877158,0.0,-0.9242595410150285,-0.05345434888712855,0.0,0.0,0.0,0.0,0.0005651003171888932,0.0586059283754841,0.08933493101871114,-0.00023697850168593522,6.631397714819543,-37.44568245878857,-8.875070178648585,40.584012300473,0.0,0.0
0.0,0.0,-0.7414869821684815,0.0,-0.8848607377715486,-0.05289466733222462,0.0,0.0,0.0,0.0,0.000534877221964083,0.05434833319596912,0.0753856357356437,-0.00021259702832204834,6.743860960285461,-37.12449048625078,-8.480396988132597,39.788166640555175,0.0,0.0
0.0,0.0,-0.721725878030318,0.0,-0.8738452648922524,-0.052913195103504,0.0,0.0,0.0,0.0,0.0005268274223859966,0.05999690039582235,0.09140879167487015,-0.00024145518332493638,6.746738431226835,-37.90746862063111,-9.111618049990971,41.152159332442274,0.0,0.0
0.0,0.0,-0.7463244197338906,0.0,-0.9552943197410643,-0.05280572657748046,0.0,0.0,0.0,0.0,0.000587650382487291,0.06364885072353663,0.10573209467261135,-0.0002600631285257368,6.771863575618443,-37.023201710768525,-8.253837076630852,39.49621114484185,0.0,0.0
0.0,0.0,-0.7200886913156689,0.0,-0.8808147629844002,-0.05259119586935708,0.0,0.0,0.0,0.0,0.0005371296536149135,0.028680314213339882,0.0,-9.93553367961981e-5,6.385598786523386,-36.11745547107592,-8.66644541955846,39.26036173320643,0.0,0.0
0.0,0.0,-0.7391441317696158,0.0,-0.9138046720640325,-0.05326823694477249,0.0,0.0,0.0,0.0,0.0005579164153554491,0.06630431715951697,0.10185083557295006,-0.0002632558232339471,6.338931312004155,-35.6079346092236,-8.159025700515514,38.37206065650649,0.0,0.0
0.0,0.0,-0.7230891937532427,0.0,-0.8345566611548296,-0.05235493463134651,0.0,0.0,0.0,0.0,0.0005087436652170384,0.08213551117050925,0.1347966741325404,-0.0003262347021328877,6.155665220589615,-34.265683455338575,-7.7202489357792885,36.717518095609876,0.0,0.0
0.0,0.0,-0.7249233013236623,0.0,-0.8907550172248818,-0.05317975995966682,0.0,0.0,0.0,0.0,0.0005425831181097919,0.06765537326818807,0.10561570812132384,-0.0002695352460138466,6.963423224857578,-40.03931356422106,-10.169010931298757,44.095586729396594,0.0,0.0
0.0,0.0,-0.7277543922814561,0.0,-0.8322722404075654,-0.052593224806374975,0.0,0.0,0.0,0.0,0.0004991582164950528,0.06053936402666137,0.08586537609639393,-0.00023747162544749791,6.319491011750439,-34.531984604178085,-7.4842662222616925,36.607953026800296,0.0,0.0
0.0,0.0,-0.7196595246198202,0.0,-0.930572956437781,-0.05390043536566289,0.0,0.0,0.0,0.0,0.0005815056269168331,0.048781546040620336,0.06563556566864144,-0.000199702267043915,6.219799459322162,-35.881461170768176,-8.499598244283371,39.0174627545181,0.0,0.0
0.0,0.0,-0.741758585880102,0.0,-0.9306941319657782,-0.0524401453357185,0.0,0.0,0.0,0.0,0.0005642898082415887,0.06076215640967718,0.09165283479059316,-0.00024145615659722455,6.932429010900897,-38.798479460458125,-9.40530291500627,42.23611897759813,0.0,0.0
0.0,0.0,-0.7407477109739049,0.0,-0.9137225974785219,-0.05178317210238654,0.0,0.0,0.0,0.0,0.0005554921885638664,0.04624118703248116,0.05951762093718738,-0.00018305138490613064,6.936044276266844,-37.80313276575507,-8.668115343713131,40.51466377004005,0.0,0.0
0.0,0.0,-0.7322578920384042,0.0,-0.9114474436579408,-0.05222415452828349,0.0,0.0,0.0,0.0,0.0005522939877209485,0.06028242355627964,0.09205538145260617,-0.00024011326958210132,7.117237186607804,-39.57502206896703,-9.557568399937857,42.94753217869548,0.0,0.0
0.0,0.0,-0.7235868249093987,0.0,-0.8857104382688545,-0.05135641009807645,0.0,0.0,0.0,0.0,0.000534228205828003,0.05440866730582098,0.0709100090148829,-0.000211958547217816,7.10332913555767,-39.166630904509674,-9.439277041215293,42.431793851120375,0.0,0.0
0.0,0.0,-0.7492039359519408,0.0,-0.9016555411011496,-0.05260778306528141,0.0,0.0,0.0,0.0,0.0005466454410339396,0.05636382905217418,0.07572324296759554,-0.00021821986524424162,7.482194594015013,-42.47719972955053,-10.783529065372548,46.713492372551656,0.0,0.0
0.0,0.0,-0.726617670698908,-0.11934626297705807,-1.1548593801054001,-0.05170544366661978,0.0,0.0,0.0,0.0,0.0010265097496267187,0.06847810895477388,0.11484802052506801,-0.0002794807457033205,6.541102963849088,-37.298681226585266,-9.215722692110255,40.87681348256471,0.0,0.0
0.0,0.0,-0.7362192607034412,0.0,-0.8862238176978113,-0.05273311400865284,0.0,0.0,0.0,0.0,0.0005277072120344655,0.05399367353764584,0.07647075950004682,-0.0002145431969276944,7.21317184774592,-40.01026324581054,-9.696700321089994,43.440084520390805,0.0,0.0
0.0,0.0,-0.7345751612624614,0.0,-0.8988782894731466,-0.05186718755177606,0.0,0.0,0.0,0.0,0.0005441389581875933,0.050682847769041764,0.07601071305445302,-0.0002055055039136664,7.2666023889688995,-40.74239175604926,-10.144686082095685,44.54928897441394,0.0,0.0
0.0,0.0,-0.7319582605967914,0.0,-0.898758945143547,-0.05257287585796007,0.0,0.0,0.0,0.0,0.0005423914972360634,0.06401148411615265,0.10046294697284819,-0.00025663164259906093,6.81348539018309,-38.146277259831066,-9.156049392434948,41.43335489571968,0.0,0.0
0.0,0.0,-0.7448755063585597,0.0,-0.9428769657164338,-0.05340931273734127,0.0,0.0,0.0,0.0,0.000566060836450653,0.051882077213764546,0.07749342124818337,-0.0002087206197637753,7.146719895913329,-39.4919836805431,-9.301134177046999,42.61823952320792,0.0,0.0
0.0,0.0,-0.732937905608987,0.0,-0.916288284002649,-0.05324186091966464,0.0,0.0,0.0,0.0,0.0005545022411087857,0.065452153200997,0.09924061221797446,-0.0002586868449603034,7.073048651735712,-39.52124470638554,-9.629396699195441,42.975688288922534,0.0,0.0
0.0,0.0,-0.7178531915356129,0.0,-0.8929036184715474,-0.053078431839605845,0.0,0.0,0.0,0.0,0.0005469719497928113,0.058146892805727005,0.0811652171936753,-0.00022945605948378824,5.993670230672933,-34.22875780755811,-8.165074106501194,37.23983642246641,0.0,0.0
0.0,0.0,-0.7491052722620635,0.0,-0.8839645581898359,-0.05240180941357985,0.0,0.0,0.0,0.0,0.0005290756395451767,0.055217694056678736,0.0801843279782669,-0.000218072163323213,6.790857505502841,-36.93650290827146,-8.380324446924684,39.4929352698952,0.0,0.0
0.0,-0.004849469442245236,-1.0321034459327492,0.0,0.0,-0.05082459351974933,0.0,0.0,0.0,0.0,0.0,0.0,0.0,0.0,27.994208503119395,-122.66690348322443,-29.443971523540533,127.80494512121292,0.0,0.0
0.0,0.0,-0.7467909150658957,0.0,-0.9238811709586071,-0.05318421457332555,0.0,0.0,0.0,0.0,0.0005537498640708871,0.052262050128673056,0.06712294013320835,-0.00020025831649960783,7.637510437737215,-42.901083928082066,-10.808781318385975,46.99216234409407,0.0,0.0
0.0,0.0,-0.7417716179069493,0.0,-0.9208524773752711,-0.051949197698790896,0.0,0.0,0.0,0.0,0.0005526546786187333,0.059594436176247295,0.08652634520061327,-0.00023443031992910037,7.40525235773225,-40.74120886910948,-9.764940662086428,44.10336778198839,0.0,0.0
0.0,0.0,-0.6962806700192969,0.0,-0.8652745575634276,-0.052666397726114075,0.0,0.0,0.0,0.0,0.0005308253027885143,0.06409376472875686,0.09736510575309658,-0.0002576768864629029,6.615912155275514,-37.8023762023955,-9.60024276721366,41.54507158623945,0.0,0.0
0.0,0.0,-0.731045137088515,0.0,-0.887416523807994,-0.05155379288401332,0.0,0.0,0.0,0.0,0.0005362291635065024,0.021235219427475627,0.0,-8.159137626226692e-5,6.957556712100255,-38.27200324183862,-9.057737570428024,41.30538010714999,0.0,0.0
0.0,0.0,-0.7189149436758341,0.0,-0.8961298547168818,-0.05272318575812196,0.0,0.0,0.0,0.0,0.000541818636715497,0.06160444131420269,0.09226647415954492,-0.000243846861920165,7.404309318230901,-42.04735669868257,-10.78382320187251,46.25702583824434,0.0,0.0
0.0,0.0,-0.7278312538966946,0.0,-0.8832323595528357,-0.05292541329546058,0.0,0.0,0.0,0.0,0.0005402622826175452,0.06150478818230832,0.09777209099849042,-0.0002496957911362195,6.409665456663923,-36.04031937067144,-8.420980831558287,38.94409085193975,0.0,0.0
0.0,0.0,-0.7241169965081746,0.0,-0.8966455194153098,-0.05202558136498001,0.0,0.0,0.0,0.0,0.0005507858653621923,0.06165133573385566,0.09437592664183,-0.00024791264922639994,6.666630533655349,-36.96448460514389,-8.517349280637202,39.74339392014709,0.0,0.0
0.0,0.0,-0.7133636059341716,0.0,-0.8893190795288713,-0.05333441541198278,0.0,0.0,0.0,0.0,0.000531032499828842,0.05958534259742333,0.0808250967536746,-0.00023293731650716809,6.957432983512793,-38.82586685688471,-9.396633930607546,42.12812152684663,0.0,0.0
0.0,0.0,-0.7196342157859915,0.0,-0.8658198289318141,-0.05271403651616189,0.0,0.0,0.0,0.0,0.0005270248732258064,0.06568543190463702,0.10109625028216532,-0.0002618059550160345,6.09151219688292,-34.385454632062135,-7.988137461841283,37.15653522015435,0.0,0.0
0.0,0.0,-0.7247105096642534,-0.10597241738490164,-1.158385151350714,-0.051402367685109446,0.0,0.0,0.0,0.0,0.0009862342330008611,0.06799280460283483,0.1025820643743177,-0.00026703949300006065,7.461052192489259,-41.56608623863462,-10.389138024427327,45.40015351957687,0.0,0.0
0.0,0.0,-0.7601473601786292,0.0,-0.9339078375459795,-0.053346372620318265,0.0,0.0,0.0,0.0,0.0005683823493271121,0.05821685227243223,0.09141606647598677,-0.00023284513522734416,6.886289299595503,-38.62931116785483,-9.153643371743827,41.88171594048002,0.0,0.0
0.0,0.0,-0.7509712047346556,0.0,-0.9119716008204601,-0.053476248533919364,0.0,0.0,0.0,0.0,0.0005625192537131031,0.048850479380677166,0.06468054306285737,-0.00019415686975978298,6.567990953004579,-37.73168757367384,-9.088642901459876,41.19263291501895,0.0,0.0
0.0,0.0,-0.7133539745280183,0.0,-0.8655043797261218,-0.05191067532026381,0.0,0.0,0.0,0.0,0.0005159591651406615,0.05159973116157977,0.06997265087776831,-0.00020516379812876462,7.309792516981885,-40.425650115867356,-9.965939158640232,43.96681720415058,0.0,0.0
0.0,0.0,-0.7318539031920243,0.0,-0.9076086091750968,-0.053526966537422206,0.0,0.0,0.0,0.0,0.0005565783193355588,0.05537948990208009,0.07928417686031995,-0.0002215872321149905,6.094045693997578,-34.22855197215367,-7.5963671679757345,36.65144433484436,0.0,0.0
0.0,0.0,-0.7343546568281708,0.0,-0.8423023923108319,-0.05233015007802059,0.0,0.0,0.0,0.0,0.0005045791524366955,0.06443461894188841,0.09845487432984515,-0.00025495062549777287,6.729856293266819,-37.47226437937934,-8.8126754317553,40.482261421158825,0.0,0.0
1.4884279250381787,-0.00556945227489563,-0.7252880532084091,-0.22851014164049877,-1.3116795170356057,-0.0543739448798825,3.8639042331089005e-6,0.0,0.0,0.0,0.0013882424275628714,0.07897671445322607,0.1275197649087063,-0.00031327332070844324,8.68848833355947,-44.83463719484171,-10.73532088477885,47.95800840470077,0.0,0.0
0.0,0.0,-0.7417638788065722,-0.1018199634264267,-1.2056218775293024,-0.05325938637969768,0.0,0.0,0.0,0.0,0.0009999141099247477,0.0694213471602717,0.11525772915583488,-0.00027838386160894017,6.80457505779333,-37.44977151598888,-8.724016174270217,40.320930221226945,0.0,0.0
0.0,0.0,-0.726192386297321,0.0,-0.8501641529275767,-0.051082496284328406,0.0,0.0,0.0,0.0,0.0005142884503108262,0.05965029494132873,0.08076470113546926,-0.00023352187099975956,6.899914165260299,-37.53957910912795,-8.598360874083982,40.2021873784757,0.0,0.0
0.0,0.0,-0.7268513569942876,0.0,-0.903967544496508,-0.05247574133090477,0.0,0.0,0.0,0.0,0.0005502571057591472,0.05624352304748579,0.08742215846755053,-0.00022846820602031106,6.993279088015096,-39.38335648547187,-9.677336417622492,42.94201478294421,0.0,0.0
0.0,0.0,-0.7225185626153245,0.0,-0.9329132561588999,-0.053553889018803286,0.0,0.0,0.0,0.0,0.0005639446868594721,0.07158959463043925,0.1177468136296724,-0.00028802915823974285,7.456695467480884,-42.912813383088,-11.29174703959574,47.597941515745966,0.0,0.0
0.0,0.0,-0.7537148866429091,0.0,-0.8896485079992263,-0.05292969332215031,0.0,0.0,0.0,0.0,0.0005384772680909549,0.061907813902128545,0.09157995166085373,-0.00024290340202756392,6.929111722741815,-38.39048031717029,-8.89448498341197,41.342179281614435,0.0,0.0
0.0,0.0,-0.7366088119782376,0.0,-0.8904375082764742,-0.05222771790763234,0.0,0.0,0.0,0.0,0.0005422413591937815,0.056853144296147934,0.0882810439875736,-0.00023191216869452433,6.720285087920317,-37.297024179409505,-8.677603338444406,40.21287615468082,0.0,0.0
0.0,0.0,-0.7170379436775143,0.0,-0.8974999631074486,-0.0530621101647102,0.0,0.0,0.0,0.0,0.0005465192381610891,0.06680637038810684,0.10098459523051827,-0.0002648535601771027,6.578833571428006,-36.94929674531186,-8.80566530793576,40.0447696314587,0.0,0.0
0.0,0.0,-0.7185186948153848,0.0,-0.9334329288671854,-0.052889453839883055,0.0,0.0,0.0,0.0,0.0005733411381228013,0.047704268592097,0.0744651883196864,-0.000200088956531577,7.220296160937459,-40.87169845408077,-10.25110725939372,44.74241584657159,0.0,0.0
0.0,0.0,-0.7225849486665236,0.0,-0.8797761399117255,-0.05206615200592458,0.0,0.0,0.0,0.0,0.0005400207634561394,0.050608137781052144,0.07012728442444022,-0.00020320272541331737,6.068123841164376,-33.68679421252359,-7.591215920412097,36.11101000468543,0.0,0.0
0.0,0.0,-0.7043979492284962,0.0,-0.9289917200697769,-0.05213681592605886,0.0,0.0,0.0,0.0,0.0005657430278906751,0.053539256451494835,0.08355584862629413,-0.00022060448085379055,7.24485787041901,-40.18316444632045,-10.039730157803175,43.7746181128348,0.0,0.0
0.0,0.0,-0.7367614830657343,0.0,-0.8989903729793156,-0.05197128089427631,0.0,0.0,0.0,0.0,0.0005402631666219308,0.055808132030833964,0.08673732966627647,-0.00022784162315182664,7.033091871483454,-38.29142514478514,-8.78195139460743,41.039010086883486,0.0,0.0
0.0,0.0,-0.7122012006067158,-0.12011628062739119,-1.1844645691748228,-0.05154506265507317,0.0,0.0,0.0,0.0,0.0010437656998336198,0.0715315567181966,0.11880880878998042,-0.00028947519661891806,7.254741799206764,-40.366725512925186,-10.006497982036443,43.99794795110802,0.0,0.0
1.7516979982277638,-0.006290361351797732,-0.7426049402330036,-0.20662412804701996,-1.2380290088293335,-0.054110259965678954,4.4264951522062585e-6,0.0,0.0,0.0,0.0012717569864594443,0.07170748900293697,0.11815168121306659,-0.00028712868574950925,8.933640489957964,-47.233625112092795,-11.665421451175273,51.066933034822476,0.0,0.0
0.0,0.0,-0.7243463869267287,0.0,-0.8522483051779199,-0.052012473438300344,0.0,0.0,0.0,0.0,0.0005066104440831937,0.056851366126931674,0.0806325535558588,-0.00022396710387011863,7.044402421733568,-39.46784739539534,-9.658214345573361,42.969391758008754,0.0,0.0
0.0,0.0,-0.7334846812076247,0.0,-0.9348541586718333,-0.0536016216655162,0.0,0.0,0.0,0.0,0.0005712709786545862,0.06346807263705406,0.09738711955732712,-0.0002534209856117148,6.758590580300447,-38.0224784465444,-9.013215699486866,41.19263001507589,0.0,0.0
0.0,0.0,-0.7483329735401744,0.0,-0.8776341899020722,-0.05212484692488145,0.0,0.0,0.0,0.0,0.000529175350647434,0.05051881534027656,0.06875315086668804,-0.00019871912396793456,7.005308734452033,-39.25086171176449,-9.426571496089068,42.64336000523385,0.0,0.0
0.0,0.0,-0.7218184827471652,0.0,-0.8606468597231913,-0.052330707694511945,0.0,0.0,0.0,0.0,0.0005221557375520475,0.06628688557466725,0.10248405422207403,-0.000263755288281007,6.671399746786302,-37.381795662821084,-9.074116990929953,40.617221717154614,0.0,0.0
0.0,0.0,-0.7512951095260681,0.0,-0.9329108467356294,-0.05279804236727109,0.0,0.0,0.0,0.0,0.0005679079095808666,0.059294237931715184,0.09740069383955731,-0.00024141839469267264,6.934497303290159,-38.697129915734706,-9.16760788874535,41.92510092248262,0.0,0.0
0.0,0.0,-0.7187976955286707,0.0,-0.9006517208680705,-0.05275116940992148,0.0,0.0,0.0,0.0,0.0005487022073186168,0.04888122827476679,0.05335416208626402,-0.00018768823473909495,6.996138029070874,-39.19234536639443,-9.52064323785179,42.58669475965055,0.0,0.0
0.0,0.0,-0.7286714822509941,0.0,-0.8901378472761112,-0.052460787770071377,0.0,0.0,0.0,0.0,0.0005307053860961873,0.053114328648765065,0.07432009860636543,-0.0002102966766702838,7.060441433600872,-38.498679133129144,-8.974499931414021,41.33272472431608,0.0,0.0
0.0,0.0,-0.7233743977478035,0.0,-0.8790810306469732,-0.05282861448471786,0.0,0.0,0.0,0.0,0.0005337354214845951,0.06049293977342279,0.08688293627648062,-0.00023956817695051227,6.4279548746131425,-35.75103728235709,-8.391582059062303,38.57732377007043,0.0,0.0
0.0,0.0,-0.737675326834279,0.0,-0.8684135498577722,-0.05134690363125732,0.0,0.0,0.0,0.0,0.0005302912637487967,0.062202321436364,0.09449054090212397,-0.00024930384204914095,6.594296520220776,-35.56627089269317,-7.648275538549721,37.636308218568836,0.0,0.0
0.0,0.0,-0.7337006523343796,-0.1309473093557157,-1.2449879403625743,-0.052547154367501916,0.0,0.0,0.0,0.0,0.0011059247033981727,0.07060452913935818,0.11907977017947359,-0.00028672541919256753,7.237144393980673,-40.42690516190532,-9.928084458829849,44.056511520462216,0.0,0.0
0.0,0.0,-0.726799107680969,0.0,-0.8925707753358645,-0.05228091486922969,0.0,0.0,0.0,0.0,0.0005435587783438298,0.06280458969000782,0.10301023226043475,-0.00025576686196726324,7.251779521883825,-39.92077909670542,-9.485582254807312,43.05201829231496,0.0,0.0
0.0,0.0,-0.7218986248173328,0.0,-0.8678337907174285,-0.05223534373419323,0.0,0.0,0.0,0.0,0.0005269054591931709,0.0676581191221502,0.11013045012447222,-0.0002726913846168853,7.062707237229486,-40.129420841125544,-10.273802724092738,44.177774696898545,0.0,0.0
0.0,0.0,-0.7382047438603007,0.0,-0.9019726670651211,-0.052040046368332364,0.0,0.0,0.0,0.0,0.0005520318648484379,0.058104641927205325,0.08168953754476974,-0.00022828988089947243,6.692170720299352,-37.69726860335609,-9.01422677510678,40.96910898982116,0.0,0.0
0.0,0.0,-0.7288251805295146,0.0,-0.9241072484676317,-0.05218459425065006,0.0,0.0,0.0,0.0,0.0005575795642525179,0.05255520089568868,0.07404941668191614,-0.00020835227096571322,7.190146924400479,-40.55387343412454,-10.372637748242818,44.61365060082877,0.0,0.0
0.0,0.0,-0.7217031050704517,0.0,-0.8587980740964243,-0.05369654969518751,0.0,0.0,0.0,0.0,0.00052440455366054,0.0640146728856926,0.09824283420052168,-0.0002569567548251744,6.793510771012112,-39.359248176657374,-9.993436417339502,43.35847332201285,0.0,0.0
0.0,0.0,-0.7284521237920107,0.0,-0.8854526418676709,-0.052169605278885846,0.0,0.0,0.0,0.0,0.0005434703167858261,0.06318155909428631,0.09579589870006315,-0.00025086779191835207,6.886020463612881,-38.71004020470578,-9.31719995142261,42.058051814100246,0.0,0.0
0.0,0.0,-0.7308340969758258,0.0,-0.8492481302060857,-0.051490719255165365,0.0,0.0,0.0,0.0,0.0005017773265544684,0.05542961891859076,0.07948090770974411,-0.00021790544194974753,7.194070766194526,-39.03966995410408,-9.13438651918238,41.91843987009266,0.0,0.0
0.0,0.0,-0.9342439707958259,0.0,-1.1248223443684857,-0.054225678799218704,0.0,0.0,0.0,0.0,0.0006390722352249675,0.0,0.0,0.0,10.202682759986617,-52.636053977445634,-12.300105200526861,56.22644951635657,0.0,0.0
0.0,0.0,-0.7181539190726477,0.0,-0.9601092377861493,-0.053945439529094516,0.0,0.0,0.0,0.0,0.0005902128271854287,0.05720818294777574,0.08501789700746615,-0.00023171429613644246,7.261970873056683,-41.340305676907995,-10.59449223268764,45.471299919478355,0.0,0.0
0.0,0.0,-0.7273164151738429,0.0,-0.930713861422351,-0.0519365495160572,0.0,0.0,0.0,0.0,0.0005667782661742068,0.04456943195032191,0.060167800854481715,-0.00018057004718847067,6.644349469485493,-36.19702964281987,-8.263674558977653,38.7424957696887,0.0,0.0
0.0,0.0,-0.7429286403471473,0.0,-0.9141048961503039,-0.052341148029190765,0.0,0.0,0.0,0.0,0.0005468650308766336,0.05440240617646452,0.07260351514131075,-0.0002097164309006371,7.864969632319008,-42.84955837709776,-10.231647241623442,46.17614196176896,0.0,0.0
0.0,0.0,-0.7456860441823944,0.0,-0.9075683173344615,-0.0530985812537116,0.0,0.0,0.0,0.0,0.0005574189505929854,0.04670063993882309,0.055577665630593444,-0.0001815349945082392,6.549077768697451,-36.35960226746696,-8.18650258461462,38.94151800855322,0.0,0.0
0.0,0.0,-0.7399335063133705,0.0,-0.900958965974923,-0.05216039367323747,0.0,0.0,0.0,0.0,0.000542255413271119,0.05764994436775422,0.0835952717703656,-0.00022667169309771882,6.758967995437966,-36.899664329878775,-8.561857042111823,39.64714518579712,0.0,0.0
0.0,0.0,-0.7212819779224177,0.0,-0.8860088604653662,-0.05310662992567972,0.0,0.0,0.0,0.0,0.0005341705867738624,0.06413434492214194,0.09198226783659552,-0.0002513541379724065,6.865768862777063,-38.34713089684166,-9.223208694538272,41.565936096418845,0.0,0.0
0.0,0.0,-0.7554843191116681,0.0,-0.9412639174183278,-0.05352586997490709,0.0,0.0,0.0,0.0,0.000578175940163485,0.04718874266176919,0.07111705591756654,-0.00019271906188172966,6.700533080643392,-38.018555672868395,-9.237124272650103,41.4925525605214,0.0,0.0
0.0,0.0,-0.7249235721447099,0.0,-0.8799104224552953,-0.05328487619444734,0.0,0.0,0.0,0.0,0.0005322886385100813,0.031145522956599996,0.0,-0.00010520764524293905,6.6520216891138615,-37.53336478413714,-8.813210959318452,40.58656924494061,0.0,0.0
0.0,0.0,-0.7358791151158115,0.0,-0.9449776482805168,-0.052329611853510566,0.0,0.0,0.0,0.0,0.0005696934184246128,0.05740588733860755,0.0934629092466677,-0.00023543208225486795,7.658256740149509,-41.84305180877597,-10.043480928037646,45.193245168264234,0.0,0.0
0.0,0.0,-0.7627592385520526,0.0,-0.927515057213732,-0.05273754010060117,0.0,0.0,0.0,0.0,0.0005567989849967284,0.05821983192975178,0.08962984921603481,-0.00023104677188735825,6.909134857862023,-37.810793014162044,-8.64711107382565,40.5816275057946,0.0,0.0
0.0,0.0,-0.7355502392743766,0.0,-0.9223589267795067,-0.05157159388774983,0.0,0.0,0.0,0.0,0.0005519042945320198,0.06060347687452166,0.08900736673022142,-0.00023821484396762636,7.586265110777854,-41.34197364563315,-10.031738869700037,44.756050776618046,0.0,0.0
0.0,0.0,-0.7366026493478188,0.0,-0.9006557516630782,-0.0523393022290798,0.0,0.0,0.0,0.0,0.0005422291116496121,0.06677119466820475,0.10827643931444539,-0.00026755095005022997,6.843676183290014,-37.6218717896678,-8.669847757219117,40.39394641823912,0.0,0.0
0.0,0.0,-0.7133538300374785,0.0,-0.8907400677770739,-0.053699275674659555,0.0,0.0,0.0,0.0,0.0005520183030211165,0.05652499532786928,0.08147922711354692,-0.00022803974522287926,6.007899169485881,-34.67419105072479,-8.193753901595802,37.675348045904535,0.0,0.0
0.0,0.0,-0.7362429202660588,0.0,-0.8920359211495502,-0.05324190862099638,0.0,0.0,0.0,0.0,0.0005451476569859644,0.06964966483878364,0.1136677117239587,-0.0002811232370601053,7.096322941591149,-39.77713262877651,-9.396347606276633,43.0305217691403,0.0,0.0
1.5627040853434437,-0.005576896081092976,-0.7283946429872267,-0.1634093810035284,-1.112038999038064,-0.05267694449593309,3.855997959692115e-6,0.0,0.0,0.0,0.0010798940870435677,0.06222519894549786,0.08382543885309031,-0.00024028615476420922,8.729059030794112,-45.767277608215046,-11.217039541322404,49.34541736668917,0.0,0.0
0.0,0.0,-0.7199398015712868,0.0,-0.8969259202174213,-0.0533742032582291,0.0,0.0,0.0,0.0,0.0005410842895573154,0.05596139087909778,0.08554705089556132,-0.000226697608782819,6.77232360169404,-37.81799341073056,-9.085959290606723,40.968562622452374,0.0,0.0
0.0,0.0,-0.7420593973151788,0.0,-0.9176931416768958,-0.05353752663375713,0.0,0.0,0.0,0.0,0.0005563432080249699,0.06191839963203445,0.09329375202766865,-0.00024473256096202905,6.846977234008184,-37.55900951961459,-8.477144273303681,40.116983682982436,0.0,0.0
0.0,0.0,-0.7008322665970214,0.0,-0.8696249384093533,-0.05299199279493249,0.0,0.0,0.0,0.0,0.0005282641047270282,0.06326200286697248,0.09509390952773579,-0.0002546600908606951,6.631730305122813,-37.27768464800134,-9.079361475933446,40.516318807655956,0.0,0.0
0.0,0.0,-0.7344304784177293,0.0,-0.9383619425172767,-0.053784259088383385,0.0,0.0,0.0,0.0,0.0005794820982059269,0.05272766854190912,0.08371196357163335,-0.00021813286572437706,6.46955414476547,-36.75264144807353,-8.754307184853463,39.91503146664454,0.0,0.0
0.0,0.0,-0.7004350621246885,0.0,-0.8271560931963787,-0.05297177429446907,0.0,0.0,0.0,0.0,0.0005074862405636392,0.02892961712083245,0.0,-0.00010472547169594096,5.7413725803655655,-32.809204057508765,-7.640680701342872,35.47010145926795,0.0,0.0
0.0,0.0,-0.7391030250301273,0.0,-0.9023627340244391,-0.051905869981594736,0.0,0.0,0.0,0.0,0.0005571975594578448,0.059340664962625175,0.09292947679472646,-0.0002412569377448651,7.158569510836558,-40.85659094058584,-10.284975730432125,44.933201998160634,0.0,0.0
0.0,0.0,-0.7507213662417626,0.0,-0.8535038148049355,-0.051608504980010704,0.0,0.0,0.0,0.0,0.0005101294322659556,0.06179826104256698,0.08533765065314664,-0.0002370913091473488,7.3316353306317925,-40.862153997999805,-10.016356214250631,44.55614240923676,0.0,0.0
0.0,0.0,-0.730109512324753,0.0,-0.8766794672998232,-0.05192766130753854,0.0,0.0,0.0,0.0,0.0005338210157814731,0.06053654059273538,0.09002646130388182,-0.0002407848436414179,7.211505127062318,-39.945909247911196,-9.46348458891611,43.12650117719198,0.0,0.0
0.0,0.0,-0.726573536284394,0.0,-0.9335308535208318,-0.053795836211155384,0.0,0.0,0.0,0.0,0.0005661531234986547,0.06209643292848235,0.09222367168854725,-0.000247303120537377,6.24617145183393,-35.277250668404314,-8.355309661331074,38.26965550464512,0.0,0.0
0.0,0.0,-0.7558106942266162,-0.11870879090137251,-1.2476530612679153,-0.05330718251880031,0.0,0.0,0.0,0.0,0.0010790255686488075,0.06508788425619877,0.10365136901914761,-0.00026088949289309243,7.4478431819495565,-41.85076656284533,-10.253977294972948,45.64941303667116,0.0,0.0
0.0,0.0,-0.7246291023816935,0.0,-0.8767489873408557,-0.05239961608337396,0.0,0.0,0.0,0.0,0.0005275493615749835,0.05391954765527139,0.07182813108765565,-0.0002117373225981582,7.4346845515749616,-41.541699179836435,-10.125717808803607,45.13487635684854,0.0,0.0
0.0,0.0,-0.7370306876254482,0.0,-0.9264493172154075,-0.052491522031751975,0.0,0.0,0.0,0.0,0.0005652757319610899,0.05823738300332337,0.08712067543645062,-0.00023410917890873616,6.9855056649142435,-38.704143931075556,-9.18697657439067,41.8634525037154,0.0,0.0
0.0,0.0,-0.7519255012141598,-0.1211275381570905,-1.1823116930123838,-0.0521035515626271,0.0,0.0,0.0,0.0,0.0010467473509193034,0.06810158536455999,0.1059407369039208,-0.0002685576906863924,6.875990724443333,-38.445722260523006,-9.03451675961799,41.61934531515337,0.0,0.0
0.0,0.0,-0.7350940091463339,0.0,-0.8944268621897635,-0.052899945794846276,0.0,0.0,0.0,0.0,0.0005404863978550282,0.05571271304773005,0.0840514085754451,-0.00022311163563064706,6.6198624077171,-36.81361823129514,-8.662947303617132,39.74763250238647,0.0,0.0
0.0,0.0,-0.7384835618548204,0.0,-0.8663928327388709,-0.05305318682897862,0.0,0.0,0.0,0.0,0.0005212243435070065,0.06705869059297896,0.1053327333079812,-0.00026723820652973184,6.620582987266027,-37.52610663695133,-9.052756592352706,40.88482937546257,0.0,0.0
0.0,0.0,-0.7317348690678035,0.0,-0.8782444131093452,-0.05271386799737065,0.0,0.0,0.0,0.0,0.000549211002655323,0.05983910059131867,0.0838513618724307,-0.00023595690652659582,6.354058112214881,-37.07780516585932,-9.096939778591766,40.71871497747284,0.0,0.0
0.0,0.0,-0.7289585858961467,0.0,-0.915441659517855,-0.05280045672009974,0.0,0.0,0.0,0.0,0.0005584627702409851,0.056206573160112676,0.08105871979962806,-0.0002240983959544636,7.289376494003518,-41.37761388174591,-10.522675119834108,45.47706511093819,0.0,0.0
0.0,0.0,-0.723859810388829,0.0,-0.8813295516650734,-0.051286430527391395,0.0,0.0,0.0,0.0,0.0005319815550001665,0.06014343288740296,0.09190946770966284,-0.00024152477005502112,7.1960341186413554,-39.008242644965094,-8.87234200588952,41.66721832368379,0.0,0.0
0.0,0.0,-0.7219933229440311,0.0,-0.8576652772753137,-0.05255786493958304,0.0,0.0,0.0,0.0,0.0005201603108802758,0.051819981139402095,0.063997204316328,-0.00020241148575784088,6.666778785847791,-37.58963465772484,-9.079090725748387,40.87804046943399,0.0,0.0
0.0,0.0,-0.7358909715360102,0.0,-0.8601466728747696,-0.051379239893581986,0.0,0.0,0.0,0.0,0.0005099565537003619,0.06734881664239142,0.10225582811640996,-0.0002647092531000242,7.125202589058932,-38.40605329538608,-8.798980498359365,41.073582988675675,0.0,0.0
0.0,0.0,-0.729861684854984,0.0,-0.8739664527094978,-0.05195972882542008,0.0,0.0,0.0,0.0,0.000531829881078274,0.06544739124156751,0.09597767150988547,-0.0002578177735193093,6.156624188661386,-34.17288296987222,-7.674652142309304,36.63056538778604,0.0,0.0
0.0,0.0,-0.751218631964626,0.0,-0.9104701476833219,-0.05290689164066529,0.0,0.0,0.0,0.0,0.0005513696277745227,0.04899436827878638,0.06479764842874311,-0.0001916456497107877,7.250202428315124,-40.270424379151166,-9.60833106580509,43.569168021744034,0.0,0.0
0.0,0.0,-0.7248282019972974,0.0,-0.9171423766133712,-0.05312145369450084,0.0,0.0,0.0,0.0,0.0005659468493687349,0.05322290378271173,0.06672321635298184,-0.00020849759593494788,6.700622569397499,-37.728860147256526,-8.997615224027165,40.916621616724726,0.0,0.0
0.0,0.0,-0.7011159292863285,0.0,-0.8695323896808378,-0.05228321440430347,0.0,0.0,0.0,0.0,0.0005293248515538391,0.071265175391164,0.11195729698001168,-0.0002854232905775407,6.8410952901057644,-38.58155740120881,-9.449316251428712,42.00764032383353,0.0,0.0
0.0,0.0,-0.7232549489021521,0.0,-0.875120921584222,-0.052873956721761706,0.0,0.0,0.0,0.0,0.0005359351083524589,0.05577202159774362,0.08035526044198892,-0.00022270601857504022,6.886063613603178,-39.57704019102409,-10.027493945805114,43.5623757255122,0.0,0.0
0.0,0.0,-0.7252596039010122,0.0,-0.8996228272296941,-0.05187631282780533,0.0,0.0,0.0,0.0,0.0005438704853520327,0.06522845930247245,0.09359064519968334,-0.0002553061156918743,7.188959048280724,-39.60223677495363,-9.545574806724387,42.88699814621079,0.0,0.0
0.0,0.0,-0.7341927821332342,0.0,-0.8504321929809104,-0.051623156851578963,0.0,0.0,0.0,0.0,0.0005097197008523141,0.05261824250486241,0.07417253551246723,-0.00020682356062402452,7.126145205097124,-39.60149309149336,-9.604909282898427,42.999449733259816,0.0,0.0
0.0,0.0,-0.7451520403761884,0.0,-0.9135186635355046,-0.053294064033827936,0.0,0.0,0.0,0.0,0.0005627394931447772,0.051255851199810756,0.07848232283921021,-0.00020960966550190858,6.920735112920123,-39.51124852069906,-9.70834596619961,43.2117618071679,0.0,0.0
0.0,0.0,-0.7419057614597835,0.0,-0.88634307833072,-0.05261281708499473,0.0,0.0,0.0,0.0,0.0005379171582967804,0.05575727714555434,0.07533168656061041,-0.00021701448483406828,6.836430031334313,-38.31239759247923,-9.224604677802978,41.606583282176565,0.0,0.0
0.0,0.0,-0.7483061825707447,0.0,-0.8981082722074437,-0.05321318404248583,0.0,0.0,0.0,0.0,0.0005542108163286509,0.06595130792224811,0.10062201032255735,-0.000261274964391599,6.424541856575808,-36.81545801764847,-8.805436679848034,40.13815555950368,0.0,0.0
0.0,0.0,-0.7356721311107409,0.0,-0.8791678816584155,-0.05217249305638551,0.0,0.0,0.0,0.0,0.0005300759496683301,0.061327198404560884,0.09022872238498898,-0.00024129572009262253,6.751750641694697,-37.904109743390215,-9.36751603453451,41.429286665317846,0.0,0.0
0.0,0.0,-0.729767903038354,0.0,-0.8893699904389523,-0.053075018849337983,0.0,0.0,0.0,0.0,0.0005413721863572009,0.06721595635881421,0.10224085625706453,-0.0002647176691213036,7.042952677456887,-39.4974389679183,-9.567481145556647,42.89726694601749,0.0,0.0
0.0,0.0,-0.7317726754939564,0.0,-0.9360062206092844,-0.05299561711209534,0.0,0.0,0.0,0.0,0.0005659637391190763,0.04217880194348594,0.05315522122655703,-0.00016833422542555785,6.7871949265779845,-37.23775929312027,-8.576983016208697,39.93682411314314,0.0,0.0
0.0,0.0,-0.7168321662456333,0.0,-0.8631341924397891,-0.05313678136650763,0.0,0.0,0.0,0.0,0.0005277507405768811,0.07469640342886257,0.12295418840299017,-0.0002976653947360318,6.987476453832168,-40.66012187113525,-10.705082400099709,45.14827170781269,0.0,0.0
0.0,0.0,-0.7179533662367777,0.0,-0.939448114128827,-0.05178546724109806,0.0,0.0,0.0,0.0,0.0005692582550401442,0.05394072492329131,0.08204306681710755,-0.00022014750510783898,7.2228720374004425,-39.88358499555701,-9.874913002000493,43.42421073506482,0.0,0.0
0.0,0.0,-0.7244089789479093,0.0,-0.8919630547219476,-0.05228672795784758,0.0,0.0,0.0,0.0,0.0005452850643475768,0.060405649674215744,0.09656636938182303,-0.0002468798824076867,6.210720379164642,-34.60834302895137,-7.952521895088768,37.26973618494151,0.0,0.0
0.0,0.0,-0.7399753929118499,0.0,-0.8633668782517397,-0.052409189479280076,0.0,0.0,0.0,0.0,0.000519157998199378,0.06076018379143155,0.08917465648016173,-0.00023868232761176716,7.010597084646583,-38.39824988539347,-8.859748291067769,41.18889140937461,0.0,0.0
0.0,0.0,-0.7482820455201636,0.0,-0.9191784999405613,-0.0527889330741429,0.0,0.0,0.0,0.0,0.0005688730965069327,0.04947488966715195,0.07513282846787171,-0.00020213445341734918,6.132837850434006,-33.68290894437931,-7.298158171534893,35.79811168409324,0.0,0.0
0.0,0.0,-0.7218847604746333,0.0,-0.896120606359334,-0.052976442981812394,0.0,0.0,0.0,0.0,0.0005509416204193608,0.05202237745049517,0.06675608747013365,-0.00020442106193728805,6.381316336119971,-36.221705260644484,-8.656582921083526,39.34846911503221,0.0,0.0
0.0,0.0,-0.7410091949780421,0.0,-0.9040082856264733,-0.05258893241799009,0.0,0.0,0.0,0.0,0.0005474577981435302,0.059316894416437144,0.09252051162551443,-0.00023961136853462698,6.593002929913633,-36.22049892536072,-8.192272506580055,38.78600484350913,0.0,0.0
0.0,0.0,-0.6993487066793365,0.0,-0.8803440049712151,-0.052802038992269235,0.0,0.0,0.0,0.0,0.0005274734809909436,0.07366596579414388,0.11472280419501162,-0.00029171528842091395,6.5714769522542245,-36.32461367338308,-8.511824615055277,39.092816604396944,0.0,0.0
0.0,0.0,-0.72107263718599,0.0,-0.8835554845501093,-0.05252162757228165,0.0,0.0,0.0,0.0,0.0005313386523854273,0.06377030828845827,0.0978598297780177,-0.0002545507958115741,7.358236437410061,-40.931590069638816,-9.971620213780016,44.43088362542556,0.0,0.0
0.0,0.0,-0.7285113125555405,0.0,-0.9005173509202594,-0.0534928174149283,0.0,0.0,0.0,0.0,0.0005562203874360527,0.05011817093221561,0.07079475989429584,-0.00020448984908684296,6.476920514840016,-37.54518105954516,-9.323267014358372,41.23867639221625,0.0,0.0
0.0,0.0,-0.7120042500986932,0.0,-0.8821464614379994,-0.05209733933925481,0.0,0.0,0.0,0.0,0.000522705417726904,0.06023693257940477,0.08733805032254664,-0.0002377998130876915,7.3370290463210805,-39.734025769389106,-9.390515008289556,42.671323748131776,0.0,0.0
0.0,0.0,-0.7120447255161039,0.0,-0.8614343875724245,-0.051236316751599134,0.0,0.0,0.0,0.0,0.0005171435886990847,0.058126052811421025,0.08240697694643123,-0.0002295915549412283,7.435630645902113,-40.69279525919141,-9.85850039850486,43.99161611586509,0.0,0.0
0.0,0.0,-0.7295450099127058,0.0,-0.8842003683067885,-0.05236063557485533,0.0,0.0,0.0,0.0,0.0005352303434785324,0.061947308787150344,0.09364647631014819,-0.00024530636100631,6.894794413800433,-39.2583368011478,-10.0257778296762,43.25125402881232,0.0,0.0
0.0,0.0,-0.7402981942706385,0.0,-0.9458296384862912,-0.05245868295650338,0.0,0.0,0.0,0.0,0.0005739981726400183,0.058616973888268274,0.09082859049116289,-0.00023492239438922314,7.42063487245128,-41.187742172750056,-9.996927170500022,44.70277625558853,0.0,0.0
0.0,0.0,-0.7440446714553244,0.0,-0.8743339504708059,-0.053312269684848895,0.0,0.0,0.0,0.0,0.0005331833952026476,0.058147684983788826,0.08744755372597342,-0.0002313477899241703,6.904349663387212,-39.58858317892363,-9.845906871864837,43.41549432619954,0.0,0.0
1.633394309086497,-0.006046456618593035,-0.7299457890708474,-0.2231035459176606,-1.262594568446243,-0.05377337884981694,4.2909169944325885e-6,0.0,0.0,0.0,0.0013274413193721756,0.0773041958579139,0.11805022927772799,-0.0003013078255811072,9.44977341292667,-48.72018786624792,-11.882865317679984,52.27735252415094,0.0,0.0
0.0,0.0,-0.7216912689837822,0.0,-0.887974385553771,-0.05334189818609563,0.0,0.0,0.0,0.0,0.0005382058934301298,0.06686828727422542,0.09882633154792014,-0.00026343957988858737,6.488889682168307,-36.76022538165023,-8.826095911949329,39.95909679214777,0.0,0.0
1.5679499533252397,-0.00565447213107628,-0.7499138132910105,-0.22176127861931944,-1.2811822115174019,-0.05421489448125932,3.7903867870337015e-6,0.0,0.0,0.0,0.0013302065381153257,0.08232832984143737,0.13493142213201167,-0.0003220099201328866,9.950488321188464,-51.82860672194478,-12.848207234578037,55.89809688094067,0.0,0.0
0.0,0.0,-0.729055491659668,0.0,-0.9078639219259846,-0.05249377531383901,0.0,0.0,0.0,0.0,0.0005493871477886562,0.06337494689193919,0.10065388319959451,-0.0002550520412537372,7.4198863850150225,-41.11918057477581,-9.981139142121844,44.604275897629535,0.0,0.0
0.0,0.0,-0.7043148219176326,0.0,-0.8557893503564432,-0.053058879018402096,0.0,0.0,0.0,0.0,0.0005232271250547061,0.059705551190513774,0.09273170716959964,-0.00024339292867940688,6.406292393194536,-37.15939557563198,-9.440295556632154,40.94375059047168,0.0,0.0
0.0,0.0,-0.7400443865681312,0.0,-0.8933005002761494,-0.051009191349078734,0.0,0.0,0.0,0.0,0.00054292481874071,0.06367402371267636,0.09818469750323544,-0.0002543292425108227,7.4243829777219466,-41.07651283781676,-10.007690065293096,44.681476725070894,0.0,0.0
0.0,0.0,-0.7682335904899347,0.0,-0.9377398532249361,-0.05330858819177804,0.0,0.0,0.0,0.0,0.00057213923624923,0.05248652841086827,0.07317794866816693,-0.00020586624236282344,7.060656259499379,-40.59335040705158,-10.15446925424716,44.686403887210574,0.0,0.0
0.0,0.0,-0.7557376398274747,-0.10910023405808772,-1.1610376863100718,-0.052684888215245425,0.0,0.0,0.0,0.0,0.0009991607403715894,0.06572298757125723,0.10769223285765946,-0.00026298408897926375,6.330785589693438,-34.97143411798851,-7.590936217076136,37.22790278710945,0.0,0.0
0.0,0.0,-0.7272128628746939,0.0,-0.8314654812810375,-0.051932936710995393,0.0,0.0,0.0,0.0,0.0004975366398311276,0.07093222569086496,0.11577008820900991,-0.0002842037854483194,7.3158687670148135,-41.28163235833709,-10.38837868589736,45.251853662414085,0.0,0.0
0.0,0.0,-0.7560115032350078,0.0,-0.8716833936716524,-0.05238400326073249,0.0,0.0,0.0,0.0,0.0005305354628551831,0.0517205367985437,0.0779427708429114,-0.0002082989615500614,7.1164885280776105,-39.87353572716764,-9.474589672420931,43.20986023267015,0.0,0.0
0.0,0.0,-0.7348596998800898,0.0,-0.8921360345775484,-0.052303731058095784,0.0,0.0,0.0,0.0,0.0005489540402559961,0.059992374234629935,0.09608885520071964,-0.000244251842618454,7.104924415454597,-40.17552452827994,-9.992250180127856,43.95954700098254,0.0,0.0
0.0,0.0,-0.759109741587555,0.0,-0.8557227561753686,-0.05155301641216452,0.0,0.0,0.0,0.0,0.0005166221558914532,0.05503762116270703,0.08116571007658373,-0.00021812195719783146,7.058583612084839,-39.096919656028355,-9.157825058054007,42.23607801385061,0.0,0.0
0.0,0.0,-0.7394431738974429,0.0,-0.8779867817794792,-0.052631078117168544,0.0,0.0,0.0,0.0,0.0005321776460887961,0.06367518727142381,0.09570939237789847,-0.0002516771229703222,6.967722125661882,-38.703016615262214,-8.98556873637985,41.6838790837427,0.0,0.0
0.0,0.0,-0.7328655486681611,0.0,-0.9532303538483292,-0.0540901459690405,0.0,0.0,0.0,0.0,0.000596127207006206,0.058926027432983065,0.09458513574181497,-0.00024203327906074183,5.932893624076478,-34.186195214445654,-7.876395394835538,36.99554816305754,0.0,0.0
0.0,0.0,-0.7207550187463414,0.0,-0.8570709511785098,-0.052661645261577836,0.0,0.0,0.0,0.0,0.0005126257681514704,0.06105265656661707,0.09159204010911341,-0.0002442374157484347,7.352279703884161,-42.78297207975258,-11.425982559298644,47.708227461955154,0.0,0.0
0.0,0.0,-0.7192822530615798,0.0,-0.8736005274535148,-0.05278210487098733,0.0,0.0,0.0,0.0,0.0005251564075262169,0.05050067335852577,0.05654992251332431,-0.00019256262257179624,6.76784085586254,-37.99307889390399,-9.496108388820222,41.554958490126026,0.0,0.0
0.0,0.0,-0.7149754197522745,0.0,-0.9101574929585208,-0.052132880893994135,0.0,0.0,0.0,0.0,0.000556396652566148,0.06281333781505331,0.1002083313574584,-0.00025617433011502306,7.614243567168471,-42.857293890450045,-10.998628073873308,47.09271658594359,0.0,0.0
0.0,0.0,-0.7251517886537131,-0.11420053229621048,-1.1925626337549249,-0.05396425446382945,0.0,0.0,0.0,0.0,0.001042003926728716,0.07405725264032521,0.12332348072703486,-0.0002975032199251892,6.036868399594963,-35.15563842275988,-8.582338841876416,38.51317399359531,0.0,0.0
0.0,0.0,-0.7329418296566746,0.0,-0.8822166000581275,-0.0523333385811432,0.0,0.0,0.0,0.0,0.0005392862478017456,0.0664345398733314,0.10403553484310032,-0.000265692870981628,6.602752566348138,-37.04922081950163,-8.734399377011657,40.10146271409413,0.0,0.0
0.0,0.0,-0.7535261295309482,0.0,-0.9080440798870234,-0.05203624767510435,0.0,0.0,0.0,0.0,0.0005485704237762263,0.046598020524211435,0.06598659285719098,-0.00018609164681557437,7.462516201537369,-40.50901086557207,-9.482976167840004,43.512863073894074,0.0,0.0
0.0,0.0,-0.7206563150644855,0.0,-0.8482934052997498,-0.05174155591354597,0.0,0.0,0.0,0.0,0.0005144335467242626,0.06768919265186038,0.10495345712949028,-0.00027008614653117283,6.781452116237013,-37.52987038244124,-8.784935672986544,40.43725957083787,0.0,0.0
0.0,0.0,-0.6947681150834834,0.0,-0.9204145635109438,-0.05279721196717682,0.0,0.0,0.0,0.0,0.0005539017155914915,0.05679901681672937,0.08159031716725773,-0.00022617628447287825,6.787334996990115,-37.62766158554606,-9.094095419451017,40.7063550456268,0.0,0.0
0.0,0.0,-0.7358345305223628,0.0,-0.869987052777213,-0.05231209313839159,0.0,0.0,0.0,0.0,0.0005199239941973192,0.059786345720679514,0.08529712474424846,-0.00023319091653678612,6.944716085227111,-38.675846664163096,-9.381413278330655,42.027612380600175,0.0,0.0
0.0,0.0,-0.7256908772410945,-0.11023640366095402,-1.1967859994390313,-0.052473312340464644,0.0,0.0,0.0,0.0,0.0010255682962922931,0.062310241300074856,0.09784453503532284,-0.0002504980088961188,6.334174902124504,-34.64205865922252,-7.645643796128639,36.86378186405662,0.0,0.0
0.0,0.0,-0.7120829432302861,0.0,-0.8544361263217519,-0.05167956012867646,0.0,0.0,0.0,0.0,0.0005140661504623152,0.05372773834416885,0.07575494927599555,-0.00021629636048167532,7.098717207343456,-39.242307785157564,-9.457117754425106,42.4920017533501,0.0,0.0
0.0,0.0,-0.7330965976374771,0.0,-0.8968694719237902,-0.052009968010045926,0.0,0.0,0.0,0.0,0.0005373290999927138,0.057334421986780744,0.08868369743591181,-0.00023093433813683106,6.844602133298636,-37.29016089985418,-8.533941727303494,39.93028681330711,0.0,0.0
0.0,0.0,-0.7492943974598273,-0.14301095571049788,-1.270616393869027,-0.05081332426077852,0.0,0.0,0.0,0.0,0.001156635779701287,0.067262818966003,0.10843478390715687,-0.00026875735755486983,7.644181061029065,-41.616525461700085,-9.814596831740273,44.83648922981002,0.0,0.0
0.0,0.0,-0.7115203464616506,0.0,-0.8665185588421229,-0.05152281329734915,0.0,0.0,0.0,0.0,0.0005149955564811952,0.06185525083642327,0.08745547936929636,-0.0002437837608306027,7.270708936882918,-40.470480382004865,-10.062978056777295,44.15607702557282,0.0,0.0
0.0,0.0,-0.7375639137415606,0.0,-0.8485780099705363,-0.05173312345680516,0.0,0.0,0.0,0.0,0.0005048590899286544,0.06057946039751031,0.08499932961240746,-0.00023502977835684034,6.5255327202625555,-35.70869269802525,-8.16813863677028,38.29297491450103,0.0,0.0
0.0,0.0,-0.7354924726050343,0.0,-0.8990944160512901,-0.05255590731841476,0.0,0.0,0.0,0.0,0.0005514830870371921,0.05652030545220519,0.07748122209871819,-0.00022147322486721824,7.048093921366332,-39.92361416567401,-9.887935818485424,43.66157674059085,0.0,0.0
0.0,0.0,-0.739192265263849,0.0,-0.9106884506526288,-0.052328541984188744,0.0,0.0,0.0,0.0,0.0005448059693359507,0.049562621710501076,0.06820747625636536,-0.00019739506510079382,6.787165286830077,-36.563358268822284,-8.126774426431329,38.89263278554352,0.0,0.0
0.0,0.0,-0.716434731470285,0.0,-0.8792257695760336,-0.05250271482131822,0.0,0.0,0.0,0.0,0.0005298641992868119,0.07058483730354073,0.10648927428453975,-0.00028033625645396517,7.289495810080384,-40.3238320842631,-9.584237524324534,43.55433483153588,0.0,0.0
0.0,0.0,-0.7317340197822638,-0.13519796530649072,-1.2662369982869937,-0.053845104667909115,0.0,0.0,0.0,0.0,0.0011382247853673198,0.06623737417185514,0.11236165413117388,-0.00026999637145597784,6.601223014350587,-38.143164833660435,-9.735780506588453,42.0955428947243,0.0,0.0
0.0,0.0,-0.7104549803678242,0.0,-0.8566417936967414,-0.05208394092749238,0.0,0.0,0.0,0.0,0.000521895311861153,0.0561323651807732,0.07058674885755495,-0.00021763166295163307,6.6137139659011455,-37.30003025213344,-9.033456752052295,40.55237781774342,0.0,0.0
0.0,0.0,-0.7581087690667316,0.0,-0.9031739157128336,-0.05321684481001466,0.0,0.0,0.0,0.0,0.0005491419421384274,0.04918612693927243,0.0661362795121134,-0.000191982571001427,6.625415842382338,-36.909934330669664,-8.397538096780664,39.649761381656745,0.0,0.0
0.0,0.0,-0.7409049298634981,0.0,-0.8832927464002999,-0.05218163207257443,0.0,0.0,0.0,0.0,0.0005310059136840807,0.05247362092962821,0.07540052098092974,-0.00020802470488670251,7.102271861127307,-39.68662289827783,-9.66599965698281,43.18537298513563,0.0,0.0
0.0,0.0,-0.7359211074702858,0.0,-0.8945847727252059,-0.05220596192741388,0.0,0.0,0.0,0.0,0.000537955112863228,0.06465177939921764,0.10075833136509495,-0.0002566570252767174,7.242909782628199,-40.0314732803431,-9.644457308193466,43.37702131844745,0.0,0.0
0.0,0.0,-0.7242637450557888,0.0,-0.8780789835347521,-0.05331625349856482,0.0,0.0,0.0,0.0,0.0005335771511795502,0.0678887381848906,0.10077809973038751,-0.0002684499822870253,6.379921524565684,-35.630806204136285,-8.048325711389714,38.20033082224361,0.0,0.0
0.0,0.0,-0.7279267622324169,0.0,-0.8836545582105693,-0.05270701598493765,0.0,0.0,0.0,0.0,0.0005399467336357762,0.04608247006555392,0.060157846372868036,-0.00018456347734402255,6.925254270073679,-39.39463491907749,-9.78834656654521,43.10932190953839,0.0,0.0
0.0,0.0,-0.7269166141721549,0.0,-0.9105723910666689,-0.0526583794319136,0.0,0.0,0.0,0.0,0.0005410848419087829,0.061376601300297755,0.09464312223929153,-0.00024423174734987987,7.352441473960676,-39.674303624338954,-9.253686055461616,42.486926349643596,0.0,0.0
0.0,0.0,-0.7155929686147308,-0.1130483768665613,-1.1886242530959719,-0.05253561243769405,0.0,0.0,0.0,0.0,0.0010256278800830946,0.06571234855649198,0.09258573029460751,-0.00025739677304910445,6.346349101420964,-34.749949061551824,-7.735628494526905,37.03860476762674,0.0,0.0
0.0,0.0,-0.7373239773488663,0.0,-0.912593740652917,-0.05310355485288205,0.0,0.0,0.0,0.0,0.0005579342615668673,0.060852099244538535,0.0896704935835282,-0.00024220872700102074,6.975261761784608,-39.32286832306894,-9.50666780046471,42.793540845468534,0.0,0.0
0.0,0.0,-0.743324068859258,0.0,-0.921244252405632,-0.051398350306695394,0.0,0.0,0.0,0.0,0.0005605420040145524,0.06357201515607168,0.10312981003481417,-0.0002569351941472962,7.774699180453827,-43.08212599816169,-10.628423532104344,46.943554834775476,0.0,0.0
0.0,0.0,-0.7378005003528899,0.0,-0.8755586022480308,-0.05214248876841027,0.0,0.0,0.0,0.0,0.0005296311973907435,0.04986367425044398,0.06035898836927529,-0.00019351287698412916,7.004328609425156,-39.26136155129072,-9.555391585584308,42.758871712387624,0.0,0.0
0.0,0.0,-0.728052120753356,0.0,-0.8853820850187538,-0.05295994159015507,0.0,0.0,0.0,0.0,0.0005371712907627768,0.06216586945708802,0.09045146819379318,-0.0002452264490521779,6.827874275858575,-38.62684469906476,-9.258556544997264,41.97140708038295,0.0,0.0
0.0,0.0,-0.735779011312988,0.0,-0.9215802737378262,-0.05315354143026062,0.0,0.0,0.0,0.0,0.0005565902143523061,0.05699483304081199,0.08606662666974454,-0.00022813046451530602,7.441101733287997,-42.18623621221902,-10.727825224525182,46.36129870109851,0.0,0.0
0.0,0.0,-0.7064115731946937,0.0,-0.8257420987073295,-0.05165989162760619,0.0,0.0,0.0,0.0,0.0005022334636926299,0.06083153601334831,0.08061909667751849,-0.00023683162830527154,7.0607655436925105,-39.89550130059572,-9.897466872018137,43.56979030888899,0.0,0.0
0.0,0.0,-0.7152562849019717,0.0,-0.8979105592337223,-0.05181054415977406,0.0,0.0,0.0,0.0,0.0005492070619066654,0.06300712499089468,0.09260472407713917,-0.0002512316052642446,7.125860290353273,-39.20720561855098,-9.299235883024442,42.28066985755991,0.0,0.0
0.0,0.0,-0.7148152448925774,0.0,-0.9137825840299227,-0.05213550348587469,0.0,0.0,0.0,0.0,0.0005482958873563474,0.05215569901728797,0.07283151574793167,-0.00020824789006624255,7.3220538408536955,-40.058051453607085,-9.707186684023947,43.32254957244453,0.0,0.0
0.0,0.0,-0.7154177745015736,-0.1044227454444847,-1.1622557615124038,-0.05203945439484827,0.0,0.0,0.0,0.0,0.0009769551182316726,0.06406201202784918,0.0935393327017724,-0.00025250673345565233,6.848807612545845,-37.746705137730146,-9.15627831033019,40.94022757783229,0.0,0.0
0.0,0.0,-0.7254597053365165,-0.11974497496304619,-1.2082247764405345,-0.05354293644073748,0.0,0.0,0.0,0.0,0.0010538500604839183,0.06857897560674642,0.10189888970514935,-0.0002673773285746218,7.139547053842492,-40.16814386898975,-9.885666416814914,43.74415864349599,0.0,0.0
0.0,0.0,-0.7093761744648374,0.0,-0.8850656723736489,-0.05194813433409952,0.0,0.0,0.0,0.0,0.0005314858000390336,0.06838654496067689,0.10668231085449292,-0.00027156200505875825,7.270656669093194,-40.97230840704892,-10.522480805036448,45.041236572078226,0.0,0.0
0.0,0.0,-0.7274071192811135,0.0,-0.9226657572673062,-0.05243570415169622,0.0,0.0,0.0,0.0,0.0005516338208227176,0.05851377522031879,0.08747453923941159,-0.0002345255689874993,7.977488434599254,-44.313972965394484,-11.136275858400461,48.40490813349267,0.0,0.0
0.0,0.0,-0.7419613700257269,0.0,-0.9673239135716106,-0.0544872609849323,0.0,0.0,0.0,0.0,0.0005915492232051727,0.051214493990064995,0.08856633884927821,-0.00021625468815713298,6.54009322004106,-36.76868185848399,-8.538295290803509,39.663592819734774,0.0,0.0
0.0,0.0,-0.7446144267303897,0.0,-0.9193663434302437,-0.05177041344409295,0.0,0.0,0.0,0.0,0.0005605117710586843,0.04529987049609667,0.05566419413728672,-0.00017652453571875696,7.910951358457431,-44.210616354290174,-11.196717210761891,48.42950309035075,0.0,0.0
0.0,0.0,-0.7179576161431036,0.0,-0.8906448484109539,-0.0529252477661513,0.0,0.0,0.0,0.0,0.0005475539601065175,0.05393081925319123,0.07932996739077051,-0.00021806378502403523,6.347661019579556,-35.82888113132464,-8.386456360593293,38.708151370362856,0.0,0.0
0.0,0.0,-0.763265259324094,0.0,-0.9290443065886247,-0.05311465684429262,0.0,0.0,0.0,0.0,0.0005617957342303377,0.05320854939838618,0.08393212853510339,-0.000214988737100713,7.485722456452532,-41.692240738076656,-10.04795629913214,45.25784200065485,0.0,0.0
0.0,0.0,-0.7157170711420073,0.0,-0.9228306443324059,-0.05276650333387667,0.0,0.0,0.0,0.0,0.0005663390801940661,0.05063939523705482,0.0709777431670949,-0.0002049503340949598,6.421338203692005,-36.023767116422036,-8.608126644052053,39.03996423531392,0.0,0.0
0.0,0.0,-0.7326066082658185,0.0,-0.8983226616328948,-0.05228612930187643,0.0,0.0,0.0,0.0,0.0005467448701797468,0.051245044409791496,0.07835883697920239,-0.00021092607178871287,7.2883010502807455,-40.850001259144996,-10.057497308767,44.53598796258666,0.0,0.0
0.0,0.0,-0.726135066204579,0.0,-0.8831944483471128,-0.053068601185757076,0.0,0.0,0.0,0.0,0.0005373178069578641,0.0714305473159602,0.11532656157278881,-0.00028677662606349015,6.272417382547611,-35.24432512643963,-7.999982070364225,37.90074909214365,0.0,0.0
0.0,0.0,-0.7305533106425968,0.0,-0.9241019425853002,-0.05311416735066699,0.0,0.0,0.0,0.0,0.0005661377259265144,0.05647332816942112,0.08555049361217848,-0.0002272066154840601,6.928083355288124,-39.20696520008313,-9.658535774886671,42.81773419558352,0.0,0.0
0.0,0.0,-0.707471223055705,-0.11027681557991922,-1.1907673956631402,-0.05204966562645762,0.0,0.0,0.0,0.0,0.001015030240708911,0.06417626663884932,0.09825508422456669,-0.0002561695984281546,7.038186632778489,-38.65993253344244,-9.385834788359723,41.8641256263415,0.0,0.0
0.0,0.0,-0.7093578747044778,0.0,-0.9254557840785405,-0.0533263288286224,0.0,0.0,0.0,0.0,0.000564983275780351,0.05574584552614642,0.09032944614704255,-0.00023217940889499265,6.679696739659501,-38.301542416778226,-9.6818452050701,42.12205113477554,0.0,0.0
0.0,0.0,-0.732948476708846,0.0,-0.9335561987058073,-0.052407001092897504,0.0,0.0,0.0,0.0,0.0005663004596927308,0.050446221287079124,0.07444947298081343,-0.00020412938753362089,6.764647213441137,-36.99264109163882,-8.5462850522301,39.70995771473882,0.0,0.0
0.0,0.0,-0.7293506020101443,0.0,-0.8953208995488751,-0.052655537934150565,0.0,0.0,0.0,0.0,0.0005544500383432032,0.0562315127808071,0.08431819950750638,-0.00022593922231320233,6.353590939113382,-36.568723242671325,-8.999325597135455,40.07657994742821,0.0,0.0
0.0,0.0,-0.7320576923545042,-0.10958737072759618,-1.150973797790333,-0.05120894482715125,0.0,0.0,0.0,0.0,0.000994488280225966,0.08299575559481569,0.138569222728286,-0.000331299622289347,7.288181365341407,-40.22059443403177,-9.564806098780457,43.495901924945855,0.0,0.0
0.0,0.0,-0.7544878670855599,0.0,-0.911546999797239,-0.05158088250214434,0.0,0.0,0.0,0.0,0.0005515767521982731,0.04615964076946893,0.05644804472978384,-0.00017907473926370235,7.16885493055753,-39.507319793737516,-9.432728643613478,42.789023784337644,0.0,0.0
0.0,0.0,-0.7337684276710508,0.0,-0.8808033888586401,-0.05223910543190855,0.0,0.0,0.0,0.0,0.0005365706474876019,0.06394826607354816,0.10223359801328118,-0.00025881490668378746,7.354419591518959,-41.449914267418706,-10.253966457725932,45.28576177332207,0.0,0.0
0.0,0.0,-0.7422544360277062,0.0,-0.8923605408199362,-0.05290519262530129,0.0,0.0,0.0,0.0,0.0005473648158977652,0.05491346983644142,0.07540075961141153,-0.0002162560256685198,6.936023158187422,-39.67260996048677,-9.849703047871184,43.513241175264014,0.0,0.0
0.0,0.0,-0.7310878932574925,0.0,-0.8570375973988376,-0.0507753222570061,0.0,0.0,0.0,0.0,0.0005174196571531826,0.05032934867868027,0.06353901660734321,-0.00019757079002526406,7.354450848114524,-41.09201778519989,-10.305105386281209,44.99783032622104,0.0,0.0
0.0,0.0,-0.7252094184474709,0.0,-0.9042194931557461,-0.05228946503405405,0.0,0.0,0.0,0.0,0.0005491209870771611,0.05151952003997653,0.07530086736140011,-0.0002088154529633975,6.884166875394241,-38.08038684527894,-8.976113633173076,41.07819661648416,0.0,0.0
0.0,0.0,-0.7412313000954629,0.0,-0.8753644057459192,-0.05244780109414317,0.0,0.0,0.0,0.0,0.0005289399913667261,0.06983042567266004,0.11142045874469272,-0.0002775685018603938,6.97243404289802,-38.65472744058765,-9.078383695661753,41.700401136144706,0.0,0.0
0.0,0.0,-0.7528003783647642,0.0,-0.9043118008328123,-0.05271194679157309,0.0,0.0,0.0,0.0,0.0005435362703840802,0.05995690597934958,0.08969730456808118,-0.0002366233529264038,7.146019080788559,-39.65749494692491,-9.348929263341324,42.86762057477706,0.0,0.0
0.0,0.0,-0.7420659676753042,0.0,-0.9004564163662142,-0.05330326172350299,0.0,0.0,0.0,0.0,0.0005520680749411752,0.06806598472269611,0.10410204453940261,-0.00026787146295204756,6.828262534279717,-39.40428537622251,-9.824320304170042,43.29486478240738,0.0,0.0
0.0,0.0,-0.7255471750330118,0.0,-0.9139393773581445,-0.05324942741002399,0.0,0.0,0.0,0.0,0.0005592799968855382,0.0676591723829664,0.11122143930231257,-0.0002725960407335463,6.669209425223903,-37.61943027231873,-9.080089370570727,40.87418981030628,0.0,0.0
0.0,0.0,-0.7199593277371629,0.0,-0.9113139596368063,-0.05197326462610575,0.0,0.0,0.0,0.0,0.0005548988147987872,0.0588391505431302,0.0910129396932241,-0.0002372112523029303,6.922064914660273,-38.13594960594378,-9.156190417189096,41.2683728538756,0.0,0.0
0.0,0.0,-0.7418544902832437,0.0,-0.922040445744212,-0.05304178236892399,0.0,0.0,0.0,0.0,0.0005604454475259588,0.0558177150729502,0.09081512441536382,-0.00022911181907082746,6.764158704092297,-37.33823665193373,-8.457825510730736,39.984521961888,0.0,0.0
0.0,0.0,-0.7417504355707802,-0.10504671636165748,-1.176092229845074,-0.05259705262509955,0.0,0.0,0.0,0.0,0.001008997375719809,0.061819911820328435,0.10680884166905956,-0.0002554329499527727,6.488916821992764,-36.85035840904787,-8.881320979909141,40.13965804016486,0.0,0.0
0.0,0.0,-0.7423133108263911,0.0,-0.8689881885131719,-0.05283663915474514,0.0,0.0,0.0,0.0,0.0005246434950237549,0.055956949610123596,0.07680378963132108,-0.00021898042470072722,7.084697606050608,-38.93948442071625,-9.030737394332043,41.82617662919594,0.0,0.0
0.0,0.0,-0.7480997482977458,-0.12337693093034723,-1.2026475546535174,-0.052302227434739085,0.0,0.0,0.0,0.0,0.001060518447744078,0.06869541351037606,0.1048876465660232,-0.0002698960679733378,6.794965386868465,-37.85346848055144,-8.85951104123917,40.91598035332354,0.0,0.0
0.0,0.0,-0.7009648222741923,0.0,-0.8638132303200549,-0.052416553906703876,0.0,0.0,0.0,0.0,0.0005172698540407803,0.06843130185171678,0.11095844682109848,-0.0002769814050241881,7.107196075752049,-39.20990900323344,-9.373469122603558,42.29432592653606,0.0,0.0
0.0,0.0,-0.726116291478104,0.0,-0.9119683616319552,-0.053373067543646076,0.0,0.0,0.0,0.0,0.0005618436100636786,0.05990616535643266,0.09301888628327365,-0.00024262021246873516,6.688472675378435,-38.632327551390425,-9.70014871798196,42.49179214599758,0.0,0.0
0.0,0.0,-0.70732605947768,0.0,-0.870733185710856,-0.052438991364482414,0.0,0.0,0.0,0.0,0.0005254186877526973,0.057377766113516214,0.08527075682420805,-0.00023082762676183974,6.7019523117789594,-36.97353698292851,-8.786414132298164,39.88145315937818,0.0,0.0
0.0,0.0,-0.7369286088119059,0.0,-0.8977516134483345,-0.05236091809265547,0.0,0.0,0.0,0.0,0.0005420656790632673,0.05565730785113064,0.07693819388025332,-0.0002193005837487562,7.323102420510092,-41.94631186369174,-10.77006108221538,46.35177577709989,0.0,0.0
0.0,0.0,-0.7447906218358101,0.0,-0.9368718126183062,-0.05304674818640888,0.0,0.0,0.0,0.0,0.0005723637744789371,0.05102228949977771,0.07112109879045558,-0.00020269007117048064,7.04021301151666,-39.52931695625545,-9.382735313091073,42.84321852044671,0.0,0.0
0.0,0.0,-0.734403201953297,0.0,-0.8542308211922689,-0.053067391980691,0.0,0.0,0.0,0.0,0.0005172224003063278,0.06943847001237406,0.10236027287876243,-0.0002733245661289589,7.289321547559227,-42.45758769243184,-11.159459846666984,47.20719744276593,0.0,0.0
0.0,0.0,-0.7323475076754146,0.0,-0.8465657422299306,-0.051453604652321926,0.0,0.0,0.0,0.0,0.0005049377503727504,0.06184361981175994,0.09443194771920087,-0.00024579295834801807,7.016609080878367,-37.9228254762209,-8.655255069195027,40.50091356442522,0.0,0.0
0.0,0.0,-0.9716864920555007,0.0,-1.0718147969539138,-0.05362894916268716,0.0,0.0,0.0,0.0,0.0006108082303028371,0.0,0.0,0.0,9.975353777133156,-52.25193044308271,-11.966057882396779,55.93378773884382,0.0,0.0
0.0,0.0,-0.7185161653067978,0.0,-0.852818265963202,-0.05156870022098094,0.0,0.0,0.0,0.0,0.0005103904394726128,0.051134584458644966,0.07075560195920153,-0.00020309811368150483,6.845676021594538,-37.77537417418938,-9.063506861354904,40.85029522072816,0.0,0.0
0.0,0.0,-0.7427203389566938,0.0,-0.9009832727478005,-0.052305860349271094,0.0,0.0,0.0,0.0,0.0005385462079161168,0.05726132177667245,0.08402549330678197,-0.00022682903582993275,7.217054101782471,-39.84672475043329,-9.631605410377274,43.228905389166485,0.0,0.0
0.0,0.0,-0.7326926924243959,0.0,-0.8663983800585405,-0.05216316632328626,0.0,0.0,0.0,0.0,0.0005312744654785754,0.0540317600706426,0.07620887469889794,-0.00021646738852179706,6.750185272754766,-37.78578397939865,-8.88273519141551,40.858409766363394,0.0,0.0
0.0,0.0,-0.7273067880191191,0.0,-0.9327511246767224,-0.05249769210364148,0.0,0.0,0.0,0.0,0.0005642978091892454,0.043561816261983265,0.05876607279978925,-0.00017598374472607933,7.36045971554357,-40.86361672400251,-10.13406991534026,44.50984580946796,0.0,0.0
0.0,0.0,-0.7196629252491805,0.0,-0.9353181099168753,-0.052630950784859416,0.0,0.0,0.0,0.0,0.0005733084473781029,0.043048296555700256,0.06007741539034734,-0.00017715213174342972,7.030680686500518,-38.88100858972455,-9.336221051038317,42.03487503877773,0.0,0.0
0.0,0.0,-0.7261588197594799,0.0,-0.8510574533846372,-0.05156998387229227,0.0,0.0,0.0,0.0,0.0005245452013340217,0.06318815658087373,0.08938679854391882,-0.000247865620218619,6.536970910681978,-37.111377442450994,-8.89785594268391,40.39456192074627,0.0,0.0
0.0,0.0,-0.7351494470507085,0.0,-0.9282419633094149,-0.05340949777246592,0.0,0.0,0.0,0.0,0.0005708160738432023,0.05638755825365367,0.09052588130201507,-0.00023213275477732302,6.788687350281758,-38.207467612248195,-8.931954629422014,41.27880768215969,0.0,0.0
0.0,0.0,-0.7354393219445556,0.0,-0.9006829561317234,-0.052249728277801416,0.0,0.0,0.0,0.0,0.00054028233503188,0.060187933962327675,0.09250458975126036,-0.000239876130413939,7.965756226888468,-44.705752506694196,-11.510282115127936,49.16466771200204,0.0,0.0
0.0,0.0,-0.7468900418852851,0.0,-0.8638231017445286,-0.05227510483115101,0.0,0.0,0.0,0.0,0.0005261800180482978,0.060145291946304226,0.08936128669312604,-0.00023846788203064778,7.036123933046586,-40.174961717558446,-9.972908807464366,44.07899751402863,0.0,0.0
0.0,0.0,-0.7471843337262489,0.0,-0.8905697624414118,-0.05305869327810189,0.0,0.0,0.0,0.0,0.0005477803749432025,0.053807406135475494,0.07620452395276928,-0.00021411137037035454,6.3660812759488214,-35.980106151853306,-8.299840918064799,38.87106149229647,0.0,0.0
0.0,0.0,-0.7302661468273179,-0.11474502891539295,-1.1923153275288298,-0.05140909152991832,0.0,0.0,0.0,0.0,0.0010311815378059729,0.06592762082649432,0.10602764090461457,-0.00026568561155434453,7.4215542701318125,-41.34251439324893,-10.185298614565168,45.044332394642616,0.0,0.0
0.0,0.0,-0.9544689572070488,0.0,-1.120888958122139,-0.05269602557516725,0.0,0.0,0.0,0.0,0.0006388726665694067,0.0,0.0,0.0,10.226291176129818,-52.17797343767889,-11.79167458192465,55.40293728640862,0.0,0.0
0.0,0.0,-0.7275900885084942,0.0,-0.8805328173399984,-0.05229969382099526,0.0,0.0,0.0,0.0,0.0005391998943506278,0.0528465857763752,0.08103185987206096,-0.00021722512234822675,6.337449247470854,-35.03386583765222,-7.838669820621758,37.464155415892634,0.0,0.0
0.0,0.0,-0.7116691693165964,0.0,-0.9105840902869025,-0.052688211614605726,0.0,0.0,0.0,0.0,0.0005611634998524766,0.06930158679636941,0.1142143416141882,-0.00028287471645522595,6.727303617138666,-38.32427993981719,-9.462055090985595,41.912305840392754,0.0,0.0
1.6507279830401633,-0.006026929466598731,-0.7479814834956755,-0.163005744849279,-1.137572783962463,-0.0536761130600269,4.278592515803587e-6,0.0,0.0,0.0,0.0010983343783014556,0.06317972034497352,0.10407343905954441,-0.00025692347419102737,9.057312128437356,-47.63974603249303,-11.807197659708233,51.5301588241166,0.0,0.0
0.0,0.0,-0.7367655910388607,0.0,-0.9243895065528641,-0.05310878444612157,0.0,0.0,0.0,0.0,0.0005557301160636458,0.055937129248516376,0.07780455311895274,-0.00021980896636937826,7.273313181122153,-40.2450795826833,-9.699231163101532,43.593421991061106,0.0,0.0
0.0,0.0,-0.720224763817455,0.0,-0.8949066397209372,-0.05273399664140993,0.0,0.0,0.0,0.0,0.0005440400575325339,0.0485225907973281,0.06170188845127314,-0.00019228323984199695,7.030755648461801,-39.765645011532996,-10.068863519049756,43.63132283775207,0.0,0.0
0.0,0.0,-0.7464589352796092,0.0,-0.9351143569221223,-0.05326638198061679,0.0,0.0,0.0,0.0,0.000572507499476558,0.04589979234670012,0.0655026255324826,-0.00018733043193134744,6.958112552214152,-39.26507537808779,-9.524069311471298,42.75295463233374,0.0,0.0
0.0,0.0,-0.7410629911704432,0.0,-0.8994851429837518,-0.05221338815555873,0.0,0.0,0.0,0.0,0.0005500056269224018,0.05883966284366281,0.09253855458385465,-0.00023706640277759597,6.650834420971143,-37.7454138799957,-9.309622515221989,41.30193374635897,0.0,0.0
0.0,0.0,-0.9493039412432572,0.0,-1.1057749529995708,-0.0533941985353699,0.0,0.0,0.0,0.0,0.0006368666732687402,0.0,0.0,0.0,9.837614373182683,-50.993061882376296,-11.621079231344513,54.36166955591642,0.0,0.0
0.0,0.0,-0.7305959987047239,0.0,-0.8966678458898714,-0.051872767058328294,0.0,0.0,0.0,0.0,0.0005406629740874333,0.06147766062631231,0.0981951099595305,-0.00024889517171920337,6.966027352752753,-38.0653858638343,-8.921440820826076,40.95546081373654,0.0,0.0
0.0,0.0,-0.7272328391222229,-0.11385577341253827,-1.1462957446206696,-0.051185675179997954,0.0,0.0,0.0,0.0,0.0009933314228062122,0.07140098410408592,0.11704674293698905,-0.0002862544220510802,7.60757183768355,-42.39183156248871,-10.601418314822734,46.354726438835655,0.0,0.0
0.0,0.0,-0.7301532574871231,0.0,-0.8731639859520773,-0.05283184202110672,0.0,0.0,0.0,0.0,0.0005262745170052527,0.0657988906954638,0.10092541420832864,-0.0002611678755152984,6.647397648472561,-37.38327769816874,-8.945633714014258,40.58519941788332,0.0,0.0
0.0,0.0,-0.7143515723621496,0.0,-0.8517418063913418,-0.05310050050426574,0.0,0.0,0.0,0.0,0.0005238725440110966,0.0710136301759135,0.11798132226604024,-0.0002872618403458744,6.4980927089054346,-36.75936918099987,-8.637072904205084,39.71712405282057,0.0,0.0
0.0,0.0,-0.7349411683572981,0.0,-0.9319325630764068,-0.05406893455331556,0.0,0.0,0.0,0.0,0.0005658445927716473,0.05569107877180317,0.0883687425188922,-0.0002268105313988124,6.837801819328319,-38.82886650921756,-9.595828652627535,42.434593061740024,0.0,0.0
0.0,0.0,-0.7164973610535612,0.0,-0.822987611045441,-0.05137410888213726,0.0,0.0,0.0,0.0,0.0004896709970207921,0.056733130812141486,0.06952750392899111,-0.0002176616046739692,7.213184627128089,-39.73197527354674,-9.610991015408128,43.02292198443985,0.0,0.0
0.0,0.0,-0.7336692862217082,0.0,-0.8508135579811476,-0.0522260339967319,0.0,0.0,0.0,0.0,0.0005154085203395458,0.06387881210401893,0.09775610511550632,-0.00025239848811030123,6.376182253231822,-36.29004951767694,-8.841564591333434,39.64347864429978,0.0,0.0
0.0,0.0,-0.7406706253905393,0.0,-0.925693521886586,-0.05299970182407402,0.0,0.0,0.0,0.0,0.0005671368497644276,0.06369271770356284,0.09098939371386561,-0.0002489023783136396,6.8371051627412305,-38.807105728559236,-9.425943027728577,42.33151510758365,0.0,0.0
0.0,0.0,-0.7193956733215561,0.0,-0.8915480392400048,-0.051648897843880166,0.0,0.0,0.0,0.0,0.0005296822790402406,0.05240594889228761,0.07801953792653127,-0.00021234205175654455,7.194979612374141,-38.717661668417065,-9.012828137126519,41.43892661578785,0.0,0.0
0.0,0.0,-0.7359347948376597,0.0,-0.8992711017537109,-0.052766033209012374,0.0,0.0,0.0,0.0,0.0005534611970215016,0.05787309699671474,0.09237718570128609,-0.0002366799899376646,6.587510009553301,-36.901365390667166,-8.579222215609969,39.81937448608102,0.0,0.0
0.0,0.0,-0.7429433983608787,0.0,-0.9057579662608215,-0.052712698530020016,0.0,0.0,0.0,0.0,0.0005397092573354976,0.05692407316547267,0.08513352828042417,-0.00022479899503006934,7.868718100160884,-44.245905792786004,-11.447783877538217,48.72694465738102,0.0,0.0
0.0,0.0,-0.7359110418723704,0.0,-0.8911607995334888,-0.05338618157108508,0.0,0.0,0.0,0.0,0.0005333097597453974,0.061664329587113646,0.09072048089844467,-0.00024121699380813967,6.441954045622002,-36.07624608879399,-8.533429896781051,39.06169127108943,0.0,0.0
0.0,0.0,-0.7425357895489777,0.0,-0.8895181240159697,-0.05199217895812794,0.0,0.0,0.0,0.0,0.000526136640779552,0.05701920355782273,0.08374338767867599,-0.00022495613052917908,7.053466862664957,-38.53955959331914,-8.992200687736034,41.478675198090365,0.0,0.0
0.0,0.0,-0.7196957552769039,0.0,-0.9111092871750157,-0.05134261454212956,0.0,0.0,0.0,0.0,0.0005519171709443059,0.0656385375831769,0.10698186969814029,-0.000265953885189905,7.680970873627713,-41.98120238395564,-10.11013177635577,45.360257236803044,0.0,0.0
0.0,0.0,-0.7192871034156287,0.0,-0.9079713313745477,-0.05356013297386645,0.0,0.0,0.0,0.0,0.0005634448032896833,0.05146195523839916,0.06856144262047388,-0.00020478659718663802,5.770077782854502,-32.70067308197244,-7.413416275374303,35.177524835573415,0.0,0.0
0.0,0.0,-0.7539116713727444,0.0,-0.9151849929401331,-0.053097801476934436,0.0,0.0,0.0,0.0,0.0005538657068457996,0.05821670668684634,0.08933481757453517,-0.00023248822993246116,7.124546960715342,-39.758391651804466,-9.448969027999613,43.076340903964415,0.0,0.0
0.0,0.0,-0.7494380093613054,0.0,-0.9011497286571784,-0.05267774701806227,0.0,0.0,0.0,0.0,0.0005491774756937464,0.06081037193200044,0.09383890344221481,-0.00024316515393184163,7.006037070739313,-40.07319544988586,-9.971908778770239,44.00605100675664,0.0,0.0
0.0,0.0,-0.7022590475876351,0.0,-0.9088878389602302,-0.05251753279092852,0.0,0.0,0.0,0.0,0.0005475997031904742,0.06804676997186972,0.10173844410530634,-0.00026932847617325756,6.989496260626675,-38.55490694993466,-9.298492979811932,41.71277661701346,0.0,0.0
0.0,0.0,-0.7258342767884748,0.0,-0.8727843494727414,-0.05213360727397932,0.0,0.0,0.0,0.0,0.000534036368753366,0.05723503118553308,0.0841798351367616,-0.0002272795314673923,6.746547922529949,-37.88264175514021,-9.259017431995108,41.23865150359222,0.0,0.0
0.0,0.0,-0.7303575618631267,0.0,-0.8786272194128507,-0.052805803650140766,0.0,0.0,0.0,0.0,0.0005265393733880434,0.06305968042163532,0.10074974407573527,-0.0002543457062991983,7.180223634657731,-39.79708307938419,-9.425312615899552,42.95249784676166,0.0,0.0
0.0,0.0,-0.6977210511175997,0.0,-0.9035012247717571,-0.052831459806381535,0.0,0.0,0.0,0.0,0.0005491854207695857,0.06778329838338544,0.10333003825801282,-0.0002718767269428837,6.5854557235908375,-36.84600537200611,-8.999737894396503,40.049626877412116,0.0,0.0
0.0,0.0,-0.7476010069127406,0.0,-0.9048151827092352,-0.05294098982325737,0.0,0.0,0.0,0.0,0.0005460882073851305,0.05697205369501065,0.08798733308874412,-0.00022881225546381149,7.183304439604633,-39.7699309688715,-9.233417130691823,42.797144228074885,0.0,0.0
0.0,0.0,-0.7271433572521694,-0.10510800848677496,-1.1838707715717887,-0.053251387030941,0.0,0.0,0.0,0.0,0.0010087938595305216,0.05700759986732142,0.09247795618211567,-0.00023238654789245507,6.5362417838392535,-36.600557499114124,-8.732562278756602,39.61587552784259,0.0,0.0
0.0,0.0,-0.7478549710721427,0.0,-0.8758760413884481,-0.05181659115592341,0.0,0.0,0.0,0.0,0.000520697923990183,0.050203210992492024,0.07448812633541524,-0.00020266701406458553,7.576586808132411,-42.0017191285247,-10.244676061146302,45.68461232748189,0.0,0.0
0.0,0.0,-0.7289415546568817,0.0,-0.8538971266732422,-0.052337613795482026,0.0,0.0,0.0,0.0,0.0005090521040078013,0.021506402469620867,0.0,-8.051313713833607e-5,6.8706167290910205,-37.70844323244771,-8.656797549181244,40.39789325303376,0.0,0.0
0.0,0.0,-0.7550607924961577,0.0,-0.9018626487168527,-0.05360820299544063,0.0,0.0,0.0,0.0,0.0005488531551006982,0.055863267341734184,0.08992135382780934,-0.00022778220088789458,6.695264415492855,-38.57109272622934,-9.350831377224946,42.19345124744867,0.0,0.0
0.0,0.0,-0.7146345982939093,-0.14297740158253963,-1.2779009978758789,-0.05213253448405837,0.0,0.0,0.0,0.0,0.0011632980687042945,0.06899373151571545,0.10991862387393199,-0.0002770788114692643,6.879291632764727,-38.12559471759558,-9.17623555705365,41.29945682283072,0.0,0.0
0.0,0.0,-0.7145832223206685,0.0,-0.8578679673626188,-0.05203153493332615,0.0,0.0,0.0,0.0,0.0005196470145536736,0.06324776939960701,0.09364762117790784,-0.0002498576777012886,6.752061253396315,-37.47977409806103,-8.854160526205494,40.44142704826219,0.0,0.0
0.0,0.0,-0.7253488656039615,0.0,-0.8980404818174216,-0.05289065328176747,0.0,0.0,0.0,0.0,0.0005356543529282171,0.05063006163217832,0.06640259349559935,-0.00020016490971289954,7.384717602751782,-41.38703272126615,-10.310629615341952,45.22564979588708,0.0,0.0
0.0,0.0,-0.7331989243602486,0.0,-0.8780787000853849,-0.05268255628089287,0.0,0.0,0.0,0.0,0.0005257054638296577,0.05722395512377067,0.08262452782642148,-0.0002272829864905802,6.792565885881318,-37.97110812923314,-8.90749141093338,41.02937542610154,0.0,0.0
0.0,0.0,-0.7505017972473487,0.0,-0.9715405489896113,-0.053723794155101395,0.0,0.0,0.0,0.0,0.0005878980344329382,0.059832590469868656,0.09752198134804275,-0.0002411613783255472,7.238899816147626,-39.85397285851668,-9.341331106096312,42.91279771437505,0.0,0.0
0.0,0.0,-0.7272802049081305,0.0,-0.8958515415700447,-0.052470500404297585,0.0,0.0,0.0,0.0,0.000544958976176812,0.058113592894440354,0.07485888688755683,-0.00022416623333679212,6.526017134132246,-35.77508496383956,-8.00447312095753,38.17930146144074,0.0,0.0
0.0,0.0,-0.7196312732929597,-0.14894836808718326,-1.3148049015668153,-0.053121534829660665,0.0,0.0,0.0,0.0,0.0012058771393186384,0.06862333780232412,0.11609635987735345,-0.0002803145063599952,6.31679055602186,-35.11116028634361,-8.12740970125241,37.774897160223134,0.0,0.0
