term,coefficient
1,0.0
V,0.0
Bs,-0.6929180631210645
n,0.0
Pdyn,0.0
Dst_star,-0.04790123786283618
V^2,0.0
Bs^2,0.0
n^2,0.0
V*Bs,0.0
n*V,0.0005196595337899235
n*Bs,0.016631273895335846
Pdyn*Bs,0.0
n*V*Bs,-6.920963980013702e-5
n*V^2,-1.4748104360738998e-6
sin(ﾎｸ_c/2),8.326812122307805
sinﾂｲ(ﾎｸ_c/2),-46.42987414561538
sin竅ｴ(ﾎｸ_c/2),-12.115751533668123
sin^(8/3)(ﾎｸ_c/2),51.20910175620663
V*sinﾂｲ(ﾎｸ_c/2),0.0
Newell_d_ﾎｦ,0.0
