n_storms,rmse,n_active_terms,prediction_efficiency
1,4.8431605401442255,21,0.9959946607669641
2,4.564042094623008,21,0.9964430246389576
3,4.581200375351959,20,0.9964162298359894
5,4.406055898292028,21,0.9966850149093859
7,4.3514006577703235,21,0.996766746768111
10,4.308776137788249,21,0.9968297797472261
